# SSTK version 0.8.0
# 22
mtllib original-22.mtl
o Group11/mesh18/mesh18-geometry#mesh18-geometry
v 0.259855 -0.303018 0.530491
v 0.261021 -0.308536 0.530491
v 0.259318 -0.303018 0.525862
v 0.259318 -0.303018 0.535119
v 0.260441 -0.308536 0.525521
v 0.260441 -0.308536 0.535460
v 0.257736 -0.303018 0.521547
v 0.261601 -0.313700 0.530491
v 0.257736 -0.303018 0.539431
v 0.258745 -0.308536 0.520890
v 0.261002 -0.313700 0.525351
v 0.261002 -0.313700 0.535628
v 0.258745 -0.308536 0.540089
v 0.255224 -0.303018 0.517844
v 0.261660 -0.318523 0.530491
v 0.255224 -0.303018 0.543137
v 0.256049 -0.308536 0.516913
v 0.259248 -0.313700 0.520562
v 0.261061 -0.318523 0.525332
v 0.261061 -0.318523 0.535646
v 0.259248 -0.313700 0.540419
v 0.256049 -0.308536 0.544066
v 0.252533 -0.308536 0.513860
v 0.261263 -0.323011 0.530491
v 0.260678 -0.323011 0.535529
v 0.251950 -0.303018 0.545977
v 0.252823 -0.313700 0.513293
v 0.251950 -0.303018 0.515002
v 0.256459 -0.313700 0.516447
v 0.259299 -0.318523 0.520528
v 0.260678 -0.323011 0.525449
v 0.258956 -0.323011 0.540227
v 0.259299 -0.318523 0.540451
v 0.256459 -0.313700 0.544531
v 0.252533 -0.308536 0.547119
v 0.248588 -0.313700 0.511310
v 0.248436 -0.308536 0.511943
v 0.258956 -0.323011 0.520751
v 0.259914 -0.327169 0.535300
v 0.260473 -0.327169 0.530491
v 0.258271 -0.327169 0.539780
v 0.248135 -0.303018 0.547765
v 0.252852 -0.318523 0.513234
v 0.248604 -0.318523 0.511243
v 0.248135 -0.303018 0.513216
v 0.256501 -0.318523 0.516399
v 0.256219 -0.323011 0.516719
v 0.258271 -0.327169 0.521198
v 0.259914 -0.327169 0.525681
v 0.256219 -0.323011 0.544263
v 0.255660 -0.327169 0.543629
v 0.256501 -0.318523 0.544579
v 0.252823 -0.313700 0.547686
v 0.248436 -0.308536 0.549035
v 0.244044 -0.318523 0.510565
v 0.244044 -0.313700 0.510631
v 0.244044 -0.308536 0.511289
v 0.255660 -0.327169 0.517349
v 0.257303 -0.331007 0.539149
v 0.258833 -0.331007 0.534970
v 0.259355 -0.331007 0.530491
v 0.254870 -0.331007 0.542735
v 0.244044 -0.303018 0.548372
v 0.252652 -0.323011 0.513623
v 0.248500 -0.323011 0.511677
v 0.244044 -0.323011 0.511014
v 0.244044 -0.303018 0.512606
v 0.252259 -0.327169 0.514395
v 0.257303 -0.331007 0.521832
v 0.254870 -0.331007 0.518244
v 0.258833 -0.331007 0.526008
v 0.252852 -0.318523 0.547744
v 0.252652 -0.323011 0.547356
v 0.252259 -0.327169 0.546584
v 0.248588 -0.313700 0.549671
v 0.244044 -0.308536 0.549690
v 0.239586 -0.323011 0.511677
v 0.239485 -0.318523 0.511243
v 0.239498 -0.313700 0.511310
v 0.239650 -0.308536 0.511943
v 0.251700 -0.331007 0.515491
v 0.253890 -0.334528 0.541627
v 0.256105 -0.334528 0.538364
v 0.257494 -0.334528 0.534566
v 0.257971 -0.334528 0.530491
v 0.251700 -0.331007 0.545487
v 0.239950 -0.303018 0.547765
v 0.248295 -0.327169 0.512540
v 0.244044 -0.327169 0.511906
v 0.239791 -0.327169 0.512540
v 0.239950 -0.303018 0.513216
v 0.248005 -0.331007 0.513761
v 0.256105 -0.334528 0.522614
v 0.253890 -0.334528 0.519351
v 0.251007 -0.334528 0.516849
v 0.257494 -0.334528 0.526413
v 0.248604 -0.318523 0.549735
v 0.248500 -0.323011 0.549301
v 0.248295 -0.327169 0.548439
v 0.244044 -0.313700 0.550347
v 0.239650 -0.308536 0.549035
v 0.235827 -0.327169 0.514395
v 0.235433 -0.323011 0.513623
v 0.235234 -0.318523 0.513234
v 0.235266 -0.313700 0.513293
v 0.235556 -0.308536 0.513860
v 0.247648 -0.334528 0.515276
v 0.251007 -0.334528 0.544129
v 0.254729 -0.337744 0.537467
v 0.255961 -0.337744 0.534103
v 0.256382 -0.337744 0.530491
v 0.248005 -0.331007 0.547217
v 0.236136 -0.303018 0.545977
v 0.244044 -0.331007 0.513173
v 0.240081 -0.331007 0.513761
v 0.236389 -0.331007 0.515491
v 0.236136 -0.303018 0.515002
v 0.244044 -0.334528 0.514738
v 0.252770 -0.337744 0.540358
v 0.255961 -0.337744 0.526879
v 0.254729 -0.337744 0.523511
v 0.252770 -0.337744 0.520621
v 0.250212 -0.337744 0.518403
v 0.244044 -0.318523 0.550414
v 0.244044 -0.323011 0.549967
v 0.244044 -0.327169 0.549072
v 0.239498 -0.313700 0.549671
v 0.235556 -0.308536 0.547119
v 0.233216 -0.331007 0.518244
v 0.232426 -0.327169 0.517349
v 0.231867 -0.323011 0.516719
v 0.231587 -0.318523 0.516399
v 0.231630 -0.313700 0.516447
v 0.232040 -0.308536 0.516913
v 0.244044 -0.337744 0.516535
v 0.250212 -0.337744 0.542575
v 0.247648 -0.334528 0.545703
v 0.253235 -0.340659 0.536490
v 0.254295 -0.340659 0.533597
v 0.254657 -0.340659 0.530491
v 0.247236 -0.337744 0.517009
v 0.244044 -0.331007 0.547808
v 0.232862 -0.303018 0.543137
v 0.240440 -0.334528 0.515276
v 0.237081 -0.334528 0.516849
v 0.234196 -0.334528 0.519351
v 0.232862 -0.303018 0.517844
v 0.240850 -0.337744 0.517009
v 0.251548 -0.340659 0.538976
v 0.254295 -0.340659 0.527382
v 0.253235 -0.340659 0.524488
v 0.251548 -0.340659 0.522002
v 0.249349 -0.340659 0.520094
v 0.239485 -0.318523 0.549735
v 0.239586 -0.323011 0.549301
v 0.239791 -0.327169 0.548439
v 0.235266 -0.313700 0.547686
v 0.232040 -0.308536 0.544066
v 0.230783 -0.331007 0.521832
v 0.229814 -0.327169 0.521198
v 0.229130 -0.323011 0.520751
v 0.228787 -0.318523 0.520528
v 0.228838 -0.313700 0.520562
v 0.229341 -0.308536 0.520890
v 0.246791 -0.340659 0.518896
v 0.241297 -0.340659 0.518896
v 0.249349 -0.340659 0.540885
v 0.247236 -0.337744 0.543970
v 0.244044 -0.334528 0.546240
v 0.251676 -0.343280 0.535473
v 0.252557 -0.343280 0.533070
v 0.252855 -0.343280 0.530491
v 0.252557 -0.343280 0.527909
v 0.240081 -0.331007 0.547217
v 0.229341 -0.308536 0.540089
v 0.237874 -0.337744 0.518403
v 0.235319 -0.337744 0.520621
v 0.231984 -0.334528 0.522614
v 0.230349 -0.303018 0.521547
v 0.244044 -0.340659 0.518486
v 0.238737 -0.340659 0.520094
v 0.250275 -0.343280 0.537536
v 0.250105 -0.345615 0.534449
v 0.250805 -0.345615 0.532540
v 0.251676 -0.343280 0.525505
v 0.251045 -0.345615 0.530491
v 0.250805 -0.345615 0.528441
v 0.248450 -0.343280 0.521858
v 0.250275 -0.343280 0.523442
v 0.235234 -0.318523 0.547744
v 0.235433 -0.323011 0.547356
v 0.235827 -0.327169 0.546584
v 0.231630 -0.313700 0.544531
v 0.230349 -0.303018 0.539431
v 0.228838 -0.313700 0.540419
v 0.233357 -0.337744 0.523511
v 0.229253 -0.331007 0.526008
v 0.228172 -0.327169 0.525681
v 0.227411 -0.323011 0.525449
v 0.227028 -0.318523 0.525332
v 0.227083 -0.313700 0.525351
v 0.227645 -0.308536 0.525521
v 0.246325 -0.343280 0.520863
v 0.241763 -0.343280 0.520863
v 0.244044 -0.343280 0.520522
v 0.242232 -0.345615 0.522841
v 0.236538 -0.340659 0.522002
v 0.246791 -0.340659 0.542085
v 0.248450 -0.343280 0.539120
v 0.246325 -0.343280 0.540118
v 0.244044 -0.337744 0.544446
v 0.240440 -0.334528 0.545703
v 0.247545 -0.345615 0.537347
v 0.248993 -0.345615 0.536088
v 0.248583 -0.347670 0.533453
v 0.249107 -0.347670 0.532024
v 0.246663 -0.347670 0.535622
v 0.247749 -0.347670 0.534680
v 0.250105 -0.345615 0.526530
v 0.248993 -0.345615 0.524890
v 0.236389 -0.331007 0.545487
v 0.227645 -0.308536 0.535460
v 0.227083 -0.313700 0.535628
v 0.234853 -0.340659 0.524488
v 0.230592 -0.334528 0.526413
v 0.232125 -0.337744 0.526879
v 0.228768 -0.303018 0.525862
v 0.245854 -0.345615 0.522841
v 0.247545 -0.345615 0.523634
v 0.237813 -0.343280 0.523442
v 0.239636 -0.343280 0.521858
v 0.240544 -0.345615 0.523634
v 0.244044 -0.345615 0.522572
v 0.245854 -0.345615 0.538138
v 0.244044 -0.345615 0.538407
v 0.244044 -0.343280 0.540456
v 0.244044 -0.340659 0.542492
v 0.246586 -0.349453 0.533368
v 0.247159 -0.349453 0.532524
v 0.245841 -0.349453 0.534015
v 0.245554 -0.350973 0.532197
v 0.244044 -0.347670 0.536418
v 0.244044 -0.349453 0.534558
v 0.245399 -0.347670 0.536216
v 0.244973 -0.349453 0.534419
v 0.249107 -0.347670 0.528955
v 0.247749 -0.347670 0.526298
v 0.248583 -0.347670 0.527525
v 0.231587 -0.318523 0.544579
v 0.231867 -0.323011 0.544263
v 0.232426 -0.327169 0.543629
v 0.228787 -0.318523 0.540451
v 0.228768 -0.303018 0.535119
v 0.227028 -0.318523 0.535646
v 0.233791 -0.340659 0.527382
v 0.228731 -0.331007 0.530491
v 0.227613 -0.327169 0.530491
v 0.226823 -0.323011 0.530491
v 0.226426 -0.318523 0.530491
v 0.226487 -0.313700 0.530491
v 0.227068 -0.308536 0.530491
v 0.228231 -0.303018 0.530491
v 0.239093 -0.345615 0.524890
v 0.242687 -0.347670 0.524765
v 0.241763 -0.343280 0.540118
v 0.241297 -0.340659 0.542085
v 0.242232 -0.345615 0.538138
v 0.241422 -0.347670 0.535622
v 0.240544 -0.345615 0.537347
v 0.242687 -0.347670 0.536216
v 0.240850 -0.337744 0.543970
v 0.237081 -0.334528 0.544129
v 0.245109 -0.350973 0.532580
v 0.247518 -0.349453 0.531542
v 0.249285 -0.347670 0.530491
v 0.243113 -0.349453 0.534419
v 0.242535 -0.350973 0.532197
v 0.241500 -0.349453 0.533368
v 0.242194 -0.350973 0.531696
v 0.242245 -0.349453 0.534015
v 0.242977 -0.350973 0.532580
v 0.243491 -0.350973 0.532820
v 0.244044 -0.350973 0.532902
v 0.244595 -0.350973 0.532820
v 0.243397 -0.352232 0.531220
v 0.243586 -0.352232 0.531385
v 0.243807 -0.352232 0.531489
v 0.244044 -0.352232 0.531523
v 0.244499 -0.352232 0.531385
v 0.244688 -0.352232 0.531220
v 0.246663 -0.347670 0.525356
v 0.233216 -0.331007 0.542735
v 0.235532 -0.343280 0.527909
v 0.236410 -0.343280 0.525505
v 0.230118 -0.334528 0.530491
v 0.233429 -0.340659 0.530491
v 0.237981 -0.345615 0.526530
v 0.240336 -0.347670 0.526298
v 0.244044 -0.347670 0.524563
v 0.245399 -0.347670 0.524765
v 0.241422 -0.347670 0.525356
v 0.239636 -0.343280 0.539120
v 0.240336 -0.347670 0.534680
v 0.239093 -0.345615 0.536088
v 0.240927 -0.349453 0.532524
v 0.237874 -0.337744 0.542575
v 0.247640 -0.349453 0.530491
v 0.246176 -0.350973 0.530491
v 0.247518 -0.349453 0.529437
v 0.245892 -0.350973 0.531696
v 0.246105 -0.350973 0.531113
v 0.244835 -0.352232 0.531007
v 0.244925 -0.352232 0.530757
v 0.240568 -0.349453 0.531542
v 0.241981 -0.350973 0.531113
v 0.242535 -0.350973 0.528782
v 0.242194 -0.350973 0.529282
v 0.241500 -0.349453 0.527613
v 0.240568 -0.349453 0.529437
v 0.240927 -0.349453 0.528454
v 0.241981 -0.350973 0.529865
v 0.240446 -0.349453 0.530491
v 0.241910 -0.350973 0.530491
v 0.244499 -0.352232 0.529594
v 0.245109 -0.350973 0.528398
v 0.244688 -0.352232 0.529759
v 0.245554 -0.350973 0.528782
v 0.244279 -0.352232 0.529492
v 0.244595 -0.350973 0.528159
v 0.244044 -0.352232 0.529455
v 0.244044 -0.350973 0.528076
v 0.243491 -0.350973 0.528159
v 0.243807 -0.352232 0.529492
v 0.242977 -0.350973 0.528398
v 0.243586 -0.352232 0.529594
v 0.243397 -0.352232 0.529759
v 0.243251 -0.352232 0.529974
v 0.244044 -0.353243 0.530491
v 0.244835 -0.352232 0.529974
v 0.245892 -0.350973 0.529282
v 0.244925 -0.352232 0.530222
v 0.243161 -0.352232 0.530222
v 0.243129 -0.352232 0.530491
v 0.243161 -0.352232 0.530757
v 0.243251 -0.352232 0.531007
v 0.244279 -0.352232 0.531489
v 0.244957 -0.352232 0.530491
v 0.246105 -0.350973 0.529865
v 0.229130 -0.323011 0.540227
v 0.229814 -0.327169 0.539780
v 0.227411 -0.323011 0.535529
v 0.235231 -0.343280 0.530491
v 0.230592 -0.334528 0.534566
v 0.229253 -0.331007 0.534970
v 0.231704 -0.337744 0.530491
v 0.228172 -0.327169 0.535300
v 0.237281 -0.345615 0.528441
v 0.239503 -0.347670 0.527525
v 0.238982 -0.347670 0.528955
v 0.238737 -0.340659 0.540885
v 0.239503 -0.347670 0.533453
v 0.238982 -0.347670 0.532024
v 0.237813 -0.343280 0.537536
v 0.235319 -0.337744 0.540358
v 0.234196 -0.334528 0.541627
v 0.247159 -0.349453 0.528454
v 0.246586 -0.349453 0.527613
v 0.245841 -0.349453 0.526966
v 0.243113 -0.349453 0.526559
v 0.242245 -0.349453 0.526966
v 0.230783 -0.331007 0.539149
v 0.233791 -0.340659 0.533597
v 0.235532 -0.343280 0.533070
v 0.232125 -0.337744 0.534103
v 0.237044 -0.345615 0.530491
v 0.238803 -0.347670 0.530491
v 0.244044 -0.349453 0.526421
v 0.244973 -0.349453 0.526559
v 0.237981 -0.345615 0.534449
v 0.237281 -0.345615 0.532540
v 0.236538 -0.340659 0.538976
v 0.234853 -0.340659 0.536490
v 0.236410 -0.343280 0.535473
v 0.231984 -0.334528 0.538364
v 0.233357 -0.337744 0.537467
vt -9.164847 6.260563
vt -9.158668 6.260965
vt -9.164972 6.265779
vt -9.178831 6.253679
vt -9.178863 6.247585
vt -9.172652 6.25408
vt -9.158802 6.266565
vt -9.172687 6.247538
vt -9.132242 6.281893
vt -9.126073 6.282678
vt -9.132516 6.285875
vt -9.152751 6.263878
vt -9.147039 6.263838
vt -9.152885 6.269478
vt -9.165901 6.257404
vt -9.165936 6.250862
vt -9.160189 6.257365
vt -9.17209 6.25092
vt -9.172278 6.244363
vt -9.165914 6.250872
vt -9.126367 6.286954
vt -9.147178 6.26963
vt -9.160225 6.250598
vt -9.166116 6.243833
vt -9.085312 6.309115
vt -9.079163 6.310194
vt -9.085716 6.311592
vt -9.120976 6.285188
vt -9.115268 6.285339
vt -9.12127 6.289463
vt -9.138137 6.268221
vt -9.132874 6.267792
vt -9.138275 6.274012
vt -9.150168 6.262298
vt -9.150204 6.255532
vt -9.144905 6.261868
vt -9.158266 6.254637
vt -9.158468 6.247598
vt -9.152556 6.254374
vt -9.144785 6.257899
vt -9.145115 6.251326
vt -9.138622 6.257369
vt -9.079597 6.312853
vt -9.115572 6.289761
vt -9.133013 6.273603
vt -9.144942 6.255079
vt -9.152764 6.247094
vt -9.138977 6.250312
vt -9.025895 6.339292
vt -9.026439 6.340155
vt -9.032015 6.338031
vt -9.074978 6.312254
vt -9.06928 6.312552
vt -9.075412 6.314914
vt -9.107762 6.289035
vt -9.1025 6.288625
vt -9.108066 6.293456
vt -9.121321 6.27348
vt -9.116491 6.272711
vt -9.12146 6.279291
vt -9.132034 6.261434
vt -9.127203 6.260818
vt -9.131997 6.268223
vt -9.14166 6.259738
vt -9.141869 6.252458
vt -9.136397 6.259286
vt -9.130036 6.261596
vt -9.130391 6.254539
vt -9.124332 6.261092
vt -9.100421 6.27333
vt -9.100871 6.267189
vt -9.094283 6.272316
vt -9.023471 6.341616
vt -9.022927 6.340754
vt -9.017807 6.342034
vt -9.032522 6.338834
vt -9.069729 6.315302
vt -9.102805 6.293062
vt -9.127167 6.267455
vt -9.116626 6.278391
vt -9.117875 6.265411
vt -9.122706 6.266026
vt -9.11808 6.25827
vt -9.136607 6.251981
vt -9.124699 6.253794
vt -9.094766 6.265723
vt -9.017244 6.341142
vt -8.972229 6.364474
vt -8.972868 6.363447
vt -8.977893 6.364055
vt -8.97898 6.36352
vt -8.979598 6.362527
vt -8.985062 6.3622
vt -9.063561 6.315368
vt -9.0583 6.314973
vt -9.06401 6.318118
vt -9.093189 6.297796
vt -9.092884 6.293359
vt -9.088349 6.296797
vt -9.112183 6.268213
vt -9.107767 6.267461
vt -9.112148 6.274849
vt -9.088051 6.29246
vt -9.10298 6.279363
vt -9.098565 6.278307
vt -9.103115 6.285043
vt -9.122915 6.258721
vt -9.102439 6.265971
vt -9.098014 6.265546
vt -9.102234 6.273111
vt -9.112878 6.266731
vt -9.113245 6.259433
vt -9.107616 6.266254
vt -9.084883 6.276944
vt -9.085366 6.270351
vt -9.079191 6.276199
vt -9.048275 6.293084
vt -9.048815 6.287793
vt -9.04217 6.291618
vt -9.014427 6.343698
vt -9.013864 6.342806
vt -9.009169 6.343316
vt -8.972516 6.36362
vt -8.971877 6.364647
vt -8.967261 6.363234
vt -8.978511 6.363062
vt -8.985638 6.361275
vt -9.058751 6.317733
vt -9.046471 6.317414
vt -9.046911 6.320112
vt -9.051311 6.318414
vt -9.097818 6.272359
vt -9.107733 6.273793
vt -9.077218 6.302277
vt -9.076919 6.29794
vt -9.072783 6.300761
vt -9.098695 6.283726
vt -9.089003 6.272586
vt -9.093839 6.273037
vt -9.089363 6.265428
vt -9.069374 6.279646
vt -9.0738 6.280071
vt -9.069718 6.272817
vt -9.107985 6.258931
vt -9.079691 6.269381
vt -9.04275 6.285938
vt -9.008605 6.342421
vt -8.96662 6.364265
vt -8.947625 6.372901
vt -8.948298 6.370015
vt -8.95288 6.373287
vt -8.949567 6.374918
vt -8.950238 6.372042
vt -8.95521 6.374534
vt -8.953388 6.375431
vt -8.954037 6.372649
vt -8.959428 6.374178
vt -9.051761 6.321174
vt -9.039106 6.323955
vt -9.038666 6.321257
vt -9.034652 6.322315
vt -9.0815 6.273676
vt -9.077469 6.273279
vt -9.081305 6.280489
vt -9.091659 6.275392
vt -9.087641 6.27453
vt -9.091625 6.281724
vt -9.072499 6.296623
vt -9.034232 6.319741
vt -9.08402 6.285468
vt -9.080004 6.284175
vt -9.08415 6.290887
vt -9.094207 6.265714
vt -9.07416 6.272913
vt -9.05415 6.280481
vt -9.050095 6.280549
vt -9.053807 6.287311
vt -9.067708 6.281852
vt -9.068208 6.275034
vt -9.062448 6.28135
vt -9.032526 6.296366
vt -9.033105 6.290686
vt -9.02685 6.295396
vt -9.003589 6.31006
vt -9.004181 6.30598
vt -8.997523 6.308204
vt -9.005582 6.345082
vt -9.005017 6.344187
vt -9.000719 6.344001
vt -8.967723 6.363006
vt -8.967082 6.364037
vt -8.962846 6.361948
vt -8.952961 6.367719
vt -8.952287 6.370606
vt -8.948068 6.366726
vt -8.953551 6.37041
vt -8.955859 6.371752
vt -8.960032 6.371588
vt -9.000167 6.343126
vt -8.992162 6.343234
vt -8.992689 6.344069
vt -8.996617 6.344874
vt -9.049775 6.286913
vt -9.077286 6.279628
vt -9.087609 6.280431
vt -9.06091 6.306607
vt -9.060626 6.302469
vt -9.056866 6.304663
vt -9.026581 6.326289
vt -9.026161 6.323715
vt -9.022508 6.32417
vt -9.080125 6.289225
vt -9.049529 6.28771
vt -9.050031 6.280868
vt -9.044685 6.287424
vt -9.031223 6.294051
vt -9.031714 6.287364
vt -9.026781 6.293955
vt -9.013715 6.300388
vt -9.014184 6.294007
vt -9.00966 6.300456
vt -9.06295 6.274508
vt -9.02745 6.289521
vt -8.998159 6.303824
vt -8.962219 6.362955
vt -8.94741 6.369547
vt -8.963958 6.358903
vt -8.964603 6.35446
vt -8.968851 6.359896
vt -8.960596 6.36396
vt -8.961256 6.359415
vt -8.965849 6.364356
vt -8.958656 6.367897
vt -8.959314 6.363368
vt -8.964277 6.367608
vt -8.958587 6.37041
vt -8.959222 6.36603
vt -8.964582 6.369348
vt -8.997169 6.345749
vt -8.989408 6.345684
vt -8.988881 6.344849
vt -8.985299 6.343508
vt -9.03516 6.287902
vt -9.031477 6.288107
vt -9.03484 6.294266
vt -9.06116 6.281308
vt -9.057507 6.280938
vt -9.060978 6.287657
vt -9.071502 6.282476
vt -9.067864 6.281531
vt -9.07147 6.288376
vt -9.056601 6.300807
vt -9.022117 6.321771
vt -8.984808 6.34273
vt -9.065388 6.291371
vt -9.061754 6.289893
vt -9.065509 6.296421
vt -9.045176 6.280736
vt -9.027249 6.287574
vt -9.010097 6.29451
vt -9.016232 6.300623
vt -9.016831 6.294749
vt -9.010973 6.300098
vt -8.988906 6.312447
vt -8.989542 6.308067
vt -8.98325 6.311282
vt -8.98183 6.316984
vt -8.982435 6.314394
vt -8.975809 6.314828
vt -8.964082 6.361339
vt -8.963456 6.362346
vt -8.959574 6.359706
vt -8.953716 6.363945
vt -8.953058 6.366767
vt -8.949177 6.362442
vt -8.973284 6.350186
vt -8.972639 6.354629
vt -8.968716 6.348886
vt -8.96951 6.355351
vt -8.966507 6.359826
vt -8.964913 6.363228
vt -8.965174 6.365268
vt -8.958976 6.360667
vt -8.956723 6.357577
vt -8.95728 6.356681
vt -8.960832 6.359753
vt -8.997768 6.306311
vt -8.998205 6.300365
vt -8.994085 6.306516
vt -9.031186 6.293896
vt -9.057341 6.286712
vt -9.067835 6.286898
vt -9.045041 6.310484
vt -9.044776 6.306628
vt -9.041372 6.3082
vt -9.014698 6.328014
vt -9.014307 6.325616
vt -9.010994 6.325514
vt -8.982457 6.344907
vt -8.981966 6.344129
vt -8.978708 6.342336
vt -9.061864 6.294486
vt -9.000091 6.305455
vt -9.000692 6.299561
vt -8.995235 6.305323
vt -8.98488 6.310422
vt -8.985468 6.30466
vt -8.980415 6.310632
vt -8.971268 6.315136
vt -8.971829 6.309638
vt -8.967181 6.315638
vt -9.011574 6.294203
vt -8.983908 6.306752
vt -8.976457 6.312047
vt -8.948549 6.365133
vt -8.9681 6.353125
vt -9.011828 6.327661
vt -9.012389 6.322163
vt -9.016397 6.328961
vt -9.006421 6.333872
vt -9.007009 6.32811
vt -9.011328 6.334763
vt -9.00066 6.340015
vt -9.001261 6.334121
vt -9.005911 6.340427
vt -8.995335 6.345633
vt -8.995935 6.339759
vt -9.000934 6.345494
vt -8.991183 6.350294
vt -8.991763 6.344614
vt -8.997135 6.349533
vt -8.96143 6.358792
vt -8.959535 6.355571
vt -8.958978 6.356467
vt -8.955736 6.353081
vt -8.994482 6.301108
vt -9.01764 6.300565
vt -9.017931 6.294777
vt -9.014347 6.300223
vt -9.042125 6.294203
vt -9.042291 6.288429
vt -9.038852 6.293203
vt -9.052598 6.289047
vt -9.049325 6.288047
vt -9.052569 6.294414
vt -9.041131 6.304693
vt -9.010638 6.323332
vt -8.978262 6.341629
vt -8.955229 6.353896
vt -9.047892 6.296717
vt -9.044622 6.295105
vt -9.048002 6.301311
vt -8.995823 6.299562
vt -8.980976 6.305135
vt -8.967704 6.310516
vt -8.974761 6.315461
vt -8.975419 6.310932
vt -8.969505 6.314915
vt -8.970001 6.317687
vt -8.97065 6.314906
vt -8.964367 6.316373
vt -8.98924 6.311043
vt -8.989815 6.310118
vt -8.983263 6.308696
vt -8.955313 6.359421
vt -8.954685 6.362113
vt -8.951121 6.357493
vt -8.977153 6.344732
vt -8.976538 6.348971
vt -8.972919 6.343093
vt -9.021021 6.317914
vt -9.02046 6.323411
vt -9.016749 6.31665
vt -9.016984 6.323199
vt -9.01193 6.328869
vt -9.00651 6.334552
vt -9.001514 6.339814
vt -8.997675 6.344243
vt -8.950535 6.360002
vt -8.952856 6.354498
vt -8.953389 6.352217
vt -8.956656 6.356988
vt -8.98386 6.311551
vt -8.984256 6.306143
vt -8.980534 6.311868
vt -8.95967 6.319336
vt -8.960193 6.314213
vt -8.955948 6.32008
vt -9.014605 6.295094
vt -9.038999 6.288086
vt -9.049299 6.292802
vt -9.030017 6.310165
vt -9.026734 6.308029
vt -9.030258 6.313672
vt -9.003497 6.326847
vt -9.000187 6.324312
vt -9.003853 6.329029
vt -8.975943 6.34277
vt -8.972592 6.339986
vt -8.976389 6.343478
vt -8.957651 6.352703
vt -8.95425 6.349838
vt -8.958158 6.351888
vt -9.044719 6.299175
vt -8.961802 6.318707
vt -8.962462 6.314162
vt -8.956934 6.318708
vt -8.95059 6.321831
vt -8.951235 6.317389
vt -8.946098 6.322306
vt -8.941453 6.324593
vt -8.942069 6.320354
vt -8.937328 6.32547
vt -8.970165 6.31037
vt -8.965038 6.313496
vt -8.983881 6.307703
vt -8.972346 6.347044
vt -9.016226 6.321772
vt -9.067474 6.291676
vt -9.06791 6.28573
vt -9.071746 6.29294
vt -9.064192 6.296659
vt -9.06466 6.290278
vt -9.068787 6.297695
vt -9.058832 6.302596
vt -9.059323 6.295909
vt -9.063753 6.303355
vt -9.051925 6.309178
vt -9.052427 6.302336
vt -9.057174 6.309609
vt -9.044294 6.31595
vt -9.044795 6.309132
vt -9.049873 6.316005
vt -9.036867 6.322408
vt -9.037351 6.315815
vt -9.042779 6.322036
vt -8.957241 6.35448
vt -8.959092 6.349409
vt -8.95856 6.35169
vt -8.955572 6.346897
vt -8.980886 6.307076
vt -8.956423 6.31542
vt -9.002637 6.305988
vt -9.002895 6.300859
vt -8.99969 6.305673
vt -9.025327 6.299861
vt -9.025474 6.294745
vt -9.022401 6.298831
vt -9.035548 6.299572
vt -9.035573 6.294817
vt -9.032625 6.297877
vt -9.026948 6.311137
vt -9.000503 6.326245
vt -8.972988 6.340613
vt -8.954699 6.349116
vt -9.032106 6.301267
vt -9.029183 6.299571
vt -9.032203 6.305337
vt -8.957579 6.314265
vt -8.946714 6.318067
vt -8.937902 6.32152
vt -8.959322 6.318857
vt -8.959993 6.31598
vt -8.954067 6.318295
vt -8.981755 6.309438
vt -8.982373 6.308445
vt -8.976144 6.308029
vt -9.019282 6.295611
vt -9.019789 6.296414
vt -9.013347 6.293196
vt -8.980564 6.33933
vt -8.979991 6.34328
vt -8.97666 6.337424
vt -9.023656 6.313249
vt -9.023133 6.318372
vt -9.019704 6.311806
vt -9.07292 6.283263
vt -9.072484 6.28921
vt -9.068929 6.282359
vt -9.072214 6.286559
vt -9.069278 6.291008
vt -9.064255 6.296513
vt -9.057674 6.302791
vt -9.050357 6.309412
vt -9.04323 6.315896
vt -8.976138 6.341017
vt -8.955101 6.348918
vt -8.979136 6.335295
vt -8.979598 6.332112
vt -8.982656 6.337808
vt -8.972168 6.315987
vt -8.97252 6.311195
vt -8.969185 6.31639
vt -8.950206 6.322906
vt -8.950682 6.318247
vt -8.946836 6.32384
vt -8.934433 6.326896
vt -8.935006 6.322945
vt -8.930663 6.328103
vt -8.999912 6.301262
vt -9.022527 6.29443
vt -9.032647 6.293786
vt -9.016788 6.312926
vt -9.013852 6.310661
vt -9.017002 6.316033
vt -8.993967 6.327374
vt -8.991001 6.324675
vt -8.994282 6.329307
vt -8.970802 6.340867
vt -8.967792 6.337897
vt -8.971198 6.341494
vt -8.956642 6.34866
vt -8.953577 6.345603
vt -8.957091 6.347938
vt -9.029267 6.303072
vt -8.950227 6.320186
vt -8.9509 6.3173
vt -8.945343 6.320289
vt -8.942985 6.32145
vt -8.943643 6.318629
vt -8.938464 6.322129
vt -8.937627 6.322541
vt -8.938255 6.319849
vt -8.93346 6.323707
vt -8.954741 6.315409
vt -8.976783 6.307002
vt -9.013892 6.294058
vt -9.019229 6.316466
vt -9.068532 6.287767
vt -9.114454 6.262815
vt -9.110462 6.261911
vt -9.114774 6.256451
vt -9.115697 6.265152
vt -9.111392 6.264322
vt -9.11604 6.258322
vt -9.114169 6.268907
vt -9.109551 6.268177
vt -9.114529 6.261749
vt -9.109822 6.274079
vt -9.10489 6.273475
vt -9.110191 6.266756
vt -9.097808 6.279994
vt -9.098176 6.272671
vt -9.103055 6.280449
vt -9.089093 6.287323
vt -9.08946 6.280025
vt -9.094655 6.287603
vt -9.079746 6.294943
vt -9.080101 6.287886
vt -9.085625 6.295023
vt -8.983178 6.334215
vt -8.960132 6.346441
vt -8.957004 6.343484
vt -8.960604 6.344419
vt -8.984872 6.329515
vt -8.98441 6.332699
vt -8.981614 6.327287
vt -8.969488 6.312268
vt -8.947257 6.319712
vt -8.931185 6.32451
vt -8.989984 6.310452
vt -8.990206 6.30604
vt -8.987367 6.310165
vt -9.010879 6.304504
vt -9.011005 6.300103
vt -9.008283 6.30347
vt -9.018185 6.298595
vt -9.018167 6.301991
vt -9.020781 6.299629
vt -9.020759 6.303719
vt -9.014036 6.313334
vt -8.968132 6.338437
vt -8.953963 6.344982
vt -9.015837 6.306079
vt -9.018444 6.308401
vt -9.015768 6.303172
vt -9.01836 6.3049
vt -9.005325 6.314859
vt -9.002718 6.312538
vt -9.005509 6.317532
vt -8.946002 6.317468
vt -8.939092 6.319437
vt -8.934045 6.321199
vt -8.975342 6.308424
vt -8.97598 6.307397
vt -8.97009 6.307853
vt -9.016627 6.291581
vt -9.017171 6.292444
vt -9.011036 6.290138
vt -9.052668 6.274967
vt -9.058566 6.277323
vt -9.053102 6.277627
vt -9.024805 6.309295
vt -9.024329 6.313955
vt -9.021171 6.307724
vt -9.071598 6.281045
vt -9.071201 6.286453
vt -9.067919 6.280089
vt -9.110754 6.256122
vt -9.111712 6.257958
vt -9.109894 6.261348
vt -9.10525 6.266317
vt -9.103422 6.273151
vt -9.09501 6.280546
vt -9.085956 6.28845
vt -9.02075 6.311852
vt -8.95741 6.341746
vt -8.981216 6.330025
vt -9.020937 6.307927
vt -9.021299 6.304376
vt -9.024195 6.310156
vt -8.962637 6.319613
vt -8.96294 6.315492
vt -8.959982 6.320075
vt -8.942756 6.325848
vt -8.943178 6.32172
vt -8.939724 6.326921
vt -8.929327 6.328761
vt -8.929848 6.325168
vt -8.925902 6.330225
vt -8.93396 6.323461
vt -8.934545 6.320952
vt -8.930139 6.325025
vt -8.987551 6.306502
vt -9.008388 6.299816
vt -8.979639 6.31397
vt -8.979823 6.310307
vt -8.977335 6.313711
vt -8.99886 6.30811
vt -8.998965 6.304455
vt -8.996577 6.3071
vt -9.006789 6.307593
vt -9.00451 6.305885
vt -9.006858 6.3105
vt -9.002871 6.314757
vt -8.991272 6.326337
vt -8.985806 6.327232
vt -8.983168 6.324457
vt -8.986077 6.328895
vt -8.964081 6.335933
vt -8.966822 6.339081
vt -8.963799 6.335485
vt -8.966482 6.338542
vt -8.970099 6.307848
vt -8.97074 6.306817
vt -8.965201 6.308016
vt -8.966011 6.307617
vt -8.966638 6.306609
vt -8.96146 6.308425
vt -8.962943 6.307695
vt -8.96354 6.306733
vt -8.958733 6.309044
vt -8.97073 6.306822
vt -9.011599 6.29103
vt -9.05897 6.2798
vt -9.060696 6.273888
vt -9.055139 6.272565
vt -9.060262 6.271229
vt -9.067568 6.284881
vt -9.107174 6.260763
vt -9.107432 6.255634
vt -9.110853 6.261718
vt -9.140414 6.243828
vt -9.136393 6.243499
vt -9.140596 6.237479
vt -9.111144 6.25593
vt -9.143131 6.244984
vt -9.138804 6.24462
vt -9.143327 6.238171
vt -9.142845 6.247807
vt -9.138211 6.247407
vt -9.14305 6.240667
vt -9.139394 6.252378
vt -9.134454 6.251939
vt -9.139604 6.245073
vt -9.12783 6.258072
vt -9.12804 6.250767
vt -9.133076 6.258551
vt -9.119065 6.265449
vt -9.119273 6.258169
vt -9.124615 6.26597
vt -9.10915 6.273584
vt -9.109352 6.266545
vt -9.115004 6.274149
vt -9.024617 6.306027
vt -8.953373 6.340847
vt -8.95618 6.34389
vt -8.953053 6.341363
vt -8.961246 6.341396
vt -8.95844 6.338353
vt -8.961652 6.339657
vt -8.98569 6.32528
vt -8.985292 6.328018
vt -8.982747 6.322997
vt -8.982417 6.32527
vt -8.985764 6.321511
vt -8.985434 6.323785
vt -8.983133 6.319243
vt -9.065008 6.282857
vt -9.065311 6.278735
vt -9.068326 6.284508
vt -8.937052 6.328237
vt -8.937414 6.324686
vt -8.934346 6.329398
vt -8.960234 6.316653
vt -8.940087 6.32337
vt -8.926364 6.327042
vt -8.930671 6.322743
vt -8.932766 6.330176
vt -8.933067 6.327227
vt -8.930373 6.331374
vt -8.955071 6.322493
vt -8.955322 6.319071
vt -8.952729 6.322987
vt -8.977481 6.310801
vt -8.996661 6.304197
vt -8.971463 6.316602
vt -8.97161 6.313692
vt -8.969457 6.316372
vt -8.987309 6.307583
vt -8.987247 6.309756
vt -8.989316 6.307813
vt -8.952929 6.320269
vt -8.947326 6.323181
vt -8.947176 6.325217
vt -8.949419 6.321997
vt -8.94922 6.324715
vt -9.004565 6.308194
vt -8.993531 6.315449
vt -8.995855 6.318212
vt -8.993409 6.313686
vt -8.995702 6.315992
vt -8.976855 6.324844
vt -8.979226 6.32789
vt -8.976676 6.323747
vt -8.979001 6.326509
vt -8.983394 6.325838
vt -8.962891 6.335932
vt -8.96052 6.332886
vt -8.963173 6.33638
vt -8.955794 6.344511
vt -8.965827 6.307008
vt -8.962058 6.307463
vt -8.95929 6.308148
vt -9.014461 6.288451
vt -9.015024 6.289344
vt -9.009211 6.287877
vt -9.05469 6.269815
vt -9.088667 6.260118
vt -9.094534 6.262291
vt -9.088961 6.264393
vt -9.094096 6.253386
vt -9.099653 6.254709
vt -9.0944 6.257807
vt -9.068678 6.279716
vt -9.10578 6.256448
vt -9.105522 6.261577
vt -9.102377 6.256184
vt -9.136559 6.237724
vt -9.138986 6.238271
vt -9.131504 6.243783
vt -9.131651 6.238666
vt -9.135216 6.244078
vt -9.138406 6.240594
vt -9.134659 6.244798
vt -9.133285 6.251271
vt -9.124817 6.258931
vt -9.115193 6.267592
vt -8.952825 6.336857
vt -8.95532 6.339889
vt -8.952571 6.337266
vt -8.954999 6.340404
vt -8.958776 6.336909
vt -9.064684 6.279044
vt -9.064382 6.283165
vt -9.061629 6.278062
vt -9.02338 6.303352
vt -9.023017 6.306903
vt -9.020375 6.301671
vt -9.020074 6.304619
vt -9.018496 6.301833
vt -9.018735 6.299491
vt -9.021128 6.304101
vt -8.959645 6.332484
vt -8.962209 6.335219
vt -8.959377 6.333631
vt -8.961872 6.336663
vt -8.98287 6.321049
vt -9.021428 6.301152
vt -8.934646 6.326449
vt -8.919421 6.334541
vt -8.921876 6.332737
vt -8.919683 6.332735
vt -8.930612 6.329032
vt -8.922698 6.331931
vt -8.925788 6.330281
vt -8.923095 6.329193
vt -8.926251 6.327098
vt -8.93165 6.324281
vt -8.932182 6.321999
vt -8.928166 6.326155
vt -8.960681 6.308085
vt -8.961238 6.307189
vt -8.956807 6.309876
vt -8.969566 6.314193
vt -8.94485 6.326362
vt -8.944999 6.324327
vt -8.94309 6.326844
vt -8.963675 6.316709
vt -8.9636 6.318204
vt -8.965435 6.316227
vt -8.965325 6.318406
vt -8.989233 6.310716
vt -8.929573 6.331768
vt -8.929812 6.329425
vt -8.927479 6.332952
vt -8.943192 6.325446
vt -8.941817 6.32747
vt -8.94192 6.326073
vt -8.940326 6.327906
vt -8.920121 6.333654
vt -8.918196 6.335748
vt -8.919925 6.335006
vt -8.92549 6.333019
vt -8.925367 6.334222
vt -8.927353 6.331349
vt -8.927174 6.333102
vt -9.006078 6.302422
vt -9.006064 6.30512
vt -9.008361 6.303432
vt -9.008342 6.306828
vt -8.960745 6.333242
vt -8.98791 6.316394
vt -8.985914 6.314176
vt -8.988031 6.318157
vt -8.971593 6.323478
vt -8.973665 6.326415
vt -8.971459 6.322657
vt -9.012544 6.286236
vt -9.013108 6.287131
vt -9.00763 6.286427
vt -9.010632 6.284949
vt -9.011185 6.285824
vt -9.006052 6.285804
vt -9.008542 6.284578
vt -9.009069 6.285413
vt -9.004292 6.285993
vt -9.009776 6.288772
vt -9.062174 6.269102
vt -9.056928 6.268539
vt -9.061726 6.266351
vt -9.094808 6.266273
vt -9.099947 6.258984
vt -9.104235 6.252965
vt -9.098989 6.252418
vt -9.103931 6.248544
vt -9.102155 6.260596
vt -9.124863 6.245114
vt -9.124989 6.240713
vt -9.128266 6.245377
vt -9.146839 6.234405
vt -9.142803 6.23465
vt -9.146871 6.228504
vt -9.135382 6.238304
vt -9.150416 6.234681
vt -9.146075 6.234781
vt -9.15045 6.228349
vt -9.128412 6.240261
vt -9.151042 6.236732
vt -9.146399 6.236659
vt -9.151078 6.230096
vt -9.14851 6.240689
vt -9.143564 6.240414
vt -9.148546 6.233899
vt -9.143052 6.246462
vt -9.137807 6.245958
vt -9.143088 6.239696
vt -9.135324 6.253758
vt -9.12978 6.252996
vt -9.135359 6.247216
vt -9.126259 6.262144
vt -9.120418 6.261097
vt -9.126291 6.25605
vt -9.061377 6.281484
vt -9.060143 6.278793
vt -9.059892 6.282215
vt -9.057398 6.277835
vt -8.98526 6.318196
vt -8.984998 6.320002
vt -8.982935 6.316015
vt -8.926776 6.328213
vt -8.929611 6.325985
vt -8.927113 6.32677
vt -8.923826 6.328834
vt -8.920991 6.331062
vt -8.923428 6.331572
vt -8.92066 6.333335
vt -8.929573 6.325558
vt -8.926981 6.328127
vt -8.929236 6.327002
vt -8.926713 6.329274
vt -8.922206 6.330463
vt -8.929223 6.327023
vt -8.926936 6.329538
vt -8.928956 6.32817
vt -8.926736 6.330397
vt -8.921068 6.332053
vt -8.918849 6.33428
vt -8.920806 6.333859
vt -8.927162 6.327191
vt -8.930318 6.325096
vt -8.927568 6.325452
vt -8.928638 6.324133
vt -8.957313 6.309061
vt -8.918062 6.336676
vt -8.92531 6.33425
vt -8.925433 6.333047
vt -8.923777 6.335255
vt -8.980296 6.309985
vt -8.980253 6.311476
vt -8.982021 6.310186
vt -8.997418 6.309376
vt -8.995436 6.307738
vt -8.997474 6.311685
vt -8.996348 6.305275
vt -8.996337 6.307295
vt -8.998333 6.306235
vt -8.998319 6.308933
vt -8.918652 6.335632
vt -8.927658 6.331199
vt -8.940387 6.327078
vt -8.926631 6.331595
vt -8.928555 6.329501
vt -8.926768 6.331006
vt -9.023681 6.284626
vt -9.025475 6.282503
vt -9.023736 6.28496
vt -8.98733 6.301283
vt -8.985536 6.303406
vt -8.987214 6.3011
vt -8.985467 6.303298
vt -8.952283 6.318298
vt -8.950536 6.320495
vt -8.952152 6.318509
vt -8.950459 6.32062
vt -8.927926 6.330436
vt -8.926233 6.332547
vt -8.927789 6.331025
vt -8.926151 6.332897
vt -8.919066 6.33532
vt -8.917428 6.337191
vt -8.918931 6.336248
vt -8.917348 6.337742
vt -8.92385 6.334541
vt -8.985517 6.303415
vt -8.984027 6.305186
vt -8.985448 6.303307
vt -8.950607 6.32046
vt -8.949157 6.322293
vt -8.95053 6.320585
vt -8.926347 6.332491
vt -8.924941 6.334252
vt -8.926266 6.332841
vt -8.917516 6.337148
vt -8.916157 6.338709
vt -8.917436 6.337699
vt -8.922505 6.336093
vt -8.95993 6.333177
vt -8.957858 6.33024
vt -8.960154 6.333533
vt -8.995478 6.309467
vt -8.986004 6.315496
vt -8.973486 6.325318
vt -8.958026 6.330506
vt -9.008183 6.287302
vt -9.006579 6.286638
vt -9.004783 6.28677
vt -9.056478 6.265779
vt -9.098684 6.247981
vt -9.112855 6.252629
vt -9.118702 6.254509
vt -9.112989 6.258229
vt -9.120712 6.244853
vt -9.126259 6.24603
vt -9.12085 6.250644
vt -9.127347 6.238456
vt -9.132593 6.239004
vt -9.127486 6.244267
vt -9.120464 6.24294
vt -9.120338 6.247341
vt -9.11735 6.243454
vt -9.142832 6.229283
vt -9.146107 6.22888
vt -9.140862 6.235605
vt -9.137131 6.235968
vt -9.140891 6.230238
vt -9.146433 6.230327
vt -9.129799 6.238345
vt -9.129821 6.234255
vt -9.133223 6.237893
vt -9.1436 6.233777
vt -9.137843 6.239169
vt -9.129816 6.24623
vt -9.120453 6.254554
vt -9.096099 6.261091
vt -9.096283 6.257428
vt -9.099154 6.262073
vt -9.057199 6.280554
vt -9.092597 6.259243
vt -9.092413 6.262906
vt -9.089814 6.259038
vt -9.089667 6.261948
vt -9.055538 6.278751
vt -9.055339 6.28147
vt -9.053103 6.277842
vt -8.960034 6.328545
vt -8.962294 6.33118
vt -8.959834 6.329404
vt -8.962026 6.332327
vt -8.982739 6.317367
vt -9.019093 6.299314
vt -9.018854 6.301657
vt -9.016708 6.297722
vt -9.016529 6.299476
vt -8.930016 6.324247
vt -8.953644 6.313707
vt -8.956548 6.311185
vt -8.953965 6.313192
vt -8.952924 6.315354
vt -8.955517 6.312786
vt -8.953179 6.314945
vt -8.955837 6.31227
vt -8.954748 6.314172
vt -8.952397 6.316791
vt -8.954493 6.314582
vt -8.989651 6.298449
vt -8.992002 6.295831
vt -8.989819 6.298716
vt -8.952206 6.317097
vt -8.989605 6.298821
vt -8.987505 6.301197
vt -8.989437 6.298555
vt -8.992147 6.29576
vt -8.994805 6.293085
vt -8.992371 6.296115
vt -8.953596 6.3162
vt -8.951549 6.318659
vt -8.953405 6.316507
vt -8.951418 6.31887
vt -8.928755 6.328643
vt -8.930789 6.323074
vt -8.955448 6.310934
vt -8.958992 6.3088
vt -8.955896 6.310212
vt -8.959499 6.307985
vt -9.006178 6.285064
vt -9.006669 6.285842
vt -9.002253 6.286936
vt -8.981959 6.312359
vt -8.98901 6.307165
vt -8.989002 6.308552
vt -8.990716 6.308048
vt -8.990705 6.310068
vt -8.985514 6.310269
vt -8.984074 6.308925
vt -8.985543 6.311456
vt -8.961223 6.319375
vt -8.961298 6.317879
vt -8.959762 6.319202
vt -8.975737 6.311338
vt -8.975711 6.312222
vt -8.977197 6.31151
vt -8.977154 6.313002
vt -8.984241 6.308023
vt -8.984237 6.308845
vt -8.985684 6.308802
vt -8.985677 6.310189
vt -8.988597 6.309952
vt -8.990312 6.31201
vt -8.988568 6.308765
vt -8.959807 6.318315
vt -8.940209 6.327964
vt -8.94027 6.327135
vt -8.938972 6.328328
vt -8.959538 6.319313
vt -8.959583 6.318426
vt -8.958326 6.319169
vt -8.975417 6.312367
vt -8.975442 6.311483
vt -8.974219 6.311718
vt -9.026697 6.281901
vt -9.028797 6.279526
vt -9.026789 6.282465
vt -8.98739 6.301014
vt -9.059688 6.267204
vt -9.057832 6.268729
vt -9.059626 6.266298
vt -9.057795 6.268192
vt -9.025567 6.283067
vt -9.074031 6.264024
vt -9.074076 6.263137
vt -9.075848 6.264761
vt -9.092805 6.253484
vt -9.092763 6.254975
vt -9.09094 6.253962
vt -9.090915 6.254847
vt -9.095718 6.250667
vt -9.09571 6.252053
vt -9.09385 6.251709
vt -9.093845 6.252531
vt -9.084198 6.256338
vt -9.08233 6.25738
vt -9.08417 6.255152
vt -9.082313 6.256677
vt -8.95279 6.323378
vt -8.954086 6.32546
vt -8.952761 6.323331
vt -8.949425 6.324997
vt -8.950765 6.327009
vt -8.949392 6.325051
vt -8.950688 6.327134
vt -8.958113 6.320588
vt -8.9595 6.322399
vt -8.958078 6.320737
vt -8.959418 6.322749
vt -8.981399 6.311106
vt -8.981319 6.311657
vt -8.979966 6.30961
vt -8.979932 6.309845
vt -9.012644 6.295045
vt -9.012571 6.295759
vt -9.01117 6.293957
vt -9.011139 6.294263
vt -9.045993 6.277828
vt -9.045932 6.278657
vt -9.044484 6.277214
vt -9.044458 6.277568
vt -9.073855 6.263245
vt -9.073811 6.264132
vt -9.072321 6.263138
vt -9.072302 6.263518
vt -8.947242 6.324031
vt -8.948318 6.325543
vt -8.948284 6.325596
vt -8.955354 6.320037
vt -8.956464 6.321399
vt -8.956429 6.321549
vt -8.977698 6.309036
vt -8.978843 6.310163
vt -8.978808 6.310399
vt -9.011408 6.29384
vt -9.011376 6.294146
vt -9.010232 6.293019
vt -8.975013 6.312221
vt -8.976239 6.314051
vt -8.974997 6.311991
vt -8.963343 6.318122
vt -8.964599 6.320142
vt -8.963319 6.317978
vt -9.090662 6.254099
vt -9.090637 6.254983
vt -9.089113 6.254498
vt -9.093555 6.251854
vt -9.09355 6.252677
vt -9.092003 6.252724
vt -9.082058 6.257514
vt -9.080507 6.258384
vt -9.082042 6.25681
vt -9.05762 6.268834
vt -9.056078 6.270106
vt -9.057583 6.268296
vt -9.089102 6.254876
vt -9.092001 6.253076
vt -9.0805 6.258082
vt -9.056062 6.269876
vt -9.023613 6.285021
vt -9.022092 6.2866
vt -9.023559 6.284686
vt -9.022069 6.286457
vt -8.983998 6.30514
vt -8.949124 6.322346
vt -8.924906 6.334402
vt -8.916123 6.338945
vt -8.922536 6.335787
vt -8.938998 6.327973
vt -8.958345 6.31879
vt -8.97423 6.311339
vt -8.982726 6.30753
vt -8.982725 6.307882
vt -8.983924 6.308179
vt -8.983919 6.309002
vt -8.986212 6.304845
vt -8.987185 6.305991
vt -8.987178 6.305689
vt -8.977546 6.309111
vt -8.978535 6.310487
vt -8.97852 6.310257
vt -8.964303 6.315631
vt -8.965316 6.31715
vt -8.965292 6.317007
vt -8.952016 6.32168
vt -8.953058 6.323246
vt -8.953029 6.323199
vt -9.046371 6.276284
vt -9.046345 6.276639
vt -9.04517 6.275818
vt -9.075622 6.261513
vt -9.075603 6.261893
vt -9.074402 6.261426
vt -9.093296 6.252438
vt -9.093285 6.252817
vt -9.092064 6.252731
vt -9.096445 6.250537
vt -9.096444 6.250889
vt -9.095212 6.251181
vt -9.084594 6.256067
vt -9.084601 6.256368
vt -9.083368 6.257012
vt -9.059253 6.268305
vt -9.059269 6.268535
vt -9.058043 6.26948
vt -9.023905 6.285553
vt -9.023929 6.285696
vt -9.022718 6.286872
vt -8.984261 6.30501
vt -8.984291 6.305056
vt -8.983104 6.306375
vt -8.948019 6.32289
vt -8.948052 6.322837
vt -8.946894 6.324202
vt -8.923162 6.33526
vt -8.923197 6.335111
vt -8.922073 6.336422
vt -8.914848 6.339354
vt -8.913758 6.340516
vt -8.914814 6.339589
vt -8.922622 6.335745
vt -8.921566 6.336672
vt -8.92259 6.336051
vt -8.940911 6.327031
vt -8.939887 6.327652
vt -8.940885 6.327386
vt -8.961918 6.317031
vt -8.96092 6.317297
vt -8.961899 6.31741
vt -8.978886 6.309047
vt -8.977907 6.308933
vt -8.978875 6.309426
vt -8.987723 6.30507
vt -8.986755 6.304577
vt -8.987721 6.305422
vt -8.982595 6.308251
vt -8.983799 6.309773
vt -8.982588 6.307949
vt -8.983783 6.309069
vt -8.976202 6.313513
vt -8.964545 6.319808
vt -8.954017 6.325352
vt -8.954182 6.336473
vt -8.952055 6.333446
vt -8.954437 6.336063
vt -8.952245 6.33314
vt -9.06244 6.262844
vt -9.06289 6.265604
vt -9.057514 6.263015
vt -9.062008 6.260802
vt -9.062448 6.2635
vt -9.057402 6.261617
vt -9.060243 6.260218
vt -9.060662 6.262792
vt -9.055956 6.261576
vt -9.106659 6.244055
vt -9.106964 6.248492
vt -9.101723 6.244164
vt -9.118827 6.259725
vt -9.126393 6.25163
vt -9.132732 6.244795
vt -9.136864 6.233771
vt -9.137003 6.239582
vt -9.131921 6.23378
vt -9.117245 6.247108
vt -9.124722 6.236765
vt -9.1247 6.240855
vt -9.121603 6.237972
vt -9.121585 6.241369
vt -9.129486 6.235853
vt -9.129377 6.23126
vt -9.133526 6.235074
vt -9.133055 6.235306
vt -9.132934 6.230256
vt -9.137398 6.234775
vt -9.137157 6.231213
vt -9.133979 6.236458
vt -9.13385 6.231038
vt -9.138625 6.236227
vt -9.133248 6.233137
vt -9.132057 6.23946
vt -9.099376 6.257661
vt -9.112271 6.245954
vt -9.112166 6.249608
vt -9.109466 6.246501
vt -9.109383 6.249404
vt -9.086043 6.260895
vt -9.085896 6.263805
vt -9.083571 6.260717
vt -9.104495 6.248948
vt -9.104411 6.251851
vt -9.102002 6.2495
vt -9.101939 6.251673
vt -9.052954 6.279877
vt -8.954447 6.312219
vt -8.957669 6.309841
vt -8.954833 6.311598
vt -8.956934 6.310564
vt -8.992227 6.296187
vt -9.06175 6.265253
vt -9.063892 6.263135
vt -9.061812 6.266159
vt -9.028931 6.280347
vt -8.958117 6.309119
vt -8.999935 6.288531
vt -9.003537 6.286304
vt -9.00033 6.289158
vt -9.0027 6.287644
vt -8.984091 6.309629
vt -8.976462 6.313941
vt -8.977939 6.316136
vt -8.976425 6.313404
vt -8.977876 6.31523
vt -8.964723 6.320081
vt -8.966238 6.322506
vt -8.964668 6.319747
vt -8.966146 6.321942
vt -8.954101 6.325453
vt -8.955662 6.327952
vt -8.954033 6.325345
vt -8.955547 6.327769
vt -8.990271 6.310282
vt -8.98028 6.314983
vt -8.982024 6.317455
vt -8.980218 6.314077
vt -9.095545 6.253606
vt -9.095588 6.252114
vt -9.097705 6.253758
vt -9.098667 6.250598
vt -9.098674 6.249211
vt -9.100846 6.250069
vt -9.086895 6.25381
vt -9.089065 6.252105
vt -9.086924 6.254997
vt -9.047938 6.278502
vt -9.047836 6.279899
vt -9.046121 6.277765
vt -9.04606 6.278593
vt -9.075924 6.263266
vt -8.981934 6.316135
vt -8.957507 6.330413
vt -8.955721 6.327683
vt -8.957675 6.330679
vt -9.057954 6.265713
vt -9.057822 6.264191
vt -9.056347 6.263975
vt -9.102021 6.248501
vt -9.111843 6.243106
vt -9.108725 6.244313
vt -9.11176 6.239605
vt -9.108655 6.241406
vt -9.127409 6.232228
vt -9.127519 6.236822
vt -9.123688 6.233726
vt -9.133405 6.230024
vt -9.137269 6.229355
vt -9.123785 6.237796
vt -9.138489 6.230547
vt -9.120054 6.239633
vt -9.116627 6.24075
vt -9.119957 6.235563
vt -9.116044 6.240709
vt -9.116026 6.244106
vt -9.113235 6.241954
vt -9.113221 6.244652
vt -9.083461 6.262896
vt -9.016673 6.297739
vt -9.016494 6.299493
vt -9.014594 6.296265
vt -9.014471 6.297469
vt -9.051316 6.278722
vt -9.051166 6.280757
vt -9.04919 6.277886
vt -9.049087 6.279283
vt -9.080278 6.262338
vt -9.080168 6.264517
vt -9.078118 6.262186
vt -9.078042 6.263681
vt -8.959965 6.325166
vt -8.961926 6.327614
vt -8.959827 6.325755
vt -8.994769 6.293103
vt -8.997739 6.290474
vt -8.995052 6.29355
vt -9.033231 6.277184
vt -9.030779 6.279437
vt -9.033052 6.276087
vt -9.030645 6.278616
vt -9.067142 6.261535
vt -9.069594 6.259281
vt -9.067232 6.262854
vt -9.063983 6.264455
vt -8.995087 6.293533
vt -8.997405 6.290639
vt -9.000689 6.28816
vt -8.997745 6.291178
vt -9.003984 6.287011
vt -9.001084 6.288787
vt -9.05719 6.260969
vt -9.057581 6.263368
vt -9.05322 6.262771
vt -8.967546 6.321861
vt -8.969333 6.324591
vt -8.967455 6.321298
vt -8.969199 6.32377
vt -8.955836 6.327866
vt -8.951567 6.329822
vt -8.953465 6.332539
vt -8.951436 6.330033
vt -8.950694 6.327044
vt -8.952308 6.329457
vt -8.950616 6.327169
vt -8.952178 6.329667
vt -8.959396 6.32245
vt -8.961066 6.324623
vt -8.959314 6.3228
vt -8.960929 6.325213
vt -8.983056 6.312936
vt -8.982921 6.313864
vt -8.98133 6.31114
vt -8.98125 6.311691
vt -9.01444 6.296341
vt -9.014318 6.297544
vt -9.012665 6.295035
vt -9.012592 6.295749
vt -8.961726 6.328472
vt -8.984326 6.31533
vt -8.98413 6.316682
vt -8.982303 6.313306
vt -8.982169 6.314234
vt -9.097767 6.251585
vt -9.100857 6.248049
vt -9.089107 6.253834
vt -9.107334 6.241402
vt -9.107632 6.245738
vt -9.102709 6.242092
vt -9.105771 6.240584
vt -9.106056 6.244722
vt -9.101456 6.241767
vt -9.083457 6.253539
vt -9.080352 6.25534
vt -9.083273 6.250866
vt -9.103552 6.24686
vt -9.100743 6.248105
vt -9.103482 6.243953
vt -9.100688 6.245795
vt -9.07636 6.257306
vt -9.073566 6.259149
vt -9.076207 6.255087
vt -9.116543 6.23725
vt -9.097024 6.247188
vt -9.093303 6.248686
vt -9.096783 6.243681
vt -9.098355 6.246533
vt -9.098114 6.243025
vt -9.102384 6.245296
vt -9.101721 6.245623
vt -9.102993 6.24623
vt -9.073445 6.257385
vt -9.107877 6.244592
vt -9.107862 6.24729
vt -9.10538 6.245822
vt -9.105369 6.247842
vt -9.09578 6.250548
vt -9.093284 6.251778
vt -9.095725 6.248239
vt -8.953275 6.332846
vt -8.998079 6.291014
vt -9.043357 6.270518
vt -9.040284 6.272773
vt -9.043086 6.268855
vt -9.040059 6.271392
vt -9.038139 6.273829
vt -9.035376 6.276128
vt -9.037913 6.272448
vt -9.035197 6.275031
vt -9.069715 6.261044
vt -9.049428 6.264986
vt -9.053082 6.262839
vt -9.049744 6.266919
vt -9.044918 6.267953
vt -9.048258 6.265562
vt -9.04519 6.269616
vt -9.053576 6.264953
vt -9.093242 6.250049
vt -9.0802 6.253121
vt -9.086926 6.249068
vt -9.09031 6.246947
vt -9.08711 6.25174
vt -9.090524 6.250054
vt -9.093089 6.245578
vt -9.102119 6.241441
vt -9.053438 6.265021
vt -9.048573 6.267495
vn 0.7891410399206734 0.614212031071452 0
vn 0.860705446863752 0.5091032643178286 0
vn 0.7578512233171897 0.6106661799459457 -0.2296700676772332
vn 0.7578512233171897 0.6106661799459457 0.22967006767723347
vn 0.8256774979560325 0.5056126925678576 -0.25022484785357985
vn 0.8256774979560325 0.5056126925678573 0.25022484785358007
vn 0.6690310014414272 0.6012830012954643 -0.43687100094123843
vn 0.9749799131054067 0.22229298018825017 0
vn 0.6690310014414275 0.6012830012954642 0.43687100094123876
vn 0.7268381955453036 0.49643113355761626 -0.4746181276891423
vn 0.9334969548850268 0.220342989351044 -0.28289998632772684
vn 0.9334969548850268 0.22034298935104388 0.28289998632772695
vn 0.7268381955453036 0.49643113355761603 0.4746181276891425
vn 0.535227998172464 0.5891379979883885 -0.6053489979330358
vn 0.9905030158034758 -0.13749100219366897 0
vn 0.535227998172464 0.5891379979883883 0.605348997933036
vn 0.5793893455426943 0.4846592890465244 -0.6552963908129862
vn 0.8176677604147957 0.21526593692482957 -0.5339288435532655
vn 0.9480937350926923 -0.1362469619311735 -0.2873239197186912
vn 0.9480937350926923 -0.1362469619311736 0.2873239197186911
vn 0.8176677604147957 0.21526593692482934 0.5339288435532655
vn 0.5793893455426943 0.48465928904652406 0.6552963908129864
vn 0.4004157275554298 0.4736876777008823 -0.7844024662892136
vn 0.8912986063625139 -0.45341679975078175 0
vn 0.8546029858623029 -0.4500859925542275 0.2589909957155119
vn 0.37111507336166377 0.5777011141993896 0.7270041437134663
vn 0.4451931363548876 0.20300506217690764 -0.8721192671149102
vn 0.37111507336166377 0.5777011141993899 -0.7270041437134661
vn 0.6477749055991221 0.2088659695617558 -0.7326408932315178
vn 0.8298579250517998 -0.13301198798708924 -0.5418889510595725
vn 0.8546029858623029 -0.4500859925542274 -0.2589909957155121
vn 0.751337953924577 -0.4413459729346798 0.49061696991316045
vn 0.8298579250517998 -0.13301198798708946 0.5418889510595725
vn 0.6477749055991221 0.20886596956175546 0.7326408932315178
vn 0.4004157275554298 0.473687677700882 0.7844024662892138
vn 0.22591791187508772 0.19901492236926954 -0.9536006280243077
vn 0.20395596233994295 0.4661119139333755 -0.8608958410373193
vn 0.751337953924577 -0.4413459729346796 -0.49061696991316067
vn 0.720952782289235 -0.6576398014082645 0.21848793402178823
vn 0.7503039823434717 -0.6610929844428296 0
vn 0.6373809571673638 -0.6484749564218362 0.4162039720306777
vn 0.18945604541394573 0.569737136569996 0.7996911916915996
vn 0.4510808844644423 -0.12522796792530186 -0.883653773669346
vn 0.22878804094196675 -0.1227030219578916 -0.9657121728156574
vn 0.18945604541394573 0.5697371365699965 -0.7996911916915994
vn 0.6568543282459544 -0.1289440644364596 -0.7429103712502351
vn 0.59795911972249 -0.43019108613222246 -0.6762991354076121
vn 0.6373809571673638 -0.648474956421836 -0.41620397203067805
vn 0.7209527822892349 -0.6576398014082644 -0.21848793402178845
vn 0.59795911972249 -0.4301910861322228 0.6762991354076119
vn 0.5108518750405381 -0.6365538442925833 0.5777798586692859
vn 0.6568543282459544 -0.12894406443645992 0.7429103712502351
vn 0.4451931363548876 0.20300506217690725 0.8721192671149102
vn 0.20395596233994295 0.46611191393337514 0.8608958410373195
vn 0 -0.12181596371925217 -0.9925527043855907
vn 0 0.19761206116647573 -0.9802803034242487
vn 0 0.4634290222452889 -0.8861340425357641
vn 0.5108518750405381 -0.6365538442925831 -0.5777798586692862
vn 0.5326440008777973 -0.7715680012715441 0.347812000573194
vn 0.5999139943044166 -0.7791339926029021 0.18180599827393373
vn 0.6233288492039913 -0.7819598108279144 0
vn 0.4292722306546852 -0.7615794092085311 0.48551226087333316
vn 0 0.5669039365430444 0.8237839077889298
vn 0.41264808511692935 -0.41984008660042343 -0.8083661667417066
vn 0.20998003865984846 -0.41272007598672544 -0.8863241631829295
vn 0 -0.4102030908097446 -0.9119942018950189
vn 0 0.5669039365430447 -0.8237839077889295
vn 0.35482211005430386 -0.6252661939372821 -0.6950852155928771
vn 0.5326440008777973 -0.7715680012715439 -0.34781200057319434
vn 0.4292722306546852 -0.7615794092085308 -0.4855122608733335
vn 0.5999139943044165 -0.7791339926029018 -0.181805998273934
vn 0.4510808844644423 -0.12522796792530225 0.883653773669346
vn 0.41264808511692935 -0.41984008660042377 0.8083661667417064
vn 0.35482211005430386 -0.6252661939372823 0.6950852155928768
vn 0.22591791187508772 0.1990149223692691 0.9536006280243077
vn 0 0.4634290222452885 0.8861340425357643
vn -0.20998003865984846 -0.41272007598672544 -0.8863241631829295
vn -0.22878804094196675 -0.1227030219578916 -0.9657121728156574
vn -0.22591791187508772 0.19901492236926954 -0.9536006280243077
vn -0.20395596233994295 0.4661119139333755 -0.8608958410373193
vn 0.2997110260588259 -0.7519690653810811 -0.5871250510484707
vn 0.3634639051257561 -0.8360057817791112 0.4110818926961295
vn 0.4493131035078223 -0.8438221943904975 0.2933970675895967
vn 0.5046250080078943 -0.8496860134836675 0.15292900242683016
vn 0.5237649093902498 -0.8518628526302948 0
vn 0.29971102605882594 -0.7519690653810814 0.5871250510484703
vn -0.18945604541394573 0.569737136569996 0.7996911916915996
vn 0.18135099977893318 -0.617373999247421 -0.7654809990668789
vn 0 -0.6145589326683123 -0.7888709135705188
vn -0.18135099977893318 -0.617373999247421 -0.7654809990668789
vn -0.18945604541394573 0.5697371365699965 -0.7996911916915994
vn 0.15373703453718243 -0.7451601674009956 -0.6489231457812502
vn 0.4493131035078224 -0.8438221943904975 -0.2933970675895971
vn 0.36346390512575616 -0.8360057817791112 -0.41108189269612994
vn 0.2546700114387585 -0.8284020372085067 -0.4988920224082348
vn 0.5046250080078943 -0.8496860134836675 -0.15292900242683055
vn 0.22878804094196675 -0.12270302195789201 0.9657121728156574
vn 0.20998003865984846 -0.4127200759867259 0.8863241631829293
vn 0.18135099977893315 -0.6173739992474213 0.7654809990668785
vn 0 0.19761206116647528 0.9802803034242487
vn -0.20395596233994295 0.46611191393337514 0.8608958410373195
vn -0.35482211005430386 -0.6252661939372821 -0.6950852155928771
vn -0.41264808511692935 -0.41984008660042343 -0.8083661667417066
vn -0.4510808844644423 -0.12522796792530186 -0.883653773669346
vn -0.4451931363548876 0.20300506217690764 -0.8721192671149102
vn -0.4004157275554298 0.4736876777008823 -0.7844024662892136
vn 0.13096194324765417 -0.8229656433679154 -0.5527897604486094
vn 0.2546700114387585 -0.8284020372085069 0.4988920224082345
vn 0.38563419931315923 -0.8876234587638653 0.25181513014942436
vn 0.4323150109881508 -0.8921540226758791 0.13101500333000818
vn 0.4484059978171596 -0.8938299956488356 0
vn 0.1537370345371824 -0.7451601674009956 0.6489231457812498
vn -0.37111507336166377 0.5777011141993896 0.7270041437134663
vn 0 -0.74271388908423 -0.6696089000016189
vn -0.15373703453718243 -0.7451601674009956 -0.6489231457812502
vn -0.2997110260588259 -0.7519690653810811 -0.5871250510484707
vn -0.37111507336166377 0.5777011141993899 -0.7270041437134661
vn 0 -0.8210021479326958 -0.5709251028724346
vn 0.3127129685052713 -0.8815439112157503 0.3536819643790993
vn 0.4323150109881508 -0.8921540226758791 -0.13101500333000857
vn 0.38563419931315923 -0.8876234587638651 -0.2518151301494248
vn 0.3127129685052713 -0.88154391121575 -0.35368196437909977
vn 0.21962706545744073 -0.8755882609594886 -0.4302431282292511
vn 0 -0.12181596371925262 0.9925527043855907
vn 0 -0.41020309080974504 0.9119942018950187
vn 0 -0.6145589326683126 0.7888709135705184
vn -0.22591791187508772 0.1990149223692691 0.9536006280243077
vn -0.4004157275554298 0.473687677700882 0.7844024662892138
vn -0.4292722306546852 -0.7615794092085308 -0.4855122608733335
vn -0.5108518750405381 -0.6365538442925831 -0.5777798586692862
vn -0.59795911972249 -0.43019108613222246 -0.6762991354076121
vn -0.6568543282459544 -0.1289440644364596 -0.7429103712502351
vn -0.6477749055991221 0.2088659695617558 -0.7326408932315178
vn -0.5793893455426943 0.4846592890465244 -0.6552963908129862
vn 0 -0.8697513556844548 -0.49349020181261277
vn 0.21962706545744073 -0.8755882609594888 0.43024312822925065
vn 0.13096194324765417 -0.8229656433679157 0.552789760448609
vn 0.3372531633002134 -0.9152934431911419 0.22022310663348532
vn 0.3776231239870976 -0.9188603016945062 0.11444003757473292
vn 0.39150414622839197 -0.9201763436896093 0
vn 0.11313097939585255 -0.8713038413124953 -0.4775259130298849
vn 0 -0.7427138890842302 0.6696089000016187
vn -0.535227998172464 0.5891379979883883 0.605348997933036
vn -0.13096194324765417 -0.8229656433679154 -0.5527897604486094
vn -0.2546700114387585 -0.8284020372085067 -0.4988920224082348
vn -0.36346390512575616 -0.8360057817791112 -0.41108189269612994
vn -0.535227998172464 0.5891379979883885 -0.6053489979330358
vn -0.11313097939585255 -0.8713038413124953 -0.4775259130298849
vn 0.2739201204128461 -0.9104874002421548 0.3098071361884585
vn 0.3776231239870976 -0.9188603016945062 -0.11444003757473334
vn 0.3372531633002133 -0.9152934431911418 -0.22022310663348565
vn 0.2739201204128461 -0.9104874002421546 -0.30980713618845895
vn 0.19268406052583023 -0.9057562845157556 -0.37746311856854486
vn -0.22878804094196675 -0.12270302195789201 0.9657121728156574
vn -0.20998003865984846 -0.4127200759867259 0.8863241631829293
vn -0.18135099977893315 -0.6173739992474213 0.7654809990668785
vn -0.4451931363548876 0.20300506217690725 0.8721192671149102
vn -0.5793893455426943 0.48465928904652406 0.6552963908129864
vn -0.5326440008777973 -0.7715680012715439 -0.34781200057319434
vn -0.6373809571673638 -0.648474956421836 -0.41620397203067805
vn -0.751337953924577 -0.4413459729346796 -0.49061696991316067
vn -0.8298579250517998 -0.13301198798708924 -0.5418889510595725
vn -0.8176677604147957 0.21526593692482957 -0.5339288435532655
vn -0.7268381955453036 0.49643113355761626 -0.4746181276891423
vn 0.09936402507421678 -0.9023392277026256 -0.41941710583866193
vn -0.09936402507421678 -0.9023392277026256 -0.41941710583866193
vn 0.19268406052583023 -0.9057562845157558 0.3774631185685444
vn 0.11313097939585255 -0.8713038413124955 0.47752591302988456
vn 0 -0.821002147932696 0.5709251028724341
vn 0.30044908843645113 -0.9334022747446665 0.19619005774806134
vn 0.33614196451668804 -0.9362859011651974 0.10186898924665892
vn 0.348394939182617 -0.937347836372358 0
vn 0.33614196451668804 -0.9362859011651974 -0.10186898924665934
vn -0.1537370345371824 -0.7451601674009956 0.6489231457812498
vn -0.7268381955453036 0.49643113355761603 0.4746181276891425
vn -0.21962706545744073 -0.8755882609594886 -0.4302431282292511
vn -0.3127129685052713 -0.88154391121575 -0.35368196437909977
vn -0.4493131035078224 -0.8438221943904975 -0.2933970675895971
vn -0.6690310014414272 0.6012830012954643 -0.43687100094123843
vn 0 -0.9010981920109791 -0.4336150923970988
vn -0.19268406052583023 -0.9057562845157556 -0.37746311856854486
vn 0.2442910575395896 -0.9295062189331322 0.27629706507818924
vn 0.2726341104510527 -0.9455033830476085 0.17802807212372612
vn 0.30485684549218783 -0.9479065195811915 0.09238795317585682
vn 0.31590494776417344 -0.9487908431146006 0
vn 0.30044908843645113 -0.9334022747446665 -0.19619005774806172
vn 0.17202493179470843 -0.9256586329903094 -0.33699186638780654
vn 0.2442910575395896 -0.929506218933132 -0.2762970650781897
vn -0.4510808844644423 -0.12522796792530225 0.883653773669346
vn -0.41264808511692935 -0.41984008660042377 0.8083661667417064
vn -0.35482211005430386 -0.6252661939372823 0.6950852155928768
vn -0.6477749055991221 0.20886596956175546 0.7326408932315178
vn -0.6690310014414275 0.6012830012954642 0.43687100094123876
vn -0.8176677604147957 0.21526593692482934 0.5339288435532655
vn -0.38563419931315923 -0.8876234587638651 -0.2518151301494248
vn -0.5999139943044165 -0.7791339926029018 -0.181805998273934
vn -0.7209527822892349 -0.6576398014082644 -0.21848793402178845
vn -0.8546029858623029 -0.4500859925542274 -0.2589909957155121
vn -0.9480937350926923 -0.1362469619311735 -0.2873239197186912
vn -0.9334969548850268 0.220342989351044 -0.28289998632772684
vn -0.8256774979560325 0.5056126925678576 -0.25022484785357985
vn 0.0887789995569484 -0.9228719953944072 -0.3747339981298902
vn -0.0887789995569484 -0.9228719953944072 -0.3747339981298902
vn 0 -0.9218583005751744 -0.3875271263545968
vn -0.08071999501311887 -0.93669394213105 -0.34071797895044414
vn -0.2739201204128461 -0.9104874002421546 -0.30980713618845895
vn 0.09936402507421678 -0.9023392277026259 0.4194171058386615
vn 0.17202493179470843 -0.9256586329903096 0.3369918663878061
vn 0 -0.869751355684455 0.49349020181261244
vn -0.13096194324765417 -0.8229656433679157 0.552789760448609
vn 0.0887789995569484 -0.9228719953944075 0.3747339981298898
vn 0.15632800413894027 -0.9390300248617593 0.3062420081080633
vn 0.22183900889241687 -0.9422500377700936 0.25090301005744714
vn 0.2522789751028414 -0.9535289058971904 0.16473598374237106
vn 0.281992945527569 -0.9556028154066998 0.08545898349193227
vn 0.14479797336434286 -0.9479308256276668 0.2836559478213512
vn 0.20537807617494797 -0.9507173526220823 0.2322850861547865
vn 0.30485684549218783 -0.9479065195811915 -0.09238795317585724
vn 0.2726341104510527 -0.9455033830476085 -0.17802807212372657
vn 0.22183900889241687 -0.9422500377700934 -0.2509030100574476
vn -0.29971102605882594 -0.7519690653810814 0.5871250510484703
vn -0.8256774979560325 0.5056126925678573 0.25022484785358007
vn -0.9334969548850268 0.22034298935104388 0.28289998632772695
vn -0.3372531633002133 -0.9152934431911418 -0.22022310663348565
vn -0.5046250080078943 -0.8496860134836675 -0.15292900242683055
vn -0.4323150109881508 -0.8921540226758791 -0.13101500333000857
vn -0.7578512233171897 0.6106661799459457 -0.2296700676772332
vn 0.08071999501311887 -0.93669394213105 -0.34071797895044414
vn 0.1563280041389403 -0.9390300248617593 -0.3062420081080638
vn -0.2442910575395896 -0.929506218933132 -0.2762970650781897
vn -0.17202493179470843 -0.9256586329903094 -0.33699186638780654
vn -0.1563280041389403 -0.9390300248617593 -0.3062420081080638
vn 0 -0.9358430643214317 -0.3524170242219755
vn 0.08071999501311887 -0.9366939421310502 0.3407179789504437
vn 0 -0.9358430643214319 0.3524170242219751
vn 0 -0.9010981920109793 0.43361509239709833
vn 0.19454597372773533 -0.9558958709120069 0.22003397028573435
vn 0.2389010394709941 -0.9584311583510506 0.15600002577417016
vn 0.13720296346656016 -0.9533807461404825 0.2687759284322365
vn 0.19016704126111791 -0.9579022078389383 0.21508104666678476
vn 0 -0.9451684706406136 0.3265831626200033
vn 0 -0.950885108799805 0.30954403541787556
vn 0.07479302710926114 -0.9459063428504376 0.3157011144280994
vn 0.07088499566307889 -0.9515519417816751 0.2992059816938304
vn 0.281992945527569 -0.9556028154066998 -0.08545898349193269
vn 0.20537807617494797 -0.9507173526220823 -0.23228508615478693
vn 0.2522789751028414 -0.9535289058971904 -0.1647359837423715
vn -0.6568543282459544 -0.12894406443645992 0.7429103712502351
vn -0.59795911972249 -0.4301910861322228 0.6762991354076119
vn -0.5108518750405381 -0.6365538442925833 0.5777798586692859
vn -0.8298579250517998 -0.13301198798708946 0.5418889510595725
vn -0.7578512233171897 0.6106661799459457 0.22967006767723347
vn -0.9480937350926923 -0.1362469619311736 0.2873239197186911
vn -0.3776231239870976 -0.9188603016945062 -0.11444003757473334
vn -0.6233288492039913 -0.7819598108279144 0
vn -0.7503039823434717 -0.6610929844428296 0
vn -0.8912986063625139 -0.45341679975078175 0
vn -0.9905030158034758 -0.13749100219366897 0
vn -0.9749799131054067 0.22229298018825017 0
vn -0.860705446863752 0.5091032643178286 0
vn -0.7891410399206734 0.614212031071452 0
vn -0.22183900889241687 -0.9422500377700934 -0.2509030100574476
vn -0.07479302710926114 -0.9459063428504374 -0.31570111442809984
vn 0 -0.9218583005751744 0.38752712635459624
vn -0.0887789995569484 -0.9228719953944075 0.3747339981298898
vn -0.08071999501311887 -0.9366939421310502 0.3407179789504437
vn -0.07479302710926114 -0.9459063428504376 0.3157011144280994
vn -0.09936402507421678 -0.9023392277026259 0.4194171058386615
vn -0.11313097939585255 -0.8713038413124955 0.47752591302988456
vn -0.2546700114387585 -0.8284020372085069 0.4988920224082345
vn 0.1341299408497151 -0.955493578634591 0.2627568841262101
vn 0.2669789809481136 -0.960299931472039 0.08090899422625325
vn 0.2921740497424901 -0.9563651628207047 0
vn -0.07088499566307889 -0.9515519417816751 0.2992059816938304
vn -0.19016704126111791 -0.9579022078389383 0.21508104666678476
vn -0.19454597372773533 -0.9558958709120069 0.22003397028573435
vn -0.2334960850910091 -0.960329349964726 0.15247005556337626
vn -0.13720296346656016 -0.9533807461404825 0.2687759284322365
vn -0.1341299408497151 -0.955493578634591 0.2627568841262101
vn -0.06930298235293339 -0.9537417571425681 0.29252992551121293
vn 0 -0.9531030333943482 0.30264601060395957
vn 0.06930298235293339 -0.9537417571425681 0.29252992551121293
vn -0.1958179737286708 -0.9553038718345307 0.22147197028687932
vn -0.13809504386935 -0.9527573026672242 0.2705240859387524
vn -0.07134400371317011 -0.9509060494908576 0.3011440156733416
vn 0 -0.9502310648642001 0.3115460212665992
vn 0.13809504386935 -0.9527573026672242 0.2705240859387524
vn 0.14479797336434286 -0.9479308256276666 -0.2836559478213516
vn -0.4292722306546852 -0.7615794092085311 0.48551226087333316
vn -0.33614196451668804 -0.9362859011651974 -0.10186898924665934
vn -0.5237649093902498 -0.8518628526302948 0
vn -0.39150414622839197 -0.9201763436896093 0
vn -0.30044908843645113 -0.9334022747446665 -0.19619005774806172
vn -0.2726341104510527 -0.9455033830476085 -0.17802807212372657
vn -0.20537807617494797 -0.9507173526220823 -0.23228508615478693
vn 0 -0.9451684706406134 -0.32658316262000375
vn 0.07479302710926114 -0.9459063428504374 -0.31570111442809984
vn -0.14479797336434286 -0.9479308256276666 -0.2836559478213516
vn -0.17202493179470843 -0.9256586329903096 0.3369918663878061
vn -0.15632800413894027 -0.9390300248617593 0.3062420081080633
vn -0.14479797336434286 -0.9479308256276668 0.2836559478213512
vn -0.20537807617494797 -0.9507173526220823 0.2322850861547865
vn -0.22183900889241687 -0.9422500377700936 0.25090301005744714
vn -0.21962706545744073 -0.8755882609594888 0.43024312822925065
vn 0.2765939647335802 -0.9609868774717785 0
vn 0.27030400634660295 -0.9627750226054764 0
vn 0.2669789809481136 -0.960299931472039 -0.08090899422625367
vn 0.2334960850910091 -0.960329349964726 0.15247005556337626
vn 0.26091501223821895 -0.9621180451281479 0.0790710037088253
vn 0.1958179737286708 -0.9553038718345307 0.22147197028687932
vn 0.24047099938595734 -0.9578709975540766 0.15702499959903646
vn 0.2687401120622314 -0.9597634002127835 0.08144303396101905
vn -0.2389010394709941 -0.9584311583510506 0.15600002577417016
vn -0.2669789809481136 -0.960299931472039 0.08090899422625325
vn -0.26091501223821895 -0.9621180451281479 0.0790710037088253
vn -0.19016704126111791 -0.9579022078389383 -0.2150810466667852
vn -0.2334960850910091 -0.960329349964726 -0.1524700555633767
vn -0.1945459737277353 -0.9558958709120067 -0.22003397028573474
vn -0.2669789809481136 -0.960299931472039 -0.08090899422625367
vn -0.2389010394709941 -0.9584311583510506 -0.1560000257741706
vn -0.26091501223821895 -0.9621180451281479 -0.07907100370882572
vn -0.2765939647335802 -0.9609868774717785 0
vn -0.27030400634660295 -0.9627750226054764 0
vn 0.13809504386935 -0.952757302667224 -0.2705240859387528
vn 0.1341299408497151 -0.9554935786345907 -0.26275688412621057
vn 0.19581797372867074 -0.9553038718345305 -0.22147197028687973
vn 0.07134400371317012 -0.9509060494908576 -0.30114401567334215
vn 0.06930298235293339 -0.9537417571425679 -0.2925299255112134
vn 0 -0.9502310648641998 -0.31154602126659964
vn 0 -0.9531030333943482 -0.30264601060396007
vn -0.06930298235293339 -0.9537417571425679 -0.2925299255112134
vn -0.07134400371317012 -0.9509060494908576 -0.30114401567334215
vn -0.1341299408497151 -0.9554935786345907 -0.26275688412621057
vn -0.13809504386935 -0.952757302667224 -0.2705240859387528
vn -0.19581797372867074 -0.9553038718345305 -0.22147197028687973
vn -0.24047099938595728 -0.9578709975540763 -0.15702499959903687
vn 0 -1 0
vn 0.24047099938595728 -0.9578709975540763 -0.15702499959903687
vn 0.2334960850910091 -0.960329349964726 -0.1524700555633767
vn 0.2687401120622314 -0.9597634002127835 -0.08144303396101947
vn 0.19016704126111791 -0.9579022078389383 -0.2150810466667852
vn -0.2687401120622314 -0.9597634002127835 -0.08144303396101947
vn -0.27842195813021303 -0.9604588555638071 0
vn -0.2687401120622314 -0.9597634002127835 0.08144303396101905
vn -0.24047099938595734 -0.9578709975540766 0.15702499959903646
vn 0.07134400371317011 -0.9509060494908576 0.3011440156733416
vn 0.27842195813021303 -0.9604588555638071 0
vn 0.26091501223821895 -0.9621180451281479 -0.07907100370882572
vn -0.751337953924577 -0.4413459729346798 0.49061696991316045
vn -0.6373809571673638 -0.6484749564218362 0.4162039720306777
vn -0.8546029858623029 -0.4500859925542275 0.2589909957155119
vn -0.348394939182617 -0.937347836372358 0
vn -0.5046250080078943 -0.8496860134836675 0.15292900242683016
vn -0.5999139943044166 -0.7791339926029021 0.18180599827393373
vn -0.4484059978171596 -0.8938299956488356 0
vn -0.720952782289235 -0.6576398014082645 0.21848793402178823
vn -0.30485684549218783 -0.9479065195811915 -0.09238795317585724
vn -0.2522789751028414 -0.9535289058971904 -0.1647359837423715
vn -0.281992945527569 -0.9556028154066998 -0.08545898349193269
vn -0.19268406052583023 -0.9057562845157558 0.3774631185685444
vn -0.2522789751028414 -0.9535289058971904 0.16473598374237106
vn -0.3127129685052713 -0.8815439112157503 0.3536819643790993
vn -0.3634639051257561 -0.8360057817791112 0.4110818926961295
vn 0.2389010394709941 -0.9584311583510506 -0.1560000257741706
vn 0.1945459737277353 -0.9558958709120067 -0.22003397028573474
vn 0.13720296346656016 -0.9533807461404823 -0.26877592843223697
vn -0.281992945527569 -0.9556028154066998 0.08545898349193227
vn -0.13720296346656016 -0.9533807461404823 -0.26877592843223697
vn -0.5326440008777973 -0.7715680012715441 0.347812000573194
vn -0.3776231239870976 -0.9188603016945062 0.11444003757473292
vn -0.33614196451668804 -0.9362859011651974 0.10186898924665892
vn -0.4323150109881508 -0.8921540226758791 0.13101500333000818
vn -0.31590494776417344 -0.9487908431146006 0
vn -0.07088499566307889 -0.9515519417816749 -0.29920598169383084
vn 0 -0.9508851087998048 -0.309544035417876
vn 0.07088499566307889 -0.9515519417816749 -0.29920598169383084
vn -0.2442910575395896 -0.9295062189331322 0.27629706507818924
vn -0.2726341104510527 -0.9455033830476085 0.17802807212372612
vn -0.2739201204128461 -0.9104874002421548 0.3098071361884585
vn -0.2921740497424901 -0.9563651628207047 0
vn -0.3372531633002134 -0.9152934431911419 0.22022310663348532
vn -0.30485684549218783 -0.9479065195811915 0.09238795317585682
vn -0.30044908843645113 -0.9334022747446665 0.19619005774806134
vn -0.4493131035078223 -0.8438221943904975 0.2933970675895967
vn -0.38563419931315923 -0.8876234587638653 0.25181513014942436
vn -0.7578512233171897 -0.6106661799459457 0.2296700676772332
vn -0.860705446863752 -0.5091032643178286 0
vn -0.7891410399206734 -0.614212031071452 0
vn -0.7578512233171897 -0.6106661799459457 -0.22967006767723347
vn -0.8256774979560325 -0.5056126925678576 0.25022484785357985
vn -0.8256774979560325 -0.5056126925678573 -0.25022484785358007
vn -0.6690310014414272 -0.6012830012954643 0.43687100094123843
vn -0.9749799131054067 -0.22229298018825017 0
vn -0.6690310014414275 -0.6012830012954642 -0.43687100094123876
vn -0.7268381955453036 -0.49643113355761626 0.4746181276891423
vn -0.9334969548850268 -0.220342989351044 0.28289998632772684
vn -0.9334969548850268 -0.22034298935104388 -0.28289998632772695
vn -0.7268381955453036 -0.49643113355761603 -0.4746181276891425
vn -0.535227998172464 -0.5891379979883885 0.6053489979330358
vn -0.9905030158034758 0.13749100219366897 0
vn -0.535227998172464 -0.5891379979883883 -0.605348997933036
vn -0.5793893455426943 -0.4846592890465244 0.6552963908129862
vn -0.8176677604147957 -0.21526593692482957 0.5339288435532655
vn -0.9480937350926923 0.1362469619311735 0.2873239197186912
vn -0.9480937350926923 0.1362469619311736 -0.2873239197186911
vn -0.8176677604147957 -0.21526593692482934 -0.5339288435532655
vn -0.5793893455426943 -0.48465928904652406 -0.6552963908129864
vn -0.4004157275554298 -0.4736876777008823 0.7844024662892136
vn -0.8912986063625139 0.45341679975078175 0
vn -0.8546029858623029 0.4500859925542275 -0.2589909957155119
vn -0.37111507336166377 -0.5777011141993896 -0.7270041437134663
vn -0.4451931363548876 -0.20300506217690764 0.8721192671149102
vn -0.37111507336166377 -0.5777011141993899 0.7270041437134661
vn -0.6477749055991221 -0.2088659695617558 0.7326408932315178
vn -0.8298579250517998 0.13301198798708924 0.5418889510595725
vn -0.8546029858623029 0.4500859925542274 0.2589909957155121
vn -0.751337953924577 0.4413459729346798 -0.49061696991316045
vn -0.8298579250517998 0.13301198798708946 -0.5418889510595725
vn -0.6477749055991221 -0.20886596956175546 -0.7326408932315178
vn -0.4004157275554298 -0.473687677700882 -0.7844024662892138
vn -0.22591791187508772 -0.19901492236926954 0.9536006280243077
vn -0.20395596233994295 -0.4661119139333755 0.8608958410373193
vn -0.751337953924577 0.4413459729346796 0.49061696991316067
vn -0.720952782289235 0.6576398014082645 -0.21848793402178823
vn -0.7503039823434717 0.6610929844428296 0
vn -0.6373809571673638 0.6484749564218362 -0.4162039720306777
vn -0.18945604541394573 -0.569737136569996 -0.7996911916915996
vn -0.4510808844644423 0.12522796792530186 0.883653773669346
vn -0.22878804094196675 0.1227030219578916 0.9657121728156574
vn -0.18945604541394573 -0.5697371365699965 0.7996911916915994
vn -0.6568543282459544 0.1289440644364596 0.7429103712502351
vn -0.59795911972249 0.43019108613222246 0.6762991354076121
vn -0.6373809571673638 0.648474956421836 0.41620397203067805
vn -0.7209527822892349 0.6576398014082644 0.21848793402178845
vn -0.59795911972249 0.4301910861322228 -0.6762991354076119
vn -0.5108518750405381 0.6365538442925833 -0.5777798586692859
vn -0.6568543282459544 0.12894406443645992 -0.7429103712502351
vn -0.4451931363548876 -0.20300506217690725 -0.8721192671149102
vn -0.20395596233994295 -0.46611191393337514 -0.8608958410373195
vn 0 0.12181596371925217 0.9925527043855907
vn 0 -0.19761206116647573 0.9802803034242487
vn 0 -0.4634290222452889 0.8861340425357641
vn -0.5108518750405381 0.6365538442925831 0.5777798586692862
vn -0.5326440008777973 0.7715680012715441 -0.347812000573194
vn -0.5999139943044166 0.7791339926029021 -0.18180599827393373
vn -0.6233288492039913 0.7819598108279144 0
vn -0.4292722306546852 0.7615794092085311 -0.48551226087333316
vn 0 -0.5669039365430444 -0.8237839077889298
vn -0.41264808511692935 0.41984008660042343 0.8083661667417066
vn -0.20998003865984846 0.41272007598672544 0.8863241631829295
vn 0 0.4102030908097446 0.9119942018950189
vn 0 -0.5669039365430447 0.8237839077889295
vn -0.35482211005430386 0.6252661939372821 0.6950852155928771
vn -0.5326440008777973 0.7715680012715439 0.34781200057319434
vn -0.4292722306546852 0.7615794092085308 0.4855122608733335
vn -0.5999139943044165 0.7791339926029018 0.181805998273934
vn -0.4510808844644423 0.12522796792530225 -0.883653773669346
vn -0.41264808511692935 0.41984008660042377 -0.8083661667417064
vn -0.35482211005430386 0.6252661939372823 -0.6950852155928768
vn -0.22591791187508772 -0.1990149223692691 -0.9536006280243077
vn 0 -0.4634290222452885 -0.8861340425357643
vn 0.20998003865984846 0.41272007598672544 0.8863241631829295
vn 0.22878804094196675 0.1227030219578916 0.9657121728156574
vn 0.22591791187508772 -0.19901492236926954 0.9536006280243077
vn 0.20395596233994295 -0.4661119139333755 0.8608958410373193
vn -0.2997110260588259 0.7519690653810811 0.5871250510484707
vn -0.3634639051257561 0.8360057817791112 -0.4110818926961295
vn -0.4493131035078223 0.8438221943904975 -0.2933970675895967
vn -0.5046250080078943 0.8496860134836675 -0.15292900242683016
vn -0.5237649093902498 0.8518628526302948 0
vn -0.29971102605882594 0.7519690653810814 -0.5871250510484703
vn 0.18945604541394573 -0.569737136569996 -0.7996911916915996
vn -0.18135099977893318 0.617373999247421 0.7654809990668789
vn 0 0.6145589326683123 0.7888709135705188
vn 0.18135099977893318 0.617373999247421 0.7654809990668789
vn 0.18945604541394573 -0.5697371365699965 0.7996911916915994
vn -0.15373703453718243 0.7451601674009956 0.6489231457812502
vn -0.4493131035078224 0.8438221943904975 0.2933970675895971
vn -0.36346390512575616 0.8360057817791112 0.41108189269612994
vn -0.2546700114387585 0.8284020372085067 0.4988920224082348
vn -0.5046250080078943 0.8496860134836675 0.15292900242683055
vn -0.22878804094196675 0.12270302195789201 -0.9657121728156574
vn -0.20998003865984846 0.4127200759867259 -0.8863241631829293
vn -0.18135099977893315 0.6173739992474213 -0.7654809990668785
vn 0 -0.19761206116647528 -0.9802803034242487
vn 0.20395596233994295 -0.46611191393337514 -0.8608958410373195
vn 0.35482211005430386 0.6252661939372821 0.6950852155928771
vn 0.41264808511692935 0.41984008660042343 0.8083661667417066
vn 0.4510808844644423 0.12522796792530186 0.883653773669346
vn 0.4451931363548876 -0.20300506217690764 0.8721192671149102
vn 0.4004157275554298 -0.4736876777008823 0.7844024662892136
vn -0.2546700114387585 0.8284020372085069 -0.4988920224082345
vn -0.38563419931315923 0.8876234587638653 -0.25181513014942436
vn -0.4323150109881508 0.8921540226758791 -0.13101500333000818
vn -0.13096194324765417 0.8229656433679154 0.5527897604486094
vn -0.4484059978171596 0.8938299956488356 0
vn -0.1537370345371824 0.7451601674009956 -0.6489231457812498
vn 0.37111507336166377 -0.5777011141993896 -0.7270041437134663
vn 0 0.74271388908423 0.6696089000016189
vn 0.15373703453718243 0.7451601674009956 0.6489231457812502
vn 0.2997110260588259 0.7519690653810811 0.5871250510484707
vn 0.37111507336166377 -0.5777011141993899 0.7270041437134661
vn 0 0.8210021479326958 0.5709251028724346
vn -0.3127129685052713 0.8815439112157503 -0.3536819643790993
vn -0.4323150109881508 0.8921540226758791 0.13101500333000857
vn -0.38563419931315923 0.8876234587638651 0.2518151301494248
vn -0.3127129685052713 0.88154391121575 0.35368196437909977
vn -0.21962706545744073 0.8755882609594886 0.4302431282292511
vn 0 0.12181596371925262 -0.9925527043855907
vn 0 0.41020309080974504 -0.9119942018950187
vn 0 0.6145589326683126 -0.7888709135705184
vn 0.22591791187508772 -0.1990149223692691 -0.9536006280243077
vn 0.4004157275554298 -0.473687677700882 -0.7844024662892138
vn 0.4292722306546852 0.7615794092085308 0.4855122608733335
vn 0.5108518750405381 0.6365538442925831 0.5777798586692862
vn 0.59795911972249 0.43019108613222246 0.6762991354076121
vn 0.6568543282459544 0.1289440644364596 0.7429103712502351
vn 0.6477749055991221 -0.2088659695617558 0.7326408932315178
vn 0.5793893455426943 -0.4846592890465244 0.6552963908129862
vn 0 0.8697513556844548 0.49349020181261277
vn -0.21962706545744073 0.8755882609594888 -0.43024312822925065
vn -0.13096194324765417 0.8229656433679157 -0.552789760448609
vn -0.3372531633002134 0.9152934431911419 -0.22022310663348532
vn -0.3776231239870976 0.9188603016945062 -0.11444003757473292
vn -0.39150414622839197 0.9201763436896093 0
vn -0.11313097939585255 0.8713038413124953 0.4775259130298849
vn 0 0.7427138890842302 -0.6696089000016187
vn 0.535227998172464 -0.5891379979883883 -0.605348997933036
vn 0.13096194324765417 0.8229656433679154 0.5527897604486094
vn 0.2546700114387585 0.8284020372085067 0.4988920224082348
vn 0.36346390512575616 0.8360057817791112 0.41108189269612994
vn 0.535227998172464 -0.5891379979883885 0.6053489979330358
vn 0.11313097939585255 0.8713038413124953 0.4775259130298849
vn -0.2739201204128461 0.9104874002421548 -0.3098071361884585
vn -0.3776231239870976 0.9188603016945062 0.11444003757473334
vn -0.3372531633002133 0.9152934431911418 0.22022310663348565
vn -0.2739201204128461 0.9104874002421546 0.30980713618845895
vn -0.19268406052583023 0.9057562845157556 0.37746311856854486
vn 0.22878804094196675 0.12270302195789201 -0.9657121728156574
vn 0.20998003865984846 0.4127200759867259 -0.8863241631829293
vn 0.18135099977893315 0.6173739992474213 -0.7654809990668785
vn 0.4451931363548876 -0.20300506217690725 -0.8721192671149102
vn 0.5793893455426943 -0.48465928904652406 -0.6552963908129864
vn 0.5326440008777973 0.7715680012715439 0.34781200057319434
vn 0.6373809571673638 0.648474956421836 0.41620397203067805
vn 0.751337953924577 0.4413459729346796 0.49061696991316067
vn 0.8298579250517998 0.13301198798708924 0.5418889510595725
vn 0.8176677604147957 -0.21526593692482957 0.5339288435532655
vn 0.7268381955453036 -0.49643113355761626 0.4746181276891423
vn -0.09936402507421678 0.9023392277026256 0.41941710583866193
vn 0.09936402507421678 0.9023392277026256 0.41941710583866193
vn -0.19268406052583023 0.9057562845157558 -0.3774631185685444
vn -0.11313097939585255 0.8713038413124955 -0.47752591302988456
vn 0 0.821002147932696 -0.5709251028724341
vn -0.30044908843645113 0.9334022747446665 -0.19619005774806134
vn -0.33614196451668804 0.9362859011651974 -0.10186898924665892
vn -0.348394939182617 0.937347836372358 0
vn -0.33614196451668804 0.9362859011651974 0.10186898924665934
vn 0.1537370345371824 0.7451601674009956 -0.6489231457812498
vn 0.7268381955453036 -0.49643113355761603 -0.4746181276891425
vn 0.21962706545744073 0.8755882609594886 0.4302431282292511
vn 0.3127129685052713 0.88154391121575 0.35368196437909977
vn 0.4493131035078224 0.8438221943904975 0.2933970675895971
vn 0.6690310014414272 -0.6012830012954643 0.43687100094123843
vn 0 0.9010981920109791 0.4336150923970988
vn -0.2442910575395896 0.9295062189331322 -0.27629706507818924
vn -0.2726341104510527 0.9455033830476085 -0.17802807212372612
vn -0.30044908843645113 0.9334022747446665 0.19619005774806172
vn -0.31590494776417344 0.9487908431146006 0
vn -0.30485684549218783 0.9479065195811915 0.09238795317585724
vn -0.2442910575395896 0.929506218933132 0.2762970650781897
vn -0.17202493179470843 0.9256586329903094 0.33699186638780654
vn 0.4510808844644423 0.12522796792530225 -0.883653773669346
vn 0.41264808511692935 0.41984008660042377 -0.8083661667417064
vn 0.35482211005430386 0.6252661939372823 -0.6950852155928768
vn 0.6477749055991221 -0.20886596956175546 -0.7326408932315178
vn 0.6690310014414275 -0.6012830012954642 -0.43687100094123876
vn 0.8176677604147957 -0.21526593692482934 -0.5339288435532655
vn 0.38563419931315923 0.8876234587638651 0.2518151301494248
vn 0.5999139943044165 0.7791339926029018 0.181805998273934
vn 0.7209527822892349 0.6576398014082644 0.21848793402178845
vn 0.8546029858623029 0.4500859925542274 0.2589909957155121
vn 0.9480937350926923 0.1362469619311735 0.2873239197186912
vn 0.9334969548850268 -0.220342989351044 0.28289998632772684
vn 0.8256774979560325 -0.5056126925678576 0.25022484785357985
vn 0.19268406052583023 0.9057562845157556 0.37746311856854486
vn -0.0887789995569484 0.9228719953944072 0.3747339981298902
vn 0.0887789995569484 0.9228719953944072 0.3747339981298902
vn 0 0.9218583005751744 0.3875271263545968
vn -0.09936402507421678 0.9023392277026259 -0.4194171058386615
vn -0.17202493179470843 0.9256586329903096 -0.3369918663878061
vn -0.0887789995569484 0.9228719953944075 -0.3747339981298898
vn 0 0.869751355684455 -0.49349020181261244
vn 0.13096194324765417 0.8229656433679157 -0.552789760448609
vn -0.22183900889241687 0.9422500377700936 -0.25090301005744714
vn -0.30485684549218783 0.9479065195811915 -0.09238795317585682
vn -0.15632800413894027 0.9390300248617593 -0.3062420081080633
vn -0.20537807617494797 0.9507173526220823 -0.2322850861547865
vn -0.2726341104510527 0.9455033830476085 0.17802807212372657
vn 0.29971102605882594 0.7519690653810814 -0.5871250510484703
vn 0.8256774979560325 -0.5056126925678573 -0.25022484785358007
vn 0.9334969548850268 -0.22034298935104388 -0.28289998632772695
vn 0.2739201204128461 0.9104874002421546 0.30980713618845895
vn 0.3372531633002133 0.9152934431911418 0.22022310663348565
vn 0.5046250080078943 0.8496860134836675 0.15292900242683055
vn 0.4323150109881508 0.8921540226758791 0.13101500333000857
vn 0.7578512233171897 -0.6106661799459457 0.2296700676772332
vn -0.1563280041389403 0.9390300248617593 0.3062420081080638
vn 0.17202493179470843 0.9256586329903094 0.33699186638780654
vn 0.08071999501311887 0.93669394213105 0.34071797895044414
vn -0.08071999501311887 0.93669394213105 0.34071797895044414
vn 0 0.9358430643214317 0.3524170242219755
vn 0.2442910575395896 0.929506218933132 0.2762970650781897
vn 0 0.9358430643214319 -0.3524170242219751
vn -0.08071999501311887 0.9366939421310502 -0.3407179789504437
vn 0 0.9218583005751744 -0.38752712635459624
vn 0 0.9010981920109793 -0.43361509239709833
vn -0.14479797336434286 0.9479308256276668 -0.2836559478213512
vn -0.2522789751028414 0.9535289058971904 -0.16473598374237106
vn -0.19454597372773533 0.9558958709120069 -0.22003397028573435
vn -0.2389010394709941 0.9584311583510506 -0.15600002577417016
vn -0.281992945527569 0.9556028154066998 -0.08545898349193227
vn -0.13720296346656016 0.9533807461404825 -0.2687759284322365
vn -0.07479302710926114 0.9459063428504376 -0.3157011144280994
vn -0.22183900889241687 0.9422500377700934 0.2509030100574476
vn 0.6568543282459544 0.12894406443645992 -0.7429103712502351
vn 0.59795911972249 0.4301910861322228 -0.6762991354076119
vn 0.5108518750405381 0.6365538442925833 -0.5777798586692859
vn 0.8298579250517998 0.13301198798708946 -0.5418889510595725
vn 0.7578512233171897 -0.6106661799459457 -0.22967006767723347
vn 0.9480937350926923 0.1362469619311736 -0.2873239197186911
vn 0.6233288492039913 0.7819598108279144 0
vn 0.7503039823434717 0.6610929844428296 0
vn 0.3776231239870976 0.9188603016945062 0.11444003757473334
vn 0.8912986063625139 0.45341679975078175 0
vn 0.9905030158034758 0.13749100219366897 0
vn 0.9749799131054067 -0.22229298018825017 0
vn 0.860705446863752 -0.5091032643178286 0
vn 0.7891410399206734 -0.614212031071452 0
vn 0.1563280041389403 0.9390300248617593 0.3062420081080638
vn 0.22183900889241687 0.9422500377700934 0.2509030100574476
vn 0.0887789995569484 0.9228719953944075 -0.3747339981298898
vn 0.09936402507421678 0.9023392277026259 -0.4194171058386615
vn 0.08071999501311887 0.9366939421310502 -0.3407179789504437
vn 0.14479797336434286 0.9479308256276668 -0.2836559478213512
vn 0.15632800413894027 0.9390300248617593 -0.3062420081080633
vn 0.07479302710926114 0.9459063428504376 -0.3157011144280994
vn 0 0.9451684706406136 -0.3265831626200033
vn 0.11313097939585255 0.8713038413124955 -0.47752591302988456
vn 0.2546700114387585 0.8284020372085069 -0.4988920224082345
vn 0 0.950885108799805 -0.30954403541787556
vn -0.07088499566307889 0.9515519417816751 -0.2992059816938304
vn -0.1341299408497151 0.955493578634591 -0.2627568841262101
vn -0.2669789809481136 0.960299931472039 -0.08090899422625325
vn -0.2921740497424901 0.9563651628207047 0
vn -0.19016704126111791 0.9579022078389383 -0.21508104666678476
vn 0.07088499566307889 0.9515519417816751 -0.2992059816938304
vn 0.13720296346656016 0.9533807461404825 -0.2687759284322365
vn 0.19016704126111791 0.9579022078389383 -0.21508104666678476
vn 0.19454597372773533 0.9558958709120069 -0.22003397028573435
vn 0.1341299408497151 0.955493578634591 -0.2627568841262101
vn 0.06930298235293339 0.9537417571425681 -0.29252992551121293
vn 0 0.9531030333943482 -0.30264601060395957
vn -0.06930298235293339 0.9537417571425681 -0.29252992551121293
vn 0.1958179737286708 0.9553038718345307 -0.22147197028687932
vn 0.13809504386935 0.9527573026672242 -0.2705240859387524
vn 0.07134400371317011 0.9509060494908576 -0.3011440156733416
vn 0 0.9502310648642001 -0.3115460212665992
vn -0.13809504386935 0.9527573026672242 -0.2705240859387524
vn -0.1958179737286708 0.9553038718345307 -0.22147197028687932
vn -0.281992945527569 0.9556028154066998 0.08545898349193269
vn -0.2522789751028414 0.9535289058971904 0.1647359837423715
vn -0.20537807617494797 0.9507173526220823 0.23228508615478693
vn 0.4292722306546852 0.7615794092085311 -0.48551226087333316
vn 0.33614196451668804 0.9362859011651974 0.10186898924665934
vn 0.30044908843645113 0.9334022747446665 0.19619005774806172
vn 0.5237649093902498 0.8518628526302948 0
vn 0.39150414622839197 0.9201763436896093 0
vn 0.2726341104510527 0.9455033830476085 0.17802807212372657
vn -0.07479302710926114 0.9459063428504374 0.31570111442809984
vn 0 0.9451684706406134 0.32658316262000375
vn 0.07479302710926114 0.9459063428504374 0.31570111442809984
vn 0.17202493179470843 0.9256586329903096 -0.3369918663878061
vn 0.20537807617494797 0.9507173526220823 -0.2322850861547865
vn 0.22183900889241687 0.9422500377700936 -0.25090301005744714
vn 0.2389010394709941 0.9584311583510506 -0.15600002577417016
vn 0.21962706545744073 0.8755882609594888 -0.43024312822925065
vn -0.2765939647335802 0.9609868774717785 0
vn -0.2669789809481136 0.960299931472039 0.08090899422625367
vn -0.27030400634660295 0.9627750226054764 0
vn -0.2334960850910091 0.960329349964726 -0.15247005556337626
vn -0.26091501223821895 0.9621180451281479 -0.0790710037088253
vn -0.24047099938595734 0.9578709975540766 -0.15702499959903646
vn 0.26091501223821895 0.9621180451281479 -0.0790710037088253
vn 0.2669789809481136 0.960299931472039 -0.08090899422625325
vn 0.2334960850910091 0.960329349964726 -0.15247005556337626
vn 0.1945459737277353 0.9558958709120067 0.22003397028573474
vn 0.2334960850910091 0.960329349964726 0.1524700555633767
vn 0.19016704126111791 0.9579022078389383 0.2150810466667852
vn 0.26091501223821895 0.9621180451281479 0.07907100370882572
vn 0.2389010394709941 0.9584311583510506 0.1560000257741706
vn 0.2669789809481136 0.960299931472039 0.08090899422625367
vn 0.27030400634660295 0.9627750226054764 0
vn 0.2765939647335802 0.9609868774717785 0
vn -0.19581797372867074 0.9553038718345305 0.22147197028687973
vn -0.1341299408497151 0.9554935786345907 0.26275688412621057
vn -0.13809504386935 0.952757302667224 0.2705240859387528
vn -0.19016704126111791 0.9579022078389383 0.2150810466667852
vn -0.06930298235293339 0.9537417571425679 0.2925299255112134
vn -0.07134400371317012 0.9509060494908576 0.30114401567334215
vn 0 0.9531030333943482 0.30264601060396007
vn 0 0.9502310648641998 0.31154602126659964
vn 0.07134400371317012 0.9509060494908576 0.30114401567334215
vn 0.06930298235293339 0.9537417571425679 0.2925299255112134
vn 0.13809504386935 0.952757302667224 0.2705240859387528
vn 0.1341299408497151 0.9554935786345907 0.26275688412621057
vn 0.19581797372867074 0.9553038718345305 0.22147197028687973
vn 0.24047099938595728 0.9578709975540763 0.15702499959903687
vn 0 1 0
vn -0.24047099938595728 0.9578709975540763 0.15702499959903687
vn 0.2687401120622314 0.9597634002127835 0.08144303396101947
vn 0.27842195813021303 0.9604588555638071 0
vn 0.2687401120622314 0.9597634002127835 -0.08144303396101905
vn 0.24047099938595734 0.9578709975540766 -0.15702499959903646
vn -0.07134400371317011 0.9509060494908576 -0.3011440156733416
vn -0.2687401120622314 0.9597634002127835 -0.08144303396101905
vn -0.27842195813021303 0.9604588555638071 0
vn -0.2687401120622314 0.9597634002127835 0.08144303396101947
vn -0.26091501223821895 0.9621180451281479 0.07907100370882572
vn -0.2334960850910091 0.960329349964726 0.1524700555633767
vn -0.14479797336434286 0.9479308256276666 0.2836559478213516
vn 0.751337953924577 0.4413459729346798 -0.49061696991316045
vn 0.6373809571673638 0.6484749564218362 -0.4162039720306777
vn 0.8546029858623029 0.4500859925542275 -0.2589909957155119
vn 0.348394939182617 0.937347836372358 0
vn 0.5046250080078943 0.8496860134836675 -0.15292900242683016
vn 0.5999139943044166 0.7791339926029021 -0.18180599827393373
vn 0.4484059978171596 0.8938299956488356 0
vn 0.720952782289235 0.6576398014082645 -0.21848793402178823
vn 0.30485684549218783 0.9479065195811915 0.09238795317585724
vn 0.2522789751028414 0.9535289058971904 0.1647359837423715
vn 0.281992945527569 0.9556028154066998 0.08545898349193269
vn 0.20537807617494797 0.9507173526220823 0.23228508615478693
vn 0.14479797336434286 0.9479308256276666 0.2836559478213516
vn 0.19268406052583023 0.9057562845157558 -0.3774631185685444
vn 0.2522789751028414 0.9535289058971904 -0.16473598374237106
vn 0.281992945527569 0.9556028154066998 -0.08545898349193227
vn 0.2442910575395896 0.9295062189331322 -0.27629706507818924
vn 0.3127129685052713 0.8815439112157503 -0.3536819643790993
vn 0.3634639051257561 0.8360057817791112 -0.4110818926961295
vn -0.2389010394709941 0.9584311583510506 0.1560000257741706
vn -0.1945459737277353 0.9558958709120067 0.22003397028573474
vn -0.13720296346656016 0.9533807461404823 0.26877592843223697
vn 0.07088499566307889 0.9515519417816749 0.29920598169383084
vn 0.13720296346656016 0.9533807461404823 0.26877592843223697
vn 0.5326440008777973 0.7715680012715441 -0.347812000573194
vn 0.3776231239870976 0.9188603016945062 -0.11444003757473292
vn 0.4323150109881508 0.8921540226758791 -0.13101500333000818
vn 0.31590494776417344 0.9487908431146006 0
vn 0.2921740497424901 0.9563651628207047 0
vn 0.2726341104510527 0.9455033830476085 -0.17802807212372612
vn 0.30485684549218783 0.9479065195811915 -0.09238795317585682
vn 0.2739201204128461 0.9104874002421548 -0.3098071361884585
vn -0.07088499566307889 0.9515519417816749 0.29920598169383084
vn 0 0.9508851087998048 0.309544035417876
vn 0.33614196451668804 0.9362859011651974 -0.10186898924665892
vn 0.3372531633002134 0.9152934431911419 -0.22022310663348532
vn 0.30044908843645113 0.9334022747446665 -0.19619005774806134
vn 0.4493131035078223 0.8438221943904975 -0.2933970675895967
vn 0.38563419931315923 0.8876234587638653 -0.25181513014942436
usemtl material_0_0
f 1/1/1 2/2/2 3/3/3
f 1/4/1 4/5/4 2/6/2
f 5/7/5 3/3/3 2/2/2
f 6/8/6 2/6/2 4/5/4
f 3/9/3 5/10/5 7/11/7
f 2/12/2 8/13/8 5/14/5
f 2/15/2 6/16/6 8/17/8
f 4/18/4 9/19/9 6/20/6
f 10/21/10 7/11/7 5/10/5
f 11/22/11 5/14/5 8/13/8
f 12/23/12 8/17/8 6/16/6
f 13/24/13 6/20/6 9/19/9
f 7/25/7 10/26/10 14/27/14
f 5/28/5 11/29/11 10/30/10
f 8/31/8 15/32/15 11/33/11
f 8/34/8 12/35/12 15/36/15
f 6/37/6 13/38/13 12/39/12
f 9/40/9 16/41/16 13/42/13
f 17/43/17 14/27/14 10/26/10
f 18/44/18 10/30/10 11/29/11
f 19/45/19 11/33/11 15/32/15
f 20/46/20 15/36/15 12/35/12
f 21/47/21 12/39/12 13/38/13
f 22/48/22 13/42/13 16/41/16
f 17/49/17 23/50/23 14/51/14
f 10/52/10 18/53/18 17/54/17
f 11/55/11 19/56/19 18/57/18
f 15/58/15 24/59/24 19/60/19
f 20/61/20 25/62/25 15/63/15
f 12/64/12 21/65/21 20/66/20
f 13/67/13 22/68/22 21/69/21
f 16/70/16 26/71/26 22/72/22
f 23/73/23 17/74/17 27/75/27
f 28/76/28 14/51/14 23/50/23
f 29/77/29 17/54/17 18/53/18
f 30/78/30 18/57/18 19/56/19
f 24/79/24 15/63/15 25/62/25
f 31/80/31 19/60/19 24/59/24
f 25/81/25 20/82/20 32/83/32
f 33/84/33 20/66/20 21/65/21
f 34/85/34 21/69/21 22/68/22
f 35/86/35 22/72/22 26/71/26
f 29/87/29 27/75/27 17/74/17
f 27/88/27 36/89/36 23/90/23
f 23/91/23 37/92/37 28/93/28
f 18/94/18 30/95/30 29/96/29
f 30/97/30 19/98/19 38/99/38
f 25/100/25 39/101/39 24/102/24
f 31/103/31 38/99/38 19/98/19
f 24/104/24 40/105/40 31/106/31
f 33/107/33 32/83/32 20/82/20
f 32/108/32 41/109/41 25/110/25
f 21/111/21 34/112/34 33/113/33
f 22/114/22 35/115/35 34/116/34
f 26/117/26 42/118/42 35/119/35
f 27/120/27 29/121/29 43/122/43
f 36/123/36 27/124/27 44/125/44
f 37/126/37 23/90/23 36/89/36
f 45/127/45 28/93/28 37/92/37
f 46/128/46 29/96/29 30/95/30
f 38/129/38 47/130/47 30/131/30
f 39/132/39 25/110/25 41/109/41
f 40/133/40 24/102/24 39/101/39
f 38/134/38 31/135/31 48/136/48
f 49/137/49 31/106/31 40/105/40
f 32/138/32 33/139/33 50/140/50
f 41/141/41 32/142/32 51/143/51
f 52/144/52 33/113/33 34/112/34
f 53/145/53 34/116/34 35/115/35
f 54/146/54 35/119/35 42/118/42
f 46/147/46 43/122/43 29/121/29
f 43/148/43 44/125/44 27/124/27
f 44/149/44 55/150/55 36/151/36
f 36/152/36 56/153/56 37/154/37
f 37/155/37 57/156/57 45/157/45
f 46/158/46 30/131/30 47/130/47
f 47/159/47 38/160/38 58/161/58
f 41/162/41 59/163/59 39/164/39
f 39/165/39 60/166/60 40/167/40
f 49/168/49 48/136/48 31/135/31
f 48/169/48 58/161/58 38/160/38
f 40/170/40 61/171/61 49/172/49
f 52/173/52 50/140/50 33/139/33
f 50/174/50 51/143/51 32/142/32
f 51/175/51 62/176/62 41/177/41
f 34/178/34 53/179/53 52/180/52
f 35/181/35 54/182/54 53/183/53
f 42/184/42 63/185/63 54/186/54
f 43/187/43 46/188/46 64/189/64
f 44/190/44 43/191/43 65/192/65
f 55/193/55 44/194/44 66/195/66
f 56/196/56 36/151/36 55/150/55
f 57/197/57 37/154/37 56/153/56
f 67/198/67 45/157/45 57/156/57
f 47/199/47 64/189/64 46/188/46
f 58/200/58 68/201/68 47/202/47
f 59/203/59 41/177/41 62/176/62
f 60/204/60 39/164/39 59/163/59
f 61/205/61 40/167/40 60/166/60
f 48/206/48 49/207/49 69/208/69
f 58/209/58 48/210/48 70/211/70
f 71/212/71 49/172/49 61/171/61
f 52/213/52 72/214/72 50/215/50
f 50/216/50 73/217/73 51/218/51
f 51/219/51 74/220/74 62/221/62
f 72/222/72 52/180/52 53/179/53
f 75/223/75 53/183/53 54/182/54
f 76/224/76 54/186/54 63/185/63
f 64/225/64 65/192/65 43/191/43
f 65/226/65 66/195/66 44/194/44
f 66/227/66 77/228/77 55/229/55
f 55/230/55 78/231/78 56/232/56
f 56/233/56 79/234/79 57/235/57
f 57/236/57 80/237/80 67/238/67
f 64/239/64 47/202/47 68/201/68
f 68/240/68 58/241/58 81/242/81
f 62/243/62 82/244/82 59/245/59
f 59/246/59 83/247/83 60/248/60
f 60/249/60 84/250/84 61/251/61
f 71/252/71 69/208/69 49/207/49
f 69/253/69 70/211/70 48/210/48
f 70/254/70 81/242/81 58/241/58
f 61/255/61 85/256/85 71/257/71
f 73/258/73 50/215/50 72/214/72
f 74/259/74 51/218/51 73/217/73
f 86/260/86 62/221/62 74/220/74
f 53/261/53 75/262/75 72/263/72
f 54/264/54 76/265/76 75/266/75
f 63/267/63 87/268/87 76/269/76
f 65/270/65 64/271/64 88/272/88
f 66/273/66 65/274/65 89/275/89
f 77/276/77 66/277/66 90/278/90
f 78/279/78 55/229/55 77/228/77
f 79/280/79 56/232/56 78/231/78
f 80/281/80 57/235/57 79/234/79
f 91/282/91 67/238/67 80/237/80
f 68/283/68 88/272/88 64/271/64
f 81/284/81 92/285/92 68/286/68
f 62/287/62 86/288/86 82/289/82
f 83/290/83 59/245/59 82/244/82
f 84/291/84 60/248/60 83/247/83
f 85/292/85 61/251/61 84/250/84
f 69/293/69 71/294/71 93/295/93
f 70/296/70 69/297/69 94/298/94
f 81/299/81 70/300/70 95/301/95
f 96/302/96 71/257/71 85/256/85
f 72/303/72 97/304/97 73/305/73
f 73/306/73 98/307/98 74/308/74
f 74/309/74 99/310/99 86/311/86
f 97/312/97 72/263/72 75/262/75
f 100/313/100 75/266/75 76/265/76
f 101/314/101 76/269/76 87/268/87
f 88/315/88 89/275/89 65/274/65
f 89/316/89 90/278/90 66/277/66
f 90/317/90 102/318/102 77/319/77
f 77/320/77 103/321/103 78/322/78
f 78/323/78 104/324/104 79/325/79
f 79/326/79 105/327/105 80/328/80
f 80/329/80 106/330/106 91/331/91
f 88/332/88 68/286/68 92/285/92
f 92/333/92 81/334/81 107/335/107
f 108/336/108 82/289/82 86/288/86
f 83/337/83 82/338/82 109/339/109
f 84/340/84 83/341/83 110/342/110
f 84/343/84 110/344/110 85/345/85
f 96/346/96 93/295/93 71/294/71
f 93/347/93 94/298/94 69/297/69
f 94/348/94 95/301/95 70/300/70
f 95/349/95 107/335/107 81/334/81
f 85/350/85 111/351/111 96/352/96
f 98/353/98 73/305/73 97/304/97
f 99/354/99 74/308/74 98/307/98
f 112/355/112 86/311/86 99/310/99
f 75/356/75 100/357/100 97/358/97
f 76/359/76 101/360/101 100/361/100
f 87/362/87 113/363/113 101/364/101
f 89/365/89 88/366/88 114/367/114
f 90/368/90 89/369/89 115/370/115
f 102/371/102 90/372/90 116/373/116
f 103/374/103 77/319/77 102/318/102
f 104/375/104 78/322/78 103/321/103
f 105/376/105 79/325/79 104/324/104
f 106/377/106 80/328/80 105/327/105
f 117/378/117 91/331/91 106/330/106
f 92/379/92 114/367/114 88/366/88
f 107/380/107 118/381/118 92/382/92
f 82/383/82 108/384/108 119/385/119
f 86/386/86 112/387/112 108/388/108
f 119/389/119 109/339/109 82/338/82
f 109/390/109 110/342/110 83/341/83
f 111/391/111 85/345/85 110/344/110
f 96/392/96 120/393/120 93/394/93
f 93/395/93 121/396/121 94/397/94
f 94/398/94 122/399/122 95/400/95
f 95/401/95 123/402/123 107/403/107
f 120/404/120 96/352/96 111/351/111
f 97/405/97 124/406/124 98/407/98
f 98/408/98 125/409/125 99/410/99
f 99/411/99 126/412/126 112/413/112
f 124/414/124 97/358/97 100/357/100
f 127/415/127 100/361/100 101/360/101
f 128/416/128 101/364/101 113/363/113
f 114/417/114 115/370/115 89/369/89
f 115/418/115 116/373/116 90/372/90
f 116/419/116 129/420/129 102/421/102
f 102/422/102 130/423/130 103/424/103
f 103/425/103 131/426/131 104/427/104
f 104/428/104 132/429/132 105/430/105
f 105/431/105 133/432/133 106/433/106
f 106/434/106 134/435/134 117/436/117
f 114/437/114 92/382/92 118/381/118
f 118/438/118 107/439/107 135/440/135
f 136/441/136 119/385/119 108/384/108
f 137/442/137 108/388/108 112/387/112
f 109/443/109 119/444/119 138/445/138
f 110/446/110 109/447/109 139/448/139
f 111/449/111 110/450/110 140/451/140
f 121/452/121 93/394/93 120/393/120
f 122/453/122 94/397/94 121/396/121
f 123/454/123 95/400/95 122/399/122
f 141/455/141 107/403/107 123/402/123
f 111/456/111 140/457/140 120/458/120
f 125/459/125 98/407/98 124/406/124
f 126/460/126 99/410/99 125/409/125
f 142/461/142 112/413/112 126/412/126
f 100/462/100 127/463/127 124/464/124
f 101/465/101 128/466/128 127/467/127
f 113/468/113 143/469/143 128/470/128
f 115/471/115 114/472/114 144/473/144
f 116/474/116 115/475/115 145/476/145
f 129/477/129 116/478/116 146/479/146
f 130/480/130 102/421/102 129/420/129
f 131/481/131 103/424/103 130/423/130
f 132/482/132 104/427/104 131/426/131
f 133/483/133 105/430/105 132/429/132
f 134/484/134 106/433/106 133/432/133
f 147/485/147 117/436/117 134/435/134
f 118/486/118 144/473/144 114/472/114
f 141/487/141 135/440/135 107/439/107
f 135/488/135 148/489/148 118/490/118
f 119/491/119 136/492/136 149/493/149
f 108/494/108 137/495/137 136/496/136
f 112/497/112 142/498/142 137/499/137
f 149/500/149 138/445/138 119/444/119
f 138/501/138 139/448/139 109/447/109
f 139/502/139 140/451/140 110/450/110
f 120/503/120 150/504/150 121/505/121
f 121/506/121 151/507/151 122/508/122
f 122/509/122 152/510/152 123/511/123
f 123/512/123 153/513/153 141/514/141
f 150/515/150 120/458/120 140/457/140
f 124/516/124 154/517/154 125/518/125
f 125/519/125 155/520/155 126/521/126
f 126/522/126 156/523/156 142/524/142
f 154/525/154 124/464/124 127/463/127
f 157/526/157 127/467/127 128/466/128
f 158/527/158 128/470/128 143/469/143
f 144/528/144 145/476/145 115/475/115
f 145/529/145 146/479/146 116/478/116
f 129/530/129 146/531/146 159/532/159
f 130/533/130 129/534/129 160/535/160
f 131/536/131 130/537/130 161/538/161
f 132/539/132 131/540/131 162/541/162
f 132/542/132 162/543/162 133/544/133
f 133/545/133 163/546/163 134/547/134
f 134/548/134 164/549/164 147/550/147
f 144/551/144 118/490/118 148/489/148
f 141/552/141 165/553/165 135/554/135
f 148/555/148 135/556/135 166/557/166
f 167/558/167 149/493/149 136/492/136
f 168/559/168 136/496/136 137/495/137
f 169/560/169 137/499/137 142/498/142
f 138/561/138 149/562/149 170/563/170
f 139/564/139 138/565/138 171/566/171
f 171/567/171 172/568/172 139/569/139
f 140/570/140 139/569/139 172/568/172
f 151/571/151 121/505/121 150/504/150
f 153/572/153 123/511/123 152/510/152
f 165/573/165 141/514/141 153/513/153
f 173/574/173 150/575/150 172/576/172
f 140/577/140 172/576/172 150/575/150
f 150/578/150 173/579/173 151/580/151
f 155/581/155 125/518/125 154/517/154
f 156/582/156 126/521/126 155/520/155
f 174/583/174 142/524/142 156/523/156
f 127/584/127 157/585/157 154/586/154
f 128/587/128 158/588/158 157/589/157
f 158/590/158 143/591/143 175/592/175
f 145/593/145 144/594/144 176/595/176
f 146/596/146 145/597/145 177/598/177
f 178/599/178 159/532/159 146/531/146
f 159/600/159 160/535/160 129/534/129
f 160/601/160 161/538/161 130/537/130
f 161/602/161 162/541/162 131/540/131
f 163/603/163 133/544/133 162/543/162
f 164/604/164 134/547/134 163/546/163
f 179/605/179 147/550/147 164/549/164
f 148/606/148 176/595/176 144/594/144
f 180/607/180 135/554/135 165/553/165
f 180/608/180 166/557/166 135/556/135
f 166/609/166 181/610/181 148/611/148
f 149/612/149 167/613/167 182/614/182
f 136/615/136 168/616/168 167/617/167
f 137/618/137 169/619/169 168/620/168
f 142/621/142 174/622/174 169/623/169
f 182/624/182 170/563/170 149/562/149
f 170/625/170 171/566/171 138/565/138
f 170/626/170 182/627/182 183/628/183
f 171/629/171 170/630/170 184/631/184
f 172/632/172 186/633/185 173/634/173
f 185/635/186 151/580/151 173/579/173
f 152/636/152 122/508/122 151/507/151
f 151/637/151 185/638/186 152/639/152
f 188/640/187 153/641/153 189/642/188
f 152/643/152 189/642/188 153/641/153
f 154/644/154 190/645/189 155/646/155
f 155/647/155 191/648/190 156/649/156
f 156/650/156 192/651/191 174/652/174
f 190/653/189 154/586/154 157/585/157
f 193/654/192 157/589/157 158/588/158
f 194/655/193 175/592/175 143/591/143
f 175/656/175 195/657/194 158/658/158
f 176/659/176 177/598/177 145/597/145
f 177/660/177 196/661/195 146/662/146
f 159/663/159 178/664/178 197/665/196
f 178/666/178 146/662/146 196/661/195
f 160/667/160 159/668/159 198/669/197
f 161/670/161 160/671/160 199/672/198
f 162/673/162 161/674/161 200/675/199
f 162/676/162 200/677/199 163/678/163
f 163/679/163 201/680/200 164/681/164
f 164/682/164 202/683/201 179/684/179
f 176/685/176 148/611/148 181/610/181
f 203/686/202 165/687/165 188/688/187
f 165/689/165 203/690/202 180/691/180
f 166/692/166 180/693/180 204/694/203
f 205/695/204 204/694/203 180/693/180
f 204/696/203 205/697/204 206/698/205
f 181/699/181 207/700/206 176/701/176
f 167/702/167 208/703/207 209/704/208
f 209/705/208 182/614/182 167/613/167
f 208/706/207 167/617/167 168/616/168
f 211/707/209 168/620/168 169/619/169
f 212/708/210 169/623/169 174/622/174
f 209/709/208 210/710/211 213/711/212
f 182/712/182 209/713/208 214/714/213
f 214/715/213 183/628/183 182/627/182
f 183/716/183 184/631/184 170/630/170
f 183/717/183 214/718/213 215/719/214
f 215/720/214 216/721/215 183/722/183
f 213/723/212 214/714/213 209/713/208
f 217/724/216 218/725/217 213/726/212
f 214/727/213 213/726/212 218/725/217
f 187/728/218 173/634/173 186/633/185
f 219/729/219 185/730/186 187/731/218
f 173/732/173 187/731/218 185/730/186
f 220/733/220 189/734/188 219/735/219
f 185/736/186 219/735/219 189/734/188
f 189/737/188 152/639/152 185/638/186
f 189/738/188 220/739/220 188/740/187
f 153/741/153 188/688/187 165/687/165
f 191/742/190 155/646/155 190/645/189
f 192/743/191 156/649/156 191/648/190
f 221/744/221 174/652/174 192/651/191
f 157/745/157 193/746/192 190/747/189
f 193/748/192 158/658/158 195/657/194
f 175/749/175 194/750/193 222/751/222
f 195/752/194 175/753/175 223/754/223
f 177/755/177 176/701/176 207/700/206
f 196/756/195 177/757/177 224/758/224
f 225/759/225 197/665/196 178/664/178
f 197/760/196 198/669/197 159/668/159
f 196/761/195 226/762/226 178/763/178
f 198/764/197 199/672/198 160/671/160
f 199/765/198 200/675/199 161/674/161
f 201/766/200 163/678/163 200/677/199
f 202/767/201 164/681/164 201/680/200
f 227/768/227 179/684/179 202/683/201
f 228/769/228 203/770/202 229/771/229
f 188/772/187 229/771/229 203/770/202
f 205/773/204 180/691/180 203/690/202
f 207/774/206 181/775/181 230/776/230
f 181/777/181 166/778/166 231/779/231
f 204/780/203 231/779/231 166/778/166
f 206/781/205 232/782/232 204/783/203
f 233/784/233 205/785/204 228/786/228
f 203/787/202 228/786/228 205/785/204
f 233/788/233 206/698/205 205/697/204
f 231/789/231 204/783/203 232/782/232
f 210/790/211 209/704/208 208/703/207
f 234/791/234 210/792/211 235/793/235
f 234/794/234 213/711/212 210/710/211
f 208/795/207 168/796/168 237/797/236
f 211/798/209 237/797/236 168/796/168
f 169/799/169 212/800/210 211/801/209
f 174/802/174 221/803/221 212/804/210
f 218/805/217 215/719/214 214/718/213
f 218/806/217 217/807/216 238/808/237
f 238/809/237 239/810/238 218/811/217
f 215/812/214 218/811/217 239/810/238
f 184/813/184 183/722/183 216/721/215
f 213/814/212 234/815/234 217/816/216
f 240/817/239 238/808/237 217/807/216
f 238/818/237 240/819/239 241/820/240
f 242/821/241 243/822/242 244/823/243
f 245/824/244 240/825/239 244/826/243
f 217/827/216 244/826/243 240/825/239
f 184/828/184 186/829/185 171/830/171
f 172/831/172 171/830/171 186/829/185
f 229/832/229 188/740/187 220/739/220
f 187/833/218 246/834/245 219/835/219
f 247/836/246 220/837/220 248/838/247
f 190/839/189 249/840/248 191/841/190
f 191/842/190 250/843/249 192/844/191
f 192/845/191 251/846/250 221/847/221
f 249/848/248 190/747/189 193/746/192
f 195/849/194 252/850/251 193/851/192
f 253/852/252 222/751/222 194/750/193
f 222/853/222 223/754/223 175/753/175
f 223/854/223 254/855/253 195/856/194
f 207/857/206 224/758/224 177/757/177
f 224/858/224 255/859/254 196/860/195
f 197/861/196 225/862/225 256/863/255
f 225/864/225 178/763/178 226/762/226
f 198/865/197 197/866/196 257/867/256
f 226/868/226 196/860/195 255/859/254
f 199/869/198 198/870/197 258/871/257
f 200/872/199 199/873/198 259/874/258
f 201/875/200 200/876/199 260/877/259
f 202/878/201 201/879/200 261/880/260
f 227/881/227 202/882/201 262/883/261
f 231/884/231 230/776/230 181/775/181
f 230/885/230 231/886/231 263/887/262
f 206/888/205 233/889/233 264/890/263
f 236/891/264 237/892/236 265/893/265
f 237/894/236 236/895/264 208/896/207
f 210/897/211 208/896/207 236/895/264
f 265/898/265 267/899/266 236/900/264
f 235/901/235 236/900/264 267/899/266
f 236/902/264 235/793/235 210/792/211
f 267/903/266 270/904/267 235/905/235
f 242/906/241 235/905/235 270/904/267
f 235/907/235 242/908/241 234/909/234
f 237/910/236 211/911/209 266/912/268
f 271/913/269 211/801/209 212/800/210
f 272/914/270 212/804/210 221/803/221
f 245/915/244 244/823/243 243/822/242
f 240/916/239 245/917/244 273/918/271
f 239/919/238 274/920/272 215/921/214
f 186/922/185 275/923/273 187/924/218
f 216/925/215 275/926/273 184/927/184
f 186/928/185 184/927/184 275/926/273
f 244/929/243 234/909/234 242/908/241
f 244/930/243 217/816/216 234/815/234
f 273/931/271 241/820/240 240/819/239
f 243/932/242 242/933/241 276/934/274
f 277/935/275 278/936/276 279/937/277
f 278/938/276 277/939/275 280/940/278
f 281/941/279 280/940/278 277/939/275
f 280/942/278 281/943/279 276/944/274
f 282/945/280 276/944/274 281/943/279
f 276/946/274 282/947/280 243/948/242
f 283/949/281 243/948/242 282/947/280
f 243/950/242 283/951/281 245/952/244
f 284/953/282 245/952/244 283/951/281
f 284/954/282 273/918/271 245/917/244
f 277/955/275 285/956/283 281/957/279
f 281/958/279 286/959/284 282/960/280
f 282/961/280 287/962/285 283/963/281
f 283/964/281 288/965/286 284/966/282
f 273/918/271 284/954/282 289/967/287
f 220/968/220 247/969/246 229/970/229
f 246/971/245 187/924/218 275/923/273
f 248/972/247 219/835/219 246/834/245
f 219/973/219 248/838/247 220/837/220
f 291/974/288 229/970/229 247/969/246
f 250/975/249 191/841/190 249/840/248
f 251/976/250 192/844/191 250/843/249
f 292/977/289 221/847/221 251/846/250
f 249/978/248 193/851/192 252/850/251
f 252/979/251 195/856/194 254/855/253
f 222/980/222 253/981/252 261/982/260
f 223/983/223 222/984/222 260/985/259
f 254/986/253 223/987/223 259/988/258
f 255/989/254 224/990/224 293/991/290
f 295/992/291 256/863/255 225/862/225
f 256/993/255 257/867/256 197/866/196
f 225/994/225 226/995/226 295/996/291
f 257/997/256 258/871/257 198/870/197
f 255/998/254 296/999/292 226/1000/226
f 258/1001/257 259/874/258 199/873/198
f 259/1002/258 260/877/259 200/876/199
f 260/1003/259 261/880/260 201/879/200
f 261/1004/260 262/883/261 202/882/201
f 230/1005/230 294/1006/293 207/1007/206
f 232/1008/232 263/887/262 231/886/231
f 294/1009/293 230/1010/230 297/1011/294
f 263/1012/262 297/1011/294 230/1010/230
f 263/1013/262 232/1014/232 298/1015/295
f 299/1016/296 233/1017/233 300/1018/297
f 228/1019/228 300/1018/297 233/1017/233
f 299/1020/296 264/890/263 233/889/233
f 232/1021/232 206/1022/205 301/1023/298
f 264/1024/263 301/1023/298 206/1022/205
f 266/1025/268 265/893/265 237/892/236
f 265/1026/265 266/1027/268 302/1028/299
f 267/1029/266 265/1030/265 269/1031/300
f 302/1032/299 269/1031/300 265/1030/265
f 269/1033/300 268/1034/301 267/1035/266
f 268/1036/301 269/1037/300 303/1038/302
f 270/1039/267 267/1035/266 268/1034/301
f 303/1040/302 278/1041/276 268/1042/301
f 269/1043/300 302/1044/299 304/1045/303
f 268/1046/301 280/1047/278 270/1048/267
f 276/1049/274 270/1048/267 280/1047/278
f 270/1050/267 276/934/274 242/933/241
f 271/1051/269 266/912/268 211/911/209
f 271/1052/269 212/1053/210 306/1054/304
f 272/1055/270 306/1054/304 212/1053/210
f 221/1056/221 292/1057/289 272/1058/270
f 216/1059/215 215/921/214 274/920/272
f 274/1060/272 307/1061/305 216/1062/215
f 275/1063/273 216/1062/215 307/1061/305
f 307/1064/305 308/1065/306 309/1066/307
f 239/1067/238 238/1068/237 310/1069/308
f 310/1070/308 311/1071/309 239/1072/238
f 274/1073/272 239/1072/238 311/1071/309
f 311/1074/309 308/1075/306 274/1076/272
f 307/1077/305 274/1076/272 308/1075/306
f 309/1078/307 246/1079/245 307/1080/305
f 241/1081/240 310/1069/308 238/1068/237
f 241/1082/240 273/1083/271 290/1084/310
f 310/1085/308 241/1086/240 312/1087/311
f 311/1088/309 310/1089/308 313/1090/312
f 278/1091/276 303/1092/302 305/1093/313
f 280/1094/278 268/1042/301 278/1041/276
f 314/1095/314 315/1096/315 305/1097/313
f 279/1098/277 305/1097/313 315/1096/315
f 305/1099/313 279/937/277 278/936/276
f 316/1100/316 317/1101/317 318/1102/318
f 319/1103/319 320/1104/320 321/1105/321
f 317/1106/317 321/1105/321 320/1104/320
f 322/1107/322 319/1108/319 323/1109/323
f 321/1110/321 323/1109/323 319/1108/319
f 322/1111/322 323/1112/323 314/1113/314
f 315/1114/315 314/1113/314 323/1112/323
f 324/1115/324 325/1116/325 326/1117/326
f 328/1118/327 329/1119/328 324/1120/324
f 325/1121/325 324/1120/324 329/1119/328
f 330/1122/329 331/1123/330 328/1124/327
f 329/1125/328 328/1124/327 331/1123/330
f 332/1126/331 331/1127/330 333/1128/332
f 330/1129/329 333/1128/332 331/1127/330
f 334/1130/333 332/1131/331 335/1132/334
f 333/1133/332 335/1132/334 332/1131/331
f 316/1134/316 334/1135/333 336/1136/335
f 335/1137/334 336/1136/335 334/1135/333
f 317/1138/317 316/1139/316 337/1140/336
f 336/1141/335 337/1140/336 316/1139/316
f 338/1142/337 328/1143/327 324/1144/324
f 338/1145/337 330/1146/329 328/1147/327
f 338/1148/337 333/1149/332 330/1150/329
f 335/1151/334 333/1152/332 338/1153/337
f 339/1154/338 340/1155/339 341/1156/340
f 326/1157/326 327/1158/341 339/1159/338
f 321/1160/321 317/1161/317 342/1162/342
f 323/1163/323 321/1164/321 343/1165/343
f 323/1166/323 343/1167/343 315/1168/315
f 315/1169/315 344/1170/344 279/1171/277
f 337/1172/336 342/1162/342 317/1161/317
f 342/1173/342 343/1165/343 321/1164/321
f 344/1174/344 315/1168/315 343/1167/343
f 345/1175/345 279/1171/277 344/1170/344
f 279/1176/277 345/1177/345 277/1178/275
f 285/1179/283 277/1178/275 345/1177/345
f 286/1180/284 281/957/279 285/956/283
f 287/1181/285 282/960/280 286/959/284
f 288/1182/286 283/963/281 287/962/285
f 346/1183/346 284/966/282 288/965/286
f 346/1184/346 289/967/287 284/954/282
f 289/1185/287 290/1084/310 273/1083/271
f 290/1186/310 312/1087/311 241/1086/240
f 312/1187/311 313/1090/312 310/1089/308
f 313/1188/312 347/1189/347 311/1190/309
f 308/1191/306 311/1190/309 347/1189/347
f 338/1192/337 341/1193/340 347/1194/347
f 338/1195/337 339/1196/338 341/1197/340
f 338/1198/337 326/1199/326 339/1200/338
f 338/1201/337 324/1202/324 326/1203/326
f 336/1204/335 335/1205/334 338/1206/337
f 337/1207/336 336/1208/335 338/1209/337
f 342/1210/342 337/1211/336 338/1212/337
f 343/1213/343 342/1214/342 338/1215/337
f 344/1216/344 343/1217/343 338/1218/337
f 345/1219/345 344/1220/344 338/1221/337
f 285/1222/283 345/1223/345 338/1224/337
f 286/1225/284 285/1226/283 338/1227/337
f 287/1228/285 286/1229/284 338/1230/337
f 288/1231/286 287/1232/285 338/1233/337
f 288/1234/286 338/1235/337 346/1236/346
f 346/1237/346 338/1238/337 289/1239/287
f 289/1240/287 338/1241/337 290/1242/310
f 290/1243/310 338/1244/337 312/1245/311
f 312/1246/311 338/1247/337 313/1248/312
f 313/1249/312 338/1250/337 347/1251/347
f 341/1252/340 348/1253/348 347/1254/347
f 308/1255/306 347/1254/347 348/1253/348
f 348/1256/348 341/1156/340 340/1155/339
f 340/1257/339 339/1159/338 327/1158/341
f 327/1258/341 326/1117/326 325/1116/325
f 229/1259/229 291/1260/288 228/1261/228
f 300/1262/297 228/1261/228 291/1260/288
f 249/1263/248 252/1264/251 250/1265/249
f 250/1266/249 349/1267/349 251/1268/250
f 251/1269/250 350/1270/350 292/1271/289
f 252/1272/251 254/1273/253 349/1274/349
f 262/1275/261 261/982/260 253/981/252
f 261/1276/260 260/985/259 222/984/222
f 260/1277/259 259/988/258 223/987/223
f 254/1278/253 259/1279/258 351/1280/351
f 294/1281/293 293/991/290 224/990/224
f 296/1282/292 255/1283/254 352/1284/352
f 293/1285/290 352/1284/352 255/1283/254
f 295/1286/291 353/1287/353 256/1288/255
f 256/1289/255 354/1290/354 257/1291/256
f 355/1292/355 295/996/291 226/995/226
f 257/1293/256 356/1294/356 258/1295/257
f 355/1296/355 226/1000/226 296/999/292
f 258/1297/257 351/1280/351 259/1279/258
f 224/1298/224 207/1007/206 294/1006/293
f 293/1299/290 294/1300/293 357/1301/357
f 297/1302/294 357/1301/357 294/1300/293
f 297/1303/294 263/1304/262 358/1305/358
f 357/1306/357 297/1307/294 359/1308/359
f 358/1309/358 359/1308/359 297/1307/294
f 301/1310/298 298/1015/295 232/1014/232
f 266/1311/268 271/1312/269 360/1313/360
f 360/1314/360 302/1028/299 266/1027/268
f 304/1315/303 303/1038/302 269/1037/300
f 305/1316/313 361/1317/361 314/1318/314
f 361/1319/361 305/1093/313 303/1092/302
f 306/1320/304 360/1313/360 271/1312/269
f 306/1321/304 272/1322/270 364/1323/362
f 365/1324/363 272/1058/270 292/1057/289
f 348/1325/348 309/1066/307 308/1065/306
f 340/1326/339 366/1327/364 348/1328/348
f 309/1329/307 348/1328/348 366/1327/364
f 327/1330/341 367/1331/365 340/1332/339
f 366/1333/364 340/1332/339 367/1331/365
f 325/1334/325 368/1335/366 327/1336/341
f 367/1337/365 327/1336/341 368/1335/366
f 275/1338/273 307/1080/305 246/1079/245
f 366/1339/364 248/1340/247 309/1341/307
f 320/1342/320 319/1343/319 358/1344/358
f 319/1345/319 322/1346/322 359/1347/359
f 314/1348/314 362/1349/367 322/1350/322
f 318/1351/318 370/1352/368 316/1353/316
f 334/1354/333 316/1353/316 370/1352/368
f 320/1355/320 318/1102/318 317/1101/317
f 246/1356/245 309/1341/307 248/1340/247
f 247/1357/246 367/1358/365 291/1359/288
f 349/1360/349 250/1265/249 252/1264/251
f 350/1361/350 251/1268/250 349/1267/349
f 371/1362/369 292/1271/289 350/1270/350
f 351/1363/351 349/1274/349 254/1273/253
f 296/1364/292 352/1365/352 372/1366/370
f 373/1367/371 372/1366/370 352/1365/352
f 353/1368/353 295/1369/291 374/1370/372
f 354/1371/354 256/1288/255 353/1287/353
f 356/1372/356 257/1291/256 354/1290/354
f 355/1373/355 374/1370/372 295/1369/291
f 351/1374/351 258/1295/257 356/1294/356
f 355/1375/355 296/1376/292 374/1377/372
f 352/1378/352 293/1379/290 375/1380/373
f 357/1381/357 375/1380/373 293/1379/290
f 298/1382/295 358/1305/358 263/1304/262
f 301/1383/298 264/1384/263 370/1385/368
f 369/1386/374 370/1385/368 264/1384/263
f 298/1387/295 301/1388/298 318/1389/318
f 370/1390/368 318/1389/318 301/1388/298
f 358/1391/358 298/1392/295 320/1393/320
f 318/1394/318 320/1393/320 298/1392/295
f 377/1395/375 299/1396/296 378/1397/376
f 302/1398/299 360/1399/360 363/1400/377
f 379/1401/378 361/1402/361 304/1403/303
f 303/1404/302 304/1403/303 361/1402/361
f 361/1405/361 379/1406/378 362/1407/367
f 362/1408/367 314/1318/314 361/1317/361
f 363/1409/377 304/1045/303 302/1044/299
f 360/1410/360 306/1411/304 381/1412/379
f 365/1413/363 364/1323/362 272/1322/270
f 364/1414/362 381/1412/379 306/1411/304
f 292/1415/289 371/1416/369 365/1417/363
f 367/1418/365 247/1419/246 366/1420/364
f 248/1421/247 366/1420/364 247/1419/246
f 368/1422/366 291/1359/288 367/1358/365
f 378/1423/376 300/1424/297 368/1425/366
f 329/1426/328 378/1427/376 325/1428/325
f 368/1429/366 325/1428/325 378/1427/376
f 331/1430/330 377/1431/375 329/1432/328
f 378/1433/376 329/1432/328 377/1431/375
f 369/1434/374 377/1435/375 332/1436/331
f 331/1437/330 332/1436/331 377/1435/375
f 370/1438/368 369/1439/374 334/1440/333
f 332/1441/331 334/1440/333 369/1439/374
f 300/1442/297 378/1397/376 299/1396/296
f 264/1443/263 299/1444/296 369/1445/374
f 377/1446/375 369/1445/374 299/1444/296
f 359/1447/359 358/1344/358 319/1343/319
f 376/1448/380 359/1347/359 322/1346/322
f 376/1449/380 322/1350/322 362/1349/367
f 349/1450/349 351/1451/351 350/1452/350
f 350/1453/350 356/1454/356 371/1455/369
f 372/1456/370 373/1457/371 382/1458/381
f 352/1459/352 375/1460/373 373/1461/371
f 380/1462/382 373/1461/371 375/1460/373
f 373/1463/371 380/1464/382 383/1465/383
f 372/1466/370 374/1377/372 296/1376/292
f 353/1467/353 374/1468/372 384/1469/384
f 353/1470/353 384/1471/384 354/1472/354
f 354/1473/354 371/1455/369 356/1454/356
f 356/1474/356 350/1452/350 351/1451/351
f 379/1475/378 383/1465/383 380/1464/382
f 375/1476/373 357/1477/357 376/1478/380
f 359/1479/359 376/1478/380 357/1477/357
f 375/1480/373 376/1481/380 380/1482/382
f 291/1483/288 368/1425/366 300/1424/297
f 381/1484/379 363/1400/377 360/1399/360
f 382/1485/381 383/1486/383 381/1487/379
f 363/1488/377 381/1487/379 383/1486/383
f 383/1489/383 379/1490/378 363/1491/377
f 304/1492/303 363/1491/377 379/1490/378
f 380/1493/382 362/1407/367 379/1406/378
f 364/1494/362 365/1495/363 385/1496/385
f 381/1497/379 364/1498/362 382/1499/381
f 384/1500/384 365/1417/363 371/1416/369
f 362/1501/367 380/1482/382 376/1481/380
f 383/1502/383 382/1458/381 373/1457/371
f 382/1503/381 385/1504/385 372/1505/370
f 374/1506/372 372/1505/370 385/1504/385
f 385/1507/385 384/1469/384 374/1468/372
f 371/1508/369 354/1472/354 384/1471/384
f 384/1509/384 385/1496/385 365/1495/363
f 385/1510/385 382/1499/381 364/1498/362
usemtl material_1_0
f 3//386 2//387 1//388
f 2//387 4//389 1//388
f 2//387 3//386 5//390
f 4//389 2//387 6//391
f 7//392 5//390 3//386
f 5//390 8//393 2//387
f 8//393 6//391 2//387
f 6//391 9//394 4//389
f 5//390 7//392 10//395
f 8//393 5//390 11//396
f 6//391 8//393 12//397
f 9//394 6//391 13//398
f 14//399 10//395 7//392
f 10//395 11//396 5//390
f 11//396 15//400 8//393
f 15//400 12//397 8//393
f 12//397 13//398 6//391
f 13//398 16//401 9//394
f 10//395 14//399 17//402
f 11//396 10//395 18//403
f 15//400 11//396 19//404
f 12//397 15//400 20//405
f 13//398 12//397 21//406
f 16//401 13//398 22//407
f 14//399 23//408 17//402
f 17//402 18//403 10//395
f 18//403 19//404 11//396
f 19//404 24//409 15//400
f 15//400 25//410 20//405
f 20//405 21//406 12//397
f 21//406 22//407 13//398
f 22//407 26//411 16//401
f 27//412 17//402 23//408
f 23//408 14//399 28//413
f 18//403 17//402 29//414
f 19//404 18//403 30//415
f 25//410 15//400 24//409
f 24//409 19//404 31//416
f 32//417 20//405 25//410
f 21//406 20//405 33//418
f 22//407 21//406 34//419
f 26//411 22//407 35//420
f 17//402 27//412 29//414
f 23//408 36//421 27//412
f 28//413 37//422 23//408
f 29//414 30//415 18//403
f 38//423 19//404 30//415
f 24//409 39//424 25//410
f 19//404 38//423 31//416
f 31//416 40//425 24//409
f 20//405 32//417 33//418
f 25//410 41//426 32//417
f 33//418 34//419 21//406
f 34//419 35//420 22//407
f 35//420 42//427 26//411
f 43//428 29//414 27//412
f 44//429 27//412 36//421
f 36//421 23//408 37//422
f 37//422 28//413 45//430
f 30//415 29//414 46//431
f 30//415 47//432 38//423
f 41//426 25//410 39//424
f 39//424 24//409 40//425
f 48//433 31//416 38//423
f 40//425 31//416 49//434
f 50//435 33//418 32//417
f 51//436 32//417 41//426
f 34//419 33//418 52//437
f 35//420 34//419 53//438
f 42//427 35//420 54//439
f 29//414 43//428 46//431
f 27//412 44//429 43//428
f 36//421 55//440 44//429
f 37//422 56//441 36//421
f 45//430 57//442 37//422
f 47//432 30//415 46//431
f 58//443 38//423 47//432
f 39//424 59//444 41//426
f 40//425 60//445 39//424
f 31//416 48//433 49//434
f 38//423 58//443 48//433
f 49//434 61//446 40//425
f 33//418 50//435 52//437
f 32//417 51//436 50//435
f 41//426 62//447 51//436
f 52//437 53//438 34//419
f 53//438 54//439 35//420
f 54//439 63//448 42//427
f 64//449 46//431 43//428
f 65//450 43//428 44//429
f 66//451 44//429 55//440
f 55//440 36//421 56//441
f 56//441 37//422 57//442
f 57//442 45//430 67//452
f 46//431 64//449 47//432
f 47//432 68//453 58//443
f 62//447 41//426 59//444
f 59//444 39//424 60//445
f 60//445 40//425 61//446
f 69//454 49//434 48//433
f 70//455 48//433 58//443
f 61//446 49//434 71//456
f 50//435 72//457 52//437
f 51//436 73//458 50//435
f 62//447 74//459 51//436
f 53//438 52//437 72//457
f 54//439 53//438 75//460
f 63//448 54//439 76//461
f 43//428 65//450 64//449
f 44//429 66//451 65//450
f 55//440 77//462 66//451
f 56//441 78//463 55//440
f 57//442 79//464 56//441
f 67//452 80//465 57//442
f 68//453 47//432 64//449
f 81//466 58//443 68//453
f 59//444 82//467 62//447
f 60//445 83//468 59//444
f 61//446 84//469 60//445
f 49//434 69//454 71//456
f 48//433 70//455 69//454
f 58//443 81//466 70//455
f 71//456 85//470 61//446
f 72//457 50//435 73//458
f 73//458 51//436 74//459
f 74//459 62//447 86//471
f 72//457 75//460 53//438
f 75//460 76//461 54//439
f 76//461 87//472 63//448
f 88//473 64//449 65//450
f 89//474 65//450 66//451
f 90//475 66//451 77//462
f 77//462 55//440 78//463
f 78//463 56//441 79//464
f 79//464 57//442 80//465
f 80//465 67//452 91//476
f 64//449 88//473 68//453
f 68//453 92//477 81//466
f 82//467 86//471 62//447
f 82//467 59//444 83//468
f 83//468 60//445 84//469
f 84//469 61//446 85//470
f 93//478 71//456 69//454
f 94//479 69//454 70//455
f 95//480 70//455 81//466
f 85//470 71//456 96//481
f 73//458 97//482 72//457
f 74//459 98//483 73//458
f 86//471 99//484 74//459
f 75//460 72//457 97//482
f 76//461 75//460 100//485
f 87//472 76//461 101//486
f 65//450 89//474 88//473
f 66//451 90//475 89//474
f 77//462 102//487 90//475
f 78//463 103//488 77//462
f 79//464 104//489 78//463
f 80//465 105//490 79//464
f 91//476 106//491 80//465
f 92//477 68//453 88//473
f 86//471 82//467 108//492
f 109//493 82//467 83//468
f 110//494 83//468 84//469
f 85//470 110//494 84//469
f 71//456 93//478 96//481
f 69//454 94//479 93//478
f 70//455 95//480 94//479
f 81//466 107//495 95//480
f 96//481 111//496 85//470
f 97//482 73//458 98//483
f 98//483 74//459 99//484
f 99//484 86//471 112//497
f 97//482 100//485 75//460
f 100//485 101//486 76//461
f 101//486 113//498 87//472
f 114//499 88//473 89//474
f 115//500 89//474 90//475
f 116//501 90//475 102//487
f 102//487 77//462 103//488
f 103//488 78//463 104//489
f 104//489 79//464 105//490
f 105//490 80//465 106//491
f 106//491 91//476 117//502
f 88//473 114//499 92//477
f 107//495 81//466 92//477
f 92//477 118//503 107//495
f 119//504 108//492 82//467
f 108//492 112//497 86//471
f 82//467 109//493 119//504
f 83//468 110//494 109//493
f 110//494 85//470 111//496
f 93//478 120//505 96//481
f 94//479 121//506 93//478
f 95//480 122//507 94//479
f 107//495 123//508 95//480
f 111//496 96//481 120//505
f 98//483 124//509 97//482
f 99//484 125//510 98//483
f 112//497 126//511 99//484
f 100//485 97//482 124//509
f 101//486 100//485 127//512
f 113//498 101//486 128//513
f 89//474 115//500 114//499
f 90//475 116//501 115//500
f 102//487 129//514 116//501
f 103//488 130//515 102//487
f 104//489 131//516 103//488
f 105//490 132//517 104//489
f 106//491 133//518 105//490
f 117//502 134//519 106//491
f 118//503 92//477 114//499
f 135//520 107//495 118//503
f 108//492 119//504 136//521
f 112//497 108//492 137//522
f 138//523 119//504 109//493
f 139//524 109//493 110//494
f 140//525 110//494 111//496
f 120//505 93//478 121//506
f 121//506 94//479 122//507
f 122//507 95//480 123//508
f 123//508 107//495 141//526
f 120//505 140//525 111//496
f 124//509 98//483 125//510
f 125//510 99//484 126//511
f 126//511 112//497 142//527
f 124//509 127//512 100//485
f 127//512 128//513 101//486
f 128//513 143//528 113//498
f 144//529 114//499 115//500
f 145//530 115//500 116//501
f 146//531 116//501 129//514
f 129//514 102//487 130//515
f 130//515 103//488 131//516
f 131//516 104//489 132//517
f 132//517 105//490 133//518
f 133//518 106//491 134//519
f 134//519 117//502 147//532
f 114//499 144//529 118//503
f 107//495 135//520 141//526
f 118//503 148//533 135//520
f 136//521 137//522 108//492
f 137//522 142//527 112//497
f 119//504 138//523 149//534
f 109//493 139//524 138//523
f 110//494 140//525 139//524
f 121//506 150//535 120//505
f 122//507 151//536 121//506
f 123//508 152//537 122//507
f 141//526 153//538 123//508
f 140//525 120//505 150//535
f 125//510 154//539 124//509
f 126//511 155//540 125//510
f 142//527 156//541 126//511
f 127//512 124//509 154//539
f 128//513 127//512 157//542
f 143//528 128//513 158//543
f 115//500 145//530 144//529
f 116//501 146//531 145//530
f 159//544 146//531 129//514
f 160//545 129//514 130//515
f 161//546 130//515 131//516
f 162//547 131//516 132//517
f 133//518 162//547 132//517
f 134//519 163//548 133//518
f 147//532 164//549 134//519
f 148//533 118//503 144//529
f 135//520 165//550 141//526
f 166//551 135//520 148//533
f 136//521 149//534 167//552
f 149//534 136//521 119//504
f 137//522 136//521 168//553
f 142//527 137//522 169//554
f 170//555 149//534 138//523
f 138//523 171//556 170//555
f 171//556 138//523 139//524
f 172//557 139//524 140//525
f 150//535 121//506 151//536
f 151//536 122//507 152//537
f 152//537 123//508 153//538
f 153//538 141//526 165//550
f 172//557 150//535 173//558
f 150//535 172//557 140//525
f 151//536 173//558 150//535
f 154//539 125//510 155//540
f 155//540 126//511 156//541
f 156//541 142//527 174//559
f 154//539 157//542 127//512
f 157//542 158//543 128//513
f 175//560 143//528 158//543
f 176//561 144//529 145//530
f 177//562 145//530 146//531
f 146//531 159//544 178//563
f 129//514 160//545 159//544
f 130//515 161//546 160//545
f 131//516 162//547 161//546
f 162//547 133//518 163//548
f 163//548 134//519 164//549
f 164//549 147//532 179//564
f 144//529 176//561 148//533
f 165//550 135//520 180//565
f 135//520 166//551 180//565
f 182//566 167//552 149//534
f 167//552 168//553 136//521
f 168//553 169//554 137//522
f 169//554 174//559 142//527
f 149//534 170//555 182//566
f 183//567 182//566 170//555
f 139//524 172//557 171//556
f 173//558 151//536 185//568
f 173//558 186//569 172//557
f 185//568 187//570 173//558
f 152//537 185//568 151//536
f 153//538 189//571 152//537
f 165//550 188//572 153//538
f 155//540 190//573 154//539
f 156//541 191//574 155//540
f 174//559 192//575 156//541
f 157//542 154//539 190//573
f 158//543 157//542 193//576
f 143//528 175//560 194//577
f 158//543 195//578 175//560
f 145//530 177//562 176//561
f 146//531 196//579 177//562
f 197//580 178//563 159//544
f 196//579 146//531 178//563
f 198//581 159//544 160//545
f 199//582 160//545 161//546
f 200//583 161//546 162//547
f 163//548 200//583 162//547
f 164//549 201//584 163//548
f 179//564 202//585 164//549
f 181//586 148//533 176//561
f 188//572 165//550 203//587
f 180//565 203//587 165//550
f 204//588 180//565 166//551
f 180//565 204//588 205//589
f 148//533 181//586 166//551
f 208//590 209//591 210//592
f 209//591 208//590 167//552
f 167//552 182//566 209//591
f 168//553 167//552 208//590
f 169//554 168//553 211//593
f 174//559 169//554 212//594
f 214//595 209//591 182//566
f 182//566 183//567 214//595
f 170//555 184//596 183//567
f 209//591 214//595 213//597
f 218//598 213//597 214//595
f 184//596 170//555 171//556
f 186//569 173//558 187//570
f 187//570 185//568 219//599
f 185//568 152//537 189//571
f 189//571 219//599 185//568
f 189//571 153//538 188//572
f 190//573 155//540 191//574
f 191//574 156//541 192//575
f 192//575 174//559 221//600
f 190//573 193//576 157//542
f 195//578 158//543 193//576
f 222//601 194//577 175//560
f 223//602 175//560 195//578
f 207//603 176//561 177//562
f 224//604 177//562 196//579
f 178//563 197//580 225//605
f 159//544 198//581 197//580
f 178//563 226//606 196//579
f 160//545 199//582 198//581
f 161//546 200//583 199//582
f 200//583 163//548 201//584
f 201//584 164//549 202//585
f 202//585 179//564 227//607
f 176//561 207//603 181//586
f 203//587 229//608 188//572
f 203//587 180//565 205//589
f 231//609 166//551 181//586
f 166//551 231//609 204//588
f 206//610 205//589 204//588
f 228//611 205//589 233//612
f 205//589 228//611 203//587
f 205//589 206//610 233//612
f 181//586 230//613 231//609
f 235//614 210//592 234//615
f 236//616 208//590 210//592
f 237//617 168//553 208//590
f 168//553 237//617 211//593
f 211//593 212//594 169//554
f 212//594 221//600 174//559
f 210//592 213//597 234//615
f 213//597 210//592 209//591
f 213//597 218//598 217//618
f 214//595 215//619 218//598
f 215//619 214//595 183//567
f 238//620 217//618 218//598
f 239//621 218//598 215//619
f 183//567 216//622 215//619
f 216//622 183//567 184//596
f 217//618 238//620 240//623
f 218//598 239//621 238//620
f 217//618 234//615 213//597
f 240//623 244//624 217//618
f 171//556 186//569 184//596
f 186//569 171//556 172//557
f 219//599 189//571 220//625
f 188//572 220//625 189//571
f 220//625 188//572 229//608
f 191//574 249//626 190//573
f 192//575 250//627 191//574
f 221//600 251//628 192//575
f 193//576 190//573 249//626
f 193//576 252//629 195//578
f 194//577 222//601 253//630
f 175//560 223//602 222//601
f 195//578 254//631 223//602
f 177//562 224//604 207//603
f 256//632 225//605 197//580
f 226//606 178//563 225//605
f 257//633 197//580 198//581
f 255//634 196//579 226//606
f 258//635 198//581 199//582
f 259//636 199//582 200//583
f 260//637 200//583 201//584
f 261//638 201//584 202//585
f 262//639 202//585 227//607
f 229//608 203//587 228//611
f 230//613 181//586 207//603
f 232//640 204//588 231//609
f 231//609 263//641 232//640
f 204//588 232//640 206//610
f 237//617 265//642 266//643
f 265//642 237//617 236//616
f 208//590 236//616 237//617
f 210//592 235//614 236//616
f 236//616 267//644 265//642
f 267//644 236//616 235//614
f 267//644 268//645 269//646
f 235//614 270//647 267//644
f 270//647 235//614 242//648
f 266//643 211//593 237//617
f 212//594 211//593 271//649
f 221//600 212//594 272//650
f 244//624 243//651 242//648
f 243//651 244//624 245//652
f 244//624 240//623 245//652
f 273//653 245//652 240//623
f 274//654 215//619 216//622
f 187//570 275//655 186//569
f 184//596 275//655 216//622
f 275//655 184//596 186//569
f 242//648 234//615 244//624
f 234//615 217//618 244//624
f 240//623 241//656 273//653
f 241//656 240//623 238//620
f 242//648 276//657 270//647
f 276//657 242//648 243//651
f 280//658 277//659 278//660
f 277//659 280//658 281//661
f 276//657 281//661 280//658
f 281//661 276//657 282//662
f 243//651 282//662 276//657
f 282//662 243//651 283//663
f 245//652 283//663 243//651
f 283//663 245//652 284//664
f 245//652 273//653 284//664
f 281//661 285//665 277//659
f 282//662 286//666 281//661
f 283//663 287//667 282//662
f 284//664 288//668 283//663
f 289//669 284//664 273//653
f 290//670 273//653 241//656
f 234//615 242//648 235//614
f 275//655 187//570 246//671
f 246//671 219//599 248//672
f 219//599 246//671 187//570
f 248//672 220//625 247//673
f 220//625 248//672 219//599
f 229//608 247//673 220//625
f 249//626 191//574 250//627
f 250//627 192//575 251//628
f 251//628 221//600 292//674
f 252//629 193//576 249//626
f 254//631 195//578 252//629
f 261//638 253//630 222//601
f 260//637 222//601 223//602
f 259//636 223//602 254//631
f 196//579 255//634 224//604
f 293//675 224//604 255//634
f 224//604 293//675 294//676
f 225//605 256//632 295//677
f 197//580 257//633 256//632
f 295//677 226//606 225//605
f 198//581 258//635 257//633
f 226//606 296//678 255//634
f 199//582 259//636 258//635
f 200//583 260//637 259//636
f 201//584 261//638 260//637
f 202//585 262//639 261//638
f 263//641 231//609 230//613
f 230//613 297//679 263//641
f 300//680 233//612 299//681
f 233//612 300//680 228//611
f 264//682 233//612 206//610
f 233//612 264//682 299//681
f 302//683 266//643 265//642
f 269//646 265//642 267//644
f 265//642 269//646 302//683
f 269//646 303//684 304//685
f 303//684 269//646 268//645
f 268//645 267//644 270//647
f 305//686 303//684 278//660
f 304//685 302//683 269//646
f 211//593 266//643 271//649
f 306//687 212//594 271//649
f 212//594 306//687 272//650
f 272//650 292//674 221//600
f 215//619 274//654 239//621
f 216//622 307//688 274//654
f 307//688 216//622 275//655
f 309//689 308//690 307//688
f 310//691 238//620 239//621
f 239//621 311//692 310//691
f 311//692 239//621 274//654
f 274//654 308//690 311//692
f 308//690 274//654 307//688
f 238//620 310//691 241//656
f 312//693 241//656 310//691
f 270//647 280//658 268//645
f 280//658 270//647 276//657
f 278//660 268//645 280//658
f 305//686 315//694 314//695
f 315//694 305//686 279//696
f 278//660 279//696 305//686
f 279//696 278//660 277//659
f 318//697 317//698 316//699
f 321//700 320//701 319//702
f 320//701 321//700 317//698
f 323//703 319//702 322//704
f 319//702 323//703 321//700
f 314//695 323//703 322//704
f 323//703 314//695 315//694
f 326//705 325//706 324//707
f 325//706 326//705 327//708
f 324//707 329//709 328//710
f 329//709 324//707 325//706
f 328//710 331//711 330//712
f 331//711 328//710 329//709
f 333//713 331//711 332//714
f 331//711 333//713 330//712
f 335//715 332//714 334//716
f 332//714 335//715 333//713
f 336//717 334//716 316//699
f 334//716 336//717 335//715
f 337//718 316//699 317//698
f 316//699 337//718 336//717
f 324//707 328//710 338//719
f 328//710 330//712 338//719
f 330//712 333//713 338//719
f 338//719 333//713 335//715
f 339//720 327//708 326//705
f 342//721 317//698 321//700
f 343//722 321//700 323//703
f 315//694 343//722 323//703
f 279//696 344//723 315//694
f 277//659 345//724 279//696
f 317//698 342//721 337//718
f 321//700 343//722 342//721
f 343//722 315//694 344//723
f 344//723 279//696 345//724
f 345//724 277//659 285//665
f 285//665 281//661 286//666
f 286//666 282//662 287//667
f 287//667 283//663 288//668
f 288//668 284//664 346//725
f 284//664 289//669 346//725
f 273//653 290//670 289//669
f 241//656 312//693 290//670
f 310//691 313//726 312//693
f 313//726 310//691 311//692
f 311//692 347//727 313//726
f 347//727 311//692 308//690
f 347//727 341//728 338//719
f 341//728 339//720 338//719
f 339//720 326//705 338//719
f 326//705 324//707 338//719
f 338//719 335//715 336//717
f 338//719 336//717 337//718
f 338//719 337//718 342//721
f 338//719 342//721 343//722
f 338//719 343//722 344//723
f 338//719 344//723 345//724
f 338//719 345//724 285//665
f 338//719 285//665 286//666
f 338//719 286//666 287//667
f 338//719 287//667 288//668
f 346//725 338//719 288//668
f 289//669 338//719 346//725
f 290//670 338//719 289//669
f 312//693 338//719 290//670
f 313//726 338//719 312//693
f 347//727 338//719 313//726
f 347//727 348//729 341//728
f 348//729 347//727 308//690
f 341//728 340//730 339//720
f 340//730 341//728 348//729
f 327//708 339//720 340//730
f 247//673 229//608 291//731
f 291//731 228//611 300//680
f 228//611 291//731 229//608
f 250//627 252//629 249//626
f 251//628 349//732 250//627
f 292//674 350//733 251//628
f 349//732 254//631 252//629
f 253//630 261//638 262//639
f 222//601 260//637 261//638
f 223//602 259//636 260//637
f 351//734 259//636 254//631
f 255//634 352//735 293//675
f 207//603 294//676 230//613
f 297//679 230//613 294//676
f 256//632 353//736 295//677
f 257//633 354//737 256//632
f 226//606 295//677 355//738
f 258//635 356//739 257//633
f 352//735 255//634 296//678
f 296//678 226//606 355//738
f 259//636 351//734 258//635
f 294//676 207//603 224//604
f 357//740 294//676 293//675
f 294//676 357//740 297//679
f 358//741 263//641 297//679
f 297//679 359//742 358//741
f 298//743 232//640 263//641
f 232//640 298//743 301//744
f 301//744 206//610 232//640
f 206//610 301//744 264//682
f 360//745 271//649 266//643
f 266//643 302//683 360//745
f 361//746 314//695 362//747
f 314//695 361//746 305//686
f 303//684 305//686 361//746
f 268//645 278//660 303//684
f 302//683 304//685 363//748
f 271//649 360//745 306//687
f 364//749 272//650 306//687
f 292//674 272//650 365//750
f 308//690 309//689 348//729
f 348//729 366//751 340//730
f 366//751 348//729 309//689
f 340//730 367//752 327//708
f 367//752 340//730 366//751
f 327//708 368//753 325//706
f 368//753 327//708 367//752
f 307//688 246//671 309//689
f 246//671 307//688 275//655
f 248//672 309//689 246//671
f 358//741 319//702 320//701
f 359//742 322//704 319//702
f 334//716 369//754 370//755
f 316//699 370//755 318//697
f 370//755 316//699 334//716
f 317//698 318//697 320//701
f 309//689 248//672 366//751
f 252//629 250//627 349//732
f 349//732 251//628 350//733
f 350//733 292//674 371//756
f 254//631 349//732 351//734
f 372//757 352//735 296//678
f 374//758 295//677 353//736
f 353//736 256//632 354//737
f 354//737 257//633 356//739
f 295//677 374//758 355//738
f 356//739 258//635 351//734
f 374//758 296//678 355//738
f 375//759 293//675 352//735
f 293//675 375//759 357//740
f 359//742 297//679 357//740
f 376//760 357//740 375//759
f 263//641 358//741 298//743
f 370//755 264//682 301//744
f 318//697 301//744 298//743
f 301//744 318//697 370//755
f 363//748 360//745 302//683
f 379//761 363//748 304//685
f 304//685 361//746 379//761
f 361//746 304//685 303//684
f 379//761 362//747 380//762
f 362//747 379//761 361//746
f 322//704 362//747 314//695
f 362//747 322//704 376//760
f 360//745 363//748 381//763
f 381//763 306//687 360//745
f 272//650 364//749 365//750
f 365//750 371//756 292//674
f 247//673 366//751 248//672
f 366//751 247//673 367//752
f 367//752 291//731 368//753
f 291//731 367//752 247//673
f 264//682 370//755 369//754
f 325//706 378//764 329//709
f 378//764 325//706 368//753
f 329//709 377//765 331//711
f 377//765 329//709 378//764
f 332//714 377//765 369//754
f 377//765 332//714 331//711
f 369//754 334//716 332//714
f 378//764 299//681 377//765
f 299//681 378//764 300//680
f 369//754 299//681 264//682
f 299//681 369//754 377//765
f 319//702 358//741 359//742
f 322//704 359//742 376//760
f 350//733 351//734 349//732
f 371//756 356//739 350//733
f 352//735 372//757 373//766
f 382//767 373//766 372//757
f 373//766 382//767 383//768
f 375//759 373//766 380//762
f 383//768 380//762 373//766
f 296//678 374//758 372//757
f 384//769 374//758 353//736
f 354//737 384//769 353//736
f 356//739 371//756 354//737
f 351//734 350//733 356//739
f 373//766 375//759 352//735
f 357//740 376//760 359//742
f 320//701 298//743 358//741
f 298//743 320//701 318//697
f 368//753 300//680 378//764
f 300//680 368//753 291//731
f 381//763 383//768 382//767
f 383//768 381//763 363//748
f 363//748 379//761 383//768
f 380//762 383//768 379//761
f 380//762 376//760 375//759
f 376//760 380//762 362//747
f 306//687 381//763 364//749
f 385//770 365//750 364//749
f 382//767 364//749 381//763
f 371//756 365//750 384//769
f 372//757 385//770 382//767
f 385//770 372//757 374//758
f 374//758 384//769 385//770
f 384//769 354//737 371//756
f 365//750 385//770 384//769
f 364//749 382//767 385//770
