# SSTK version 0.8.0
# 4
mtllib original-4.mtl
o mesh32/mesh32-geometry#mesh32-geometry
v 0.388203 0.638486 0.096873
v 0.351492 -0.356874 0.289697
v 0.357649 -0.356874 0.029653
v 0.382673 0.638486 0.265793
v 0.341816 -0.868183 0.303134
v 0.375454 0.161474 -0.000502
v 0.341416 -0.356874 0.343318
v 0.365402 0.638486 0.265502
v 0.331995 -0.868183 0.353059
v 0.346803 -0.868183 0.156703
v 0.362497 0.161474 -0.291115
v 0.389423 0.638487 -0.013489
v 0.371693 0.638486 0.323382
v 0.372126 0.638487 -0.013451
v 0.326395 -0.868183 0.302887
v 0.331367 -0.868183 0.156710
v 0.347926 -0.868183 0.061035
v 0.345328 -0.356874 -0.245464
v 0.376054 0.638487 -0.308954
v 0.314085 -0.356874 0.382889
v 0.305404 -0.868183 0.389912
v 0.340667 -0.356874 0.132412
v 0.355835 0.638486 0.315844
v 0.317838 -0.868183 0.346529
v 0.332482 -0.868183 0.061073
v 0.350620 0.161474 -0.347495
v 0.363750 0.638487 -0.366273
v 0.358793 0.638487 -0.308295
v 0.341926 0.638486 0.365885
v 0.294631 -0.868183 0.378725
v 0.358774 0.161474 -0.000468
v 0.335630 -0.356874 0.289424
v 0.329855 0.638486 0.352975
v 0.326851 -0.356874 0.336297
v 0.320666 -0.868183 -0.194510
v 0.336078 -0.868183 -0.195086
v 0.325109 -0.820294 -0.244770
v 0.347973 0.638487 -0.358323
v 0.300380 0.638486 0.392931
v 0.268301 -0.868183 0.413369
v 0.262173 -0.868183 0.399210
v 0.341763 -0.356874 0.029685
v 0.333012 0.638487 -0.408080
v 0.320970 0.161474 -0.388622
v 0.320983 0.638487 -0.394853
v 0.345853 0.161474 -0.290471
v 0.335407 0.161474 -0.339680
v 0.293510 0.638486 0.376595
v 0.329476 -0.356874 -0.244853
v 0.311020 -0.868183 -0.237874
v 0.325109 -0.868183 -0.244770
v 0.305785 -0.356874 -0.337768
v 0.309373 0.161474 -0.375615
v 0.252847 0.638486 0.386402
v 0.226944 -0.868183 0.423108
v 0.225863 -0.868183 0.407723
v 0.297677 -0.820294 -0.281001
v 0.290855 0.638487 -0.434163
v 0.284071 0.638487 -0.417665
v 0.280312 0.161474 -0.414286
v 0.273775 0.161474 -0.398060
v 0.294740 -0.356874 -0.325454
v 0.254064 0.638486 0.404150
v 0.286933 -0.868183 -0.269531
v 0.297677 -0.868183 -0.281001
v 0.243484 0.638487 -0.426541
v 0.267065 -0.356874 -0.362061
v 0.260837 -0.356874 -0.346700
v 0.286933 -0.820294 -0.269531
v 0.105791 0.638486 0.395761
v -0.001828 -0.356874 0.430772
v -0.001865 -0.868183 0.419207
v 0.292900 -0.832158 -0.261689
v 0.260045 -0.868183 -0.303599
v 0.277344 0.511428 -0.431201
v -0.012083 0.638487 -0.451625
v 0.234636 0.161474 -0.406799
v 0.260045 -0.820294 -0.303599
v 0.235410 0.161474 -0.424279
v 0.223563 -0.356874 -0.354971
v 0.253982 -0.820294 -0.289295
v 0.106359 0.638486 0.413550
v 0.095063 -0.868183 0.431301
v -0.001950 -0.356874 0.414195
v 0.253983 -0.868183 -0.289295
v 0.286933 -0.832158 -0.269531
v 0.217747 -0.868183 -0.296977
v 0.277276 0.638370 -0.437117
v 0.255933 0.514294 -0.436002
v 0.244292 0.638487 -0.444312
v -0.011896 0.638487 -0.433824
v -0.011627 0.161474 -0.414019
v 0.224302 -0.356874 -0.371518
v 0.217747 -0.820294 -0.296977
v -0.010268 -0.820295 -0.303214
v 0.311020 -0.820294 -0.237874
v -0.002205 0.638486 0.399561
v -0.002075 0.638486 0.417365
v -0.001754 -0.868183 0.434640
v -0.099454 -0.356874 0.412940
v -0.010268 -0.832158 -0.303214
v 0.218474 -0.868183 -0.312383
v -0.010430 -0.868183 -0.318645
v 0.255866 0.638370 -0.441784
v 0.277031 0.590779 -0.458343
v 0.275123 0.622758 -0.624054
v -0.011811 0.161474 -0.431528
v -0.260577 0.638487 -0.438498
v -0.010972 -0.356874 -0.361789
v 0.218474 -0.820294 -0.312383
v 0.253982 -0.832158 -0.289295
v 0.311020 -0.832158 -0.237874
v -0.099710 -0.356874 0.429510
v -0.096916 -0.868183 0.433511
v -0.096659 -0.868183 0.418085
v -0.108376 0.638486 0.398231
v -0.010268 -0.868183 -0.303214
v 0.255694 0.638365 -0.456777
v 0.276863 0.590779 -0.473009
v 0.277038 0.638370 -0.457736
v 0.253949 0.612096 -0.608243
v -0.114529 0.161474 -0.427820
v -0.259315 0.638487 -0.420753
v -0.113912 0.161474 -0.410327
v -0.108387 -0.356874 -0.358288
v -0.011146 -0.356874 -0.378365
v 0.217747 -0.832158 -0.296977
v -0.231180 -0.820294 -0.291809
v 0.320666 -0.820294 -0.194510
v -0.108657 0.638486 0.416026
v -0.223067 -0.868183 0.412896
v -0.249955 0.638486 0.392195
v -0.231181 -0.832158 -0.291809
v -0.232302 -0.868183 -0.307191
v 0.255673 0.590779 -0.458518
v 0.272184 0.638368 -0.457913
v 0.276865 0.590779 -0.472816
v 0.278267 0.590779 -0.458332
v 0.255512 0.590779 -0.472569
v 0.273727 0.638368 -0.457857
v 0.255505 0.590779 -0.473141
v 0.253802 0.620345 -0.621020
v 0.276863 0.649025 -0.473009
v -0.108974 -0.356874 -0.374848
v -0.251427 0.161474 -0.418672
v -0.307645 0.638487 -0.426680
v -0.104978 -0.820294 -0.299907
v -0.010430 -0.820294 -0.318645
v 0.320666 -0.832158 -0.194510
v -0.223831 -0.868183 0.428299
v -0.231180 -0.868183 -0.291809
v -0.105540 -0.820294 -0.315325
v 0.047614 0.638244 -0.434171
v 0.264946 0.638370 -0.458179
v 0.255673 0.638370 -0.458518
v 0.344813 0.590779 -0.448689
v -0.288942 0.590779 -0.451777
v 0.286647 0.649291 -0.472929
v 0.255505 0.649025 -0.473141
v 0.275077 0.628029 -0.628029
v -0.266399 0.515045 -0.431311
v -0.287759 0.638370 -0.431667
v -0.300880 0.638487 -0.410393
v -0.250206 0.161474 -0.401218
v -0.238191 -0.356874 -0.349655
v 0.332481 -0.820294 0.061073
v -0.250805 0.638486 0.409964
v -0.291390 0.638486 0.383139
v 0.332481 -0.832158 0.061073
v -0.268295 -0.820295 -0.282816
v -0.274330 -0.868183 -0.296933
v -0.232302 -0.820294 -0.307191
v 0.278267 0.638370 -0.458332
v -0.257173 0.638244 -0.421449
v 0.255679 0.638370 -0.458071
v 0.372208 0.590779 -0.455016
v 0.325513 0.638370 -0.453860
v -0.287991 0.638370 -0.451789
v 0.053163 0.590779 -0.470230
v 0.286647 0.590779 -0.472929
v 0.053324 0.590779 -0.456296
v 0.254277 0.635357 -0.579835
v 0.253714 0.630709 -0.628652
v 0.275745 0.638034 -0.570097
v 0.254936 0.649026 -0.522575
v -0.239353 -0.356874 -0.366178
v -0.287692 0.512071 -0.425827
v -0.266465 0.638370 -0.437014
v -0.351028 0.638487 -0.398334
v -0.290285 0.161474 -0.391038
v -0.266081 -0.868183 0.419373
v -0.305370 -0.868183 0.396638
v -0.260059 -0.868183 0.405058
v -0.342141 0.638486 0.373408
v -0.298128 0.638486 0.399650
v -0.268295 -0.832158 -0.282816
v -0.268295 -0.868183 -0.282816
v -0.274330 -0.820294 -0.296933
v 0.262192 0.638244 -0.425697
v -0.027285 0.638244 -0.433968
v 0.034179 0.638370 -0.455512
v 0.397995 0.590779 -0.429186
v 0.361336 0.638370 -0.440942
v -0.288942 0.638370 -0.451777
v -0.266638 0.638370 -0.452035
v 0.031810 0.590779 -0.469984
v 0.335310 0.590779 -0.468322
v 0.031971 0.590779 -0.456050
v 0.254476 0.645343 -0.562540
v 0.253703 0.645705 -0.629640
v 0.275514 0.638034 -0.590068
v 0.275829 0.645344 -0.562788
v 0.276289 0.649026 -0.522821
v -0.296812 0.161474 -0.407058
v -0.268367 0.612096 -0.602227
v -0.266643 0.590779 -0.452491
v -0.287980 0.638366 -0.450859
v -0.287991 0.590779 -0.451808
v -0.339063 0.638487 -0.385556
v -0.327099 0.161474 -0.366617
v -0.276362 -0.356874 -0.340015
v -0.302395 -0.820295 -0.261275
v 0.326395 -0.820295 0.302887
v -0.303142 -0.356874 0.377434
v -0.330162 0.638486 0.360132
v -0.302395 -0.832158 -0.261275
v -0.313074 -0.868183 -0.272347
v -0.282578 -0.356874 -0.355181
v 0.247200 0.649291 -0.427256
v -0.027285 0.649291 -0.433968
v -0.257173 0.649291 -0.421449
v -0.042778 0.638370 -0.454622
v 0.386449 0.649291 -0.443906
v 0.375162 0.590779 -0.430155
v -0.336897 0.638370 -0.446094
v -0.061529 0.638370 -0.454406
v -0.287991 0.638370 -0.451808
v -0.266643 0.638370 -0.452491
v 0.053157 0.590779 -0.470811
v -0.042945 0.590779 -0.469120
v 0.031804 0.590779 -0.470565
v 0.355189 0.649291 -0.462996
v -0.042785 0.590779 -0.455190
v 0.031971 0.638370 -0.456050
v 0.052043 0.638021 -0.567500
v 0.275078 0.661045 -0.627957
v 0.323068 0.638052 -0.580654
v 0.323240 0.646697 -0.565682
v 0.254917 0.661045 -0.524183
v 0.254475 0.665316 -0.562539
v -0.289900 0.622758 -0.617547
v -0.266812 0.590779 -0.467126
v -0.288160 0.590779 -0.466478
v -0.338640 0.161474 -0.379188
v -0.382665 0.638487 -0.354256
v -0.311425 -0.356874 -0.316895
v -0.327215 -0.820294 -0.227736
v 0.326395 -0.832158 0.302887
v -0.342432 -0.820295 0.072010
v -0.294671 -0.868183 0.385126
v -0.374766 0.638486 0.331622
v -0.327215 -0.832158 -0.227736
v -0.302395 -0.868183 -0.261275
v -0.313074 -0.820294 -0.272347
v -0.322416 -0.356874 -0.328793
v 0.277163 0.649291 -0.422335
v 0.088594 0.649291 -0.433326
v -0.287234 0.649291 -0.415716
v 0.406926 0.649291 -0.410378
v 0.406926 0.590779 -0.410378
v 0.277163 0.638244 -0.422335
v 0.386371 0.638370 -0.415864
v -0.336897 0.590779 -0.446094
v 0.053444 0.521225 -0.445878
v -0.064298 0.590779 -0.468873
v -0.064138 0.590779 -0.454943
v 0.032085 0.521519 -0.446149
v 0.051813 0.638021 -0.587477
v 0.052158 0.655323 -0.557512
v 0.254077 0.645343 -0.597131
v 0.253773 0.672067 -0.623581
v 0.275430 0.645344 -0.597378
v 0.322968 0.640369 -0.589298
v 0.323167 0.640369 -0.572009
v 0.323267 0.655341 -0.563366
v 0.275829 0.665317 -0.562788
v 0.276223 0.672067 -0.528559
v -0.268515 0.620345 -0.615004
v -0.266812 0.649025 -0.467126
v -0.266805 0.590779 -0.466533
v -0.288158 0.590779 -0.466286
v -0.297579 0.590779 -0.466177
v -0.366849 0.638487 -0.346875
v -0.353884 0.161474 -0.328578
v -0.336493 -0.820294 -0.182749
v 0.317838 -0.820295 0.346529
v -0.342432 -0.832158 0.072010
v -0.330813 -0.820295 0.310459
v -0.334487 -0.868183 0.360425
v -0.329640 -0.356874 0.343417
v -0.359011 0.638486 0.323604
v -0.344109 -0.356874 0.350881
v -0.329513 -0.832158 -0.216591
v -0.327215 -0.868183 -0.227736
v -0.341335 -0.868183 -0.234129
v -0.297579 0.649291 -0.466177
v -0.384951 0.649291 -0.446013
v -0.302240 0.638244 -0.410122
v -0.042732 0.638370 -0.450528
v -0.064138 0.638370 -0.454944
v 0.395043 0.590779 -0.397603
v -0.373770 0.590779 -0.432201
v -0.346972 0.590779 -0.460323
v 0.053387 0.638370 -0.450825
v 0.051565 0.613955 -0.609032
v 0.031804 0.649025 -0.470565
v -0.064305 0.590779 -0.469458
v -0.042785 0.638370 -0.455190
v -0.042952 0.590779 -0.469704
v 0.051366 0.630709 -0.626322
v 0.052587 0.649026 -0.520245
v 0.254046 0.655330 -0.599806
v 0.275126 0.672067 -0.623827
v 0.275400 0.655330 -0.600053
v 0.330317 0.646697 -0.585728
v 0.330432 0.646697 -0.575747
v 0.330489 0.655341 -0.570756
v 0.254797 0.681782 -0.534656
v 0.052127 0.665311 -0.560188
v -0.288160 0.649025 -0.466478
v -0.268602 0.630709 -0.622636
v -0.369137 0.161474 -0.335841
v -0.394494 0.638487 -0.295244
v 0.317838 -0.832158 0.346529
v -0.336493 -0.832158 -0.182749
v -0.330813 -0.832158 0.310459
v -0.320417 -0.868183 0.353470
v -0.387930 0.638486 0.274677
v -0.356206 -0.356874 0.297855
v 0.305878 0.649291 -0.410226
v 0.305878 0.638244 -0.410226
v -0.346972 0.649291 -0.460323
v -0.411660 0.649291 -0.419498
v -0.316764 0.649291 -0.402747
v -0.064022 0.521404 -0.444840
v 0.417275 0.590779 -0.358583
v 0.395043 0.638370 -0.397603
v -0.373770 0.638370 -0.432201
v -0.384951 0.590779 -0.446013
v 0.053157 0.649025 -0.470811
v 0.030174 0.615947 -0.612061
v -0.042675 0.521703 -0.445613
v 0.051358 0.649026 -0.626989
v 0.051729 0.645334 -0.594789
v 0.052521 0.672067 -0.525983
v 0.254077 0.665316 -0.597131
v 0.275514 0.672627 -0.590068
v 0.253941 0.689877 -0.608992
v 0.322868 0.655342 -0.597941
v 0.322895 0.646697 -0.595625
v 0.323240 0.663986 -0.565682
v 0.275629 0.675303 -0.580083
v 0.276055 0.689877 -0.543148
v 0.254277 0.675302 -0.579835
v 0.051928 0.675300 -0.577489
v -0.289946 0.628029 -0.621522
v -0.268041 0.635357 -0.573820
v -0.288734 0.649026 -0.516314
v -0.377222 0.638487 -0.294982
v -0.363876 0.161474 -0.277540
v -0.346456 -0.356874 -0.232565
v 0.294630 -0.820295 0.378725
v -0.346224 -0.868183 0.311066
v -0.340356 -0.356874 0.297212
v -0.370671 0.638486 0.273983
v -0.336493 -0.868183 -0.182749
v -0.351913 -0.868183 -0.182970
v -0.362318 -0.356874 -0.232811
v 0.417275 0.649291 -0.358583
v -0.399706 0.590779 -0.434515
v -0.330456 0.638244 -0.393618
v -0.408608 0.638370 -0.388005
v 0.405090 0.590779 -0.347317
v 0.405090 0.638370 -0.347317
v -0.388095 0.638370 -0.421038
v 0.051395 0.625318 -0.623785
v 0.031235 0.649026 -0.519999
v 0.030023 0.628029 -0.625207
v -0.064305 0.649025 -0.469458
v -0.044619 0.618075 -0.614473
v 0.030003 0.648115 -0.626931
v 0.031216 0.661045 -0.521606
v 0.051729 0.665311 -0.594789
v 0.275407 0.696044 -0.599401
v 0.322895 0.663986 -0.595625
v 0.330275 0.660333 -0.589382
v 0.333049 0.655341 -0.580768
v 0.323167 0.670314 -0.572009
v 0.330432 0.663986 -0.575747
v 0.254589 0.696044 -0.552739
v -0.289279 0.638034 -0.563590
v -0.289965 0.648115 -0.623246
v -0.268613 0.648115 -0.623492
v -0.267926 0.638033 -0.563834
v -0.267381 0.649026 -0.516560
v -0.380531 0.161474 -0.277801
v -0.383776 0.638486 -0.001095
v 0.294630 -0.832158 0.378725
v 0.262173 -0.820295 0.399210
v -0.320417 -0.820295 0.353470
v -0.330813 -0.868183 0.310459
v -0.380050 0.638486 0.106597
v -0.364871 -0.356874 0.141555
v -0.354573 -0.868183 0.165557
v 0.331009 0.649291 -0.390989
v 0.341501 0.638244 -0.378717
v -0.420834 0.590779 -0.400491
v -0.342965 0.649291 -0.382765
v 0.427140 0.649291 0.451585
v 0.427140 0.590779 0.451585
v -0.399702 0.590779 -0.406458
v -0.042952 0.649025 -0.469704
v -0.065861 0.612096 -0.604559
v 0.051377 0.661045 -0.625381
v 0.031095 0.681782 -0.532080
v 0.254321 0.701350 -0.575947
v 0.322968 0.670314 -0.589298
v 0.323068 0.672631 -0.580654
v 0.275813 0.699972 -0.564103
v 0.052354 0.689877 -0.540572
v -0.289508 0.638034 -0.583561
v -0.268155 0.638033 -0.583805
v -0.065419 0.638021 -0.566147
v -0.288800 0.672067 -0.522052
v -0.289163 0.655330 -0.553605
v -0.386808 0.161474 0.011609
v -0.401072 0.638486 -0.000998
v -0.370130 0.161474 0.011517
v -0.352432 -0.356874 0.041079
v -0.342432 -0.868183 0.072010
v 0.262173 -0.832158 0.399210
v 0.225863 -0.820295 0.407723
v -0.320417 -0.832158 0.353470
v -0.001865 -0.820295 0.419207
v -0.368315 -0.356874 0.041167
v 0.350221 0.649291 -0.364684
v -0.427243 0.649291 -0.377027
v -0.353944 0.638244 -0.370215
v 0.361177 0.649291 -0.331371
v 0.410591 0.590779 0.104735
v 0.361177 0.638244 -0.331371
v 0.030071 0.672067 -0.621004
v -0.064875 0.649026 -0.518892
v -0.066008 0.620345 -0.617336
v -0.044714 0.625318 -0.622678
v 0.051497 0.681781 -0.614907
v -0.334189 0.638052 -0.573084
v -0.289623 0.655330 -0.593546
v -0.289945 0.661045 -0.621450
v -0.268271 0.655330 -0.593791
v -0.065534 0.635344 -0.576136
v -0.267810 0.655330 -0.553848
v -0.267520 0.681782 -0.528641
v -0.334017 0.646697 -0.558112
v 0.225863 -0.832158 0.407723
v -0.001865 -0.832158 0.419207
v -0.294671 -0.832158 0.385126
v -0.294671 -0.820295 0.385126
v -0.357874 -0.868183 0.072100
v -0.408607 0.590779 -0.388005
v -0.430907 0.590779 -0.348637
v -0.363040 0.649291 -0.355995
v -0.418387 0.638370 -0.337661
v 0.420958 0.590779 0.473690
v 0.374630 0.649291 -0.088723
v 0.414668 0.590779 0.439253
v 0.414668 0.638370 0.439254
v 0.372686 0.638370 -0.310088
v -0.043522 0.649026 -0.519137
v -0.066086 0.628029 -0.624100
v -0.044753 0.638315 -0.626110
v 0.030887 0.696044 -0.550162
v 0.030239 0.689877 -0.606416
v 0.051705 0.696044 -0.596825
v -0.334089 0.640369 -0.564440
v -0.334289 0.640369 -0.581728
v -0.334361 0.646697 -0.588056
v -0.268592 0.661045 -0.621696
v -0.065733 0.645334 -0.593436
v -0.065304 0.655323 -0.556159
v -0.288968 0.689877 -0.536640
v -0.289279 0.672627 -0.563590
v -0.333990 0.655341 -0.555796
v -0.223067 -0.820295 0.412896
v -0.430907 0.649291 -0.348637
v -0.369905 0.638244 -0.340135
v -0.418387 0.590779 -0.337661
v 0.414465 0.649291 0.480838
v 0.402362 0.590779 0.467655
v 0.375752 0.638244 -0.048452
v 0.376021 0.649291 0.032321
v 0.413834 0.638370 0.370723
v -0.043588 0.672067 -0.524876
v 0.052112 0.699972 -0.561527
v -0.341438 0.646697 -0.568009
v -0.341553 0.646697 -0.577990
v -0.334388 0.655341 -0.590372
v -0.289592 0.665316 -0.590870
v -0.268471 0.681781 -0.611222
v -0.268240 0.665316 -0.591115
v -0.065764 0.655323 -0.596112
v -0.066104 0.649026 -0.625636
v -0.065335 0.665311 -0.558835
v -0.267925 0.672626 -0.563834
v -0.267729 0.696044 -0.546723
v -0.334017 0.663986 -0.558112
v -0.341396 0.660332 -0.564356
v -0.223067 -0.832158 0.412896
v -0.260059 -0.832158 0.405058
v -0.260059 -0.820295 0.405058
v -0.422164 0.649291 0.456953
v -0.374190 0.649291 -0.322662
v -0.374190 0.638244 -0.322662
v -0.409899 0.590779 0.444465
v 0.405180 0.590779 0.485886
v 0.057123 0.649291 0.399715
v 0.381240 0.590779 0.475784
v 0.368314 0.649291 0.289704
v 0.408666 0.638370 0.460715
v 0.413933 0.638370 0.378907
v 0.380150 0.638367 0.337806
v -0.044732 0.661045 -0.624274
v -0.064941 0.672067 -0.524630
v 0.030481 0.699972 -0.585460
v -0.341611 0.655341 -0.582981
v -0.334361 0.663986 -0.588056
v -0.289729 0.689877 -0.602731
v -0.268263 0.696044 -0.593140
v -0.289349 0.701350 -0.569686
v -0.289393 0.675302 -0.573575
v -0.334089 0.670314 -0.564440
v -0.422164 0.590779 0.456953
v -0.382218 0.638244 -0.082135
v -0.409899 0.638370 0.444465
v 0.392710 0.649291 0.489211
v 0.271387 0.649291 0.386305
v -0.095235 0.649291 0.400153
v 0.381240 0.638370 0.475784
v 0.376021 0.638244 0.032321
v 0.358030 0.649291 0.323225
v 0.414523 0.638370 0.371397
v 0.412950 0.638370 0.391423
v 0.414523 0.613966 0.371397
v 0.380260 0.638370 0.347580
v -0.043756 0.689877 -0.539465
v -0.044612 0.681781 -0.613800
v -0.344170 0.655341 -0.572969
v -0.334289 0.670314 -0.581728
v -0.268155 0.672626 -0.583805
v -0.065733 0.665311 -0.593436
v -0.066038 0.672067 -0.619897
v -0.065534 0.675300 -0.576136
v -0.267996 0.701350 -0.569932
v -0.334189 0.672631 -0.573084
v -0.414544 0.649291 0.480014
v -0.382425 0.649291 -0.042802
v -0.377845 0.638366 0.346491
v -0.410598 0.638370 0.380007
v -0.402501 0.590779 0.466855
v 0.356642 0.590779 0.492197
v 0.346223 0.590779 0.478683
v 0.286180 0.649291 0.382596
v 0.256592 0.638244 0.388201
v 0.019110 0.638244 0.400811
v 0.368314 0.638244 0.289704
v 0.339308 0.649291 0.349971
v 0.322549 0.638370 0.479086
v 0.380129 0.638366 0.337786
v 0.377761 0.638343 0.335472
v 0.380129 0.638366 0.337808
v 0.378282 0.638349 0.337996
v -0.065109 0.689877 -0.539219
v -0.341553 0.663986 -0.577990
v -0.414544 0.590779 0.480014
v -0.346185 0.649291 0.499653
v -0.379019 0.649291 0.081541
v -0.377587 0.638368 0.346227
v -0.381983 0.638244 -0.004280
v -0.410482 0.638370 0.390719
v -0.395375 0.638370 0.474213
v 0.356642 0.649291 0.492197
v 0.314555 0.649291 0.369807
v 0.286180 0.638244 0.382596
v -0.139442 0.638244 0.398687
v 0.358030 0.638244 0.323225
v 0.372088 0.638324 0.338626
v 0.370052 0.496076 0.327938
v -0.043997 0.699972 -0.560420
v -0.044275 0.699972 -0.584599
v -0.065870 0.689877 -0.605309
v -0.397046 0.649291 0.493000
v -0.262932 0.649291 0.392357
v -0.367105 0.649291 0.294033
v -0.367105 0.638244 0.294033
v -0.377890 0.638367 0.346536
v -0.377578 0.638365 0.346217
v -0.411481 0.638370 0.380910
v -0.377514 0.638370 0.352074
v -0.377842 0.638366 0.346540
v -0.377584 0.638368 0.346560
v -0.376540 0.638358 0.346642
v -0.409447 0.638370 0.400894
v -0.385513 0.590779 0.479463
v -0.311948 0.590779 0.486100
v 0.269353 0.638370 0.396854
v -0.262932 0.638244 0.392357
v 0.369131 0.638294 0.327037
v 0.339308 0.638244 0.349971
v 0.314555 0.638244 0.369807
v 0.359273 0.496076 0.338968
v 0.365822 0.638288 0.331762
v 0.360164 0.638285 0.339840
v -0.065489 0.701350 -0.572264
v -0.397046 0.590779 0.493000
v -0.293463 0.649291 0.383331
v -0.383723 0.649291 0.496582
v -0.362461 0.649291 0.312110
v -0.376214 0.638354 0.344820
v -0.372577 0.638370 0.482940
v -0.366885 0.590779 0.498684
v 0.011604 0.638370 0.434769
v -0.336133 0.638370 0.485922
v -0.225482 0.638370 0.484774
v -0.322037 0.649291 0.366831
v -0.278273 0.638244 0.388789
v -0.369300 0.599170 0.498383
v -0.345940 0.649291 0.343032
v -0.355293 0.638244 0.328451
v -0.367121 0.638294 0.335517
v -0.372689 0.638346 0.346944
v -0.411481 0.613966 0.380910
v -0.356230 0.590779 0.484981
v -0.308164 0.638244 0.376004
v -0.003793 0.638370 0.437035
v -0.225656 0.638370 0.469671
v -0.210061 0.638370 0.484614
v 0.012151 0.638370 0.482307
v -0.364848 0.638292 0.338609
v -0.357863 0.638285 0.348109
v -0.368022 0.496076 0.336438
v -0.334742 0.638244 0.355833
v -0.004020 0.638370 0.417342
v -0.210259 0.638370 0.467406
v -0.210056 0.638370 0.485053
v -0.225477 0.638370 0.485231
v -0.003270 0.638370 0.482468
v 0.012154 0.638370 0.482494
v 0.011398 0.638370 0.416892
v -0.356992 0.496076 0.347217
v -0.226332 0.638370 0.411010
v -0.210056 0.606335 0.485053
v -0.003268 0.638370 0.482672
v 0.012154 0.609713 0.482494
v -0.003990 0.422117 0.419979
v -0.003268 0.609713 0.482672
v -0.210901 0.638370 0.411668
v -0.225477 0.606335 0.485231
v 0.011429 0.421337 0.419541
v -0.226296 0.370402 0.414103
v -0.210865 0.373071 0.414730
vn 0.9992255125351193 -0.031095006073959028 0.02411380716909916
vn 0.9939572281670604 -0.022658010226468482 0.10740411140655298
vn 0.999654396406518 -0.02624700774110976 -0.0014772710510752394
vn -0.999654396406518 0.02624700774110976 0.0014772710510752394
vn -0.9939572281670604 0.022658010226468482 -0.10740411140655298
vn -0.9992255125351193 0.031095006073959028 -0.02411380716909916
vn 0.9904294939846396 -0.02773198752446299 0.13520486053864217
vn -0.9904294939846396 0.02773198752446299 -0.13520486053864217
vn 0.996369297510753 -0.014888006794813264 0.0838246397642514
vn -0.996369297510753 0.014888006794813264 -0.0838246397642514
vn 0.9993162800959057 -0.03181599240658925 -0.01883387805167633
vn -0.9993162800959057 0.03181599240658925 0.01883387805167633
vn 0.9213452165779922 -0.015457992802419876 0.38843795173408735
vn -0.9213452165779922 0.015457992802419876 -0.38843795173408735
vn 0 1 0
vn 0 -1 0
vn 0.9446894862831334 -0.010852998444710918 0.32778649595562764
vn -0.9446894862831334 0.010852998444710918 -0.32778649595562764
vn 0.9996176415604228 -0.015518001687264533 0.022885853814356386
vn -0.9996176415604228 0.015518001687264533 -0.022885853814356386
vn 0.9912747559969113 -0.03763999933081722 -0.1263233492812791
vn -0.9912747559969113 0.03763999933081722 0.1263233492812791
vn 0.9994121378637447 -0.029732011699950177 -0.01707003722588723
vn -0.9994121378637447 0.029732011699950177 0.01707003722588723
vn 0.8919291995401449 -0.017974995835310488 0.4518176651398186
vn -0.8919291995401449 0.017974995835310488 -0.4518176651398186
vn 0.9994329334096201 -0.020891001214832543 -0.026407909506122457
vn -0.9994329334096201 0.020891001214832543 0.026407909506122457
vn 0.991122372856817 -0.03640901637506796 -0.1278703466378044
vn -0.991122372856817 0.03640901637506796 0.1278703466378044
vn 0.9944558450095798 -0.032142013847971725 -0.10012224164529723
vn -0.9944558450095798 0.032142013847971725 0.10012224164529723
vn 0.6969556532117096 -0.005432997792934344 0.7170936479925208
vn -0.6969556532117096 0.005432997792934344 -0.7170936479925208
vn 0.7352594201940094 -0.002516999300833941 0.6777811222883748
vn -0.7352594201940094 0.002516999300833941 -0.6777811222883748
vn -0.9993161822501665 0.02805399089562566 -0.024086126458616464
vn 0.9993161822501665 -0.02805399089562566 0.024086126458616464
vn 0.9154144933165292 -0.051282991107658396 -0.3992322134411172
vn -0.9154144933165292 0.051282991107658396 0.3992322134411172
vn 0.9386319981074825 -0.03948298916314498 -0.3426529814484298
vn -0.9386319981074825 0.03948298916314498 0.3426529814484298
vn 0.6950018263188892 -0.007157998575024757 0.7189723391548581
vn -0.6950018263188892 0.007157998575024757 -0.7189723391548581
vn -0.9991730562930715 0.027141995070077612 -0.030274010001621856
vn 0.9991730562930715 -0.027141995070077612 0.030274010001621856
vn -0.9990620546119423 0.029112991437215307 -0.03205377924895979
vn 0.9990620546119423 -0.029112991437215307 0.03205377924895979
vn -0.9821118431850824 0.02488999698849702 -0.1866462309437642
vn 0.9821118431850824 -0.02488999698849702 0.1866462309437642
vn -0.9992749643532781 0.017152998051127806 -0.03399000256858984
vn 0.9992749643532781 -0.017152998051127806 0.03399000256858984
vn -0.9812248550608313 0.013447001452148293 -0.19239792608756665
vn 0.9812248550608313 -0.013447001452148293 0.19239792608756665
vn -0.9997766549750065 0.01763199411096773 -0.011651306821889001
vn 0.9997766549750065 -0.01763199411096773 0.011651306821889001
vn 0.9277080918263848 -0.3359520333887624 -0.16276955373104554
vn -0.9277080918263848 0.3359520333887624 0.16276955373104554
vn 0.8979829913527999 -0.04893399223662284 -0.43730082511340357
vn -0.8979829913527999 0.04893399223662284 0.43730082511340357
vn -0.9985538567785216 0.029177996776327462 0.045153511678054536
vn 0.9985538567785216 -0.029177996776327462 -0.045153511678054536
vn 0.39849320091867313 0.003734999745805714 0.917163681465031
vn -0.39849320091867313 -0.003734999745805714 -0.917163681465031
vn 0.44696856738067375 0.0034450010475892507 0.8945430295639499
vn -0.44696856738067375 -0.0034450010475892507 -0.8945430295639499
vn -0.9994252595050184 0.032177989880972896 -0.010664315756141839
vn 0.9994252595050184 -0.032177989880972896 0.010664315756141839
vn -0.9993470987071595 0.016653999801034537 -0.032062760271222755
vn 0.9993470987071595 -0.016653999801034537 0.032062760271222755
vn -0.9826062817356751 0.0248309943272853 -0.18403346656059422
vn 0.9826062817356751 -0.0248309943272853 0.18403346656059422
vn -0.8192992726381503 0.01207799771176885 -0.573238888968528
vn 0.8192992726381503 -0.01207799771176885 0.573238888968528
vn -0.982827563709715 0.012903997785822373 -0.1840746230569801
vn 0.982827563709715 -0.012903997785822373 0.1840746230569801
vn -0.8112145799126267 0.0025980000216903527 -0.5847428116129928
vn 0.8112145799126267 -0.0025980000216903527 0.5847428116129928
vn -0.9997900395822066 0.017495001424425463 -0.010667786901172255
vn 0.9997900395822066 -0.017495001424425463 0.010667786901172255
vn -0.9987135471859467 0.020964002475513322 0.0461710002866533
vn 0.9987135471859467 -0.020964002475513322 -0.0461710002866533
vn 0.7256149221360999 -0.0466590180298648 -0.6865172399946778
vn -0.7256149221360999 0.0466590180298648 0.6865172399946778
vn 0.6846442201103762 -0.0678069742437294 -0.7257165466718842
vn -0.6846442201103762 0.0678069742437294 0.7257165466718842
vn -0.9985957196955463 0.028752996135798754 0.044495548304844465
vn 0.9985957196955463 -0.028752996135798754 -0.044495548304844465
vn -0.9768356393206917 0.033988997713934065 0.21127442293694232
vn 0.9768356393206917 -0.033988997713934065 -0.21127442293694232
vn -0.5337301242214049 -0.001973999835762668 -0.8456525633043704
vn 0.5337301242214049 0.001973999835762668 0.8456525633043704
vn -0.9983750166359465 0.03536401468248762 0.044684590439104596
vn 0.9983750166359465 -0.03536401468248762 -0.044684590439104596
vn -0.8568473048157373 0.011223001125116816 -0.5154480967815793
vn 0.8568473048157373 -0.011223001125116816 0.5154480967815793
vn -0.9987665831972737 0.021610998873667093 0.04470209185402657
vn 0.9987665831972737 -0.021610998873667093 -0.04470209185402657
vn 0.8081466439136424 -0.45561615165459496 -0.3732464658674925
vn -0.8081466439136424 0.45561615165459496 0.3732464658674925
vn 0.6518213875391891 -0.0969260227617224 -0.752153059462022
vn -0.6518213875391891 0.0969260227617224 0.752153059462022
vn -0.8035221701067548 0.04349997815562163 0.5936833112421065
vn 0.8035221701067548 -0.04349997815562163 -0.5936833112421065
vn -0.9776317063983286 0.03427598969413688 0.2075124169180713
vn 0.9776317063983286 -0.03427598969413688 -0.2075124169180713
vn -0.9983805737837512 0.035457994940711716 0.04448550871926665
vn 0.9983805737837512 -0.035457994940711716 -0.04448550871926665
vn -0.8090191544833046 0.04421898375122906 0.5861166173681882
vn 0.8090191544833046 -0.04421898375122906 -0.5861166173681882
vn 0.1469867128738506 0.010185997494540773 0.989086018349052
vn -0.1469867128738506 -0.010185997494540773 -0.989086018349052
vn -0.5449128400860935 -0.0012519995442720553 -0.838491758579921
vn 0.5449128400860935 0.0012519995442720553 0.838491758579921
vn -0.9754300346721135 0.038171003842388855 0.2169774687040655
vn 0.9754300346721135 -0.038171003842388855 -0.2169774687040655
vn 0.6407911036280619 -0.06418299074872882 -0.7650276499641558
vn -0.6407911036280619 0.06418299074872882 0.7650276499641558
vn 0.761632214610768 -0.04458697599067807 -0.6464737977977942
vn -0.761632214610768 0.04458697599067807 0.6464737977977942
vn 0.45838872549275184 -0.08758195497701905 -0.8844259027773519
vn -0.45838872549275184 0.08758195497701905 0.8844259027773519
vn -0.5327543916469816 0.04704398079982674 0.8449613139377211
vn 0.5327543916469816 -0.04704398079982674 -0.8449613139377211
vn -0.9770257621888645 0.04911898684777903 0.2073836665466114
vn 0.9770257621888645 -0.04911898684777903 -0.2073836665466114
vn -0.8072557480014775 0.07938499441427369 0.5848385931010547
vn 0.8072557480014775 -0.07938499441427369 -0.5848385931010547
vn -0.23443140143385632 -0.009715000090301382 -0.9720841202257156
vn 0.23443140143385632 0.009715000090301382 0.9720841202257156
vn 0.11975965206097522 0.009985004297537242 0.9927527010426173
vn -0.11975965206097522 -0.009985004297537242 -0.9927527010426173
vn -0.2282578229822125 -0.00968899597303172 -0.9735525099369092
vn 0.2282578229822125 0.00968899597303172 0.9735525099369092
vn -0.9888607117094866 0.03765899460280738 0.14400101722874564
vn 0.9888607117094866 -0.03765899460280738 -0.14400101722874564
vn 0.5954132972170396 -0.4538020016681763 -0.6629832190780472
vn -0.5954132972170396 0.4538020016681763 0.6629832190780472
vn -0.525152443952481 0.04625899386580372 0.8497499726962395
vn 0.525152443952481 -0.04625899386580372 -0.8497499726962395
vn 0.37411973762257056 -0.11125503729503147 -0.9206827567613615
vn -0.37411973762257056 0.11125503729503147 0.9206827567613615
vn -0.5308468611499583 0.096671024342299 0.8419360563961182
vn 0.5308468611499583 -0.096671024342299 -0.8419360563961182
vn -0.5285482119430229 0.09653796832570502 0.8433962344730848
vn 0.5285482119430229 -0.09653796832570502 -0.8433962344730848
vn -0.831587329183421 0.0803259569438529 0.5495545965440002
vn 0.831587329183421 -0.0803259569438529 -0.5495545965440002
vn 0.027091997878714073 0.010562004633420871 0.9995771444511241
vn -0.027091997878714073 -0.010562004633420871 -0.9995771444511241
vn -0.0635071514761102 -0.012984004881857362 -0.9978969171856471
vn 0.0635071514761102 0.012984004881857362 0.9978969171856471
vn -0.795830638079458 -0.000001000000032640452 0.6055192775569106
vn 0.795830638079458 0.000001000000032640452 -0.6055192775569106
vn -0.727173732636726 0.08457802634876604 0.6812231059073958
vn 0.727173732636726 -0.08457802634876604 -0.6812231059073958
vn 0.32627462987924555 -0.4521948465590099 -0.8300992028924221
vn -0.32627462987924555 0.4521948465590099 0.8300992028924221
vn -0.21275094863198205 0.04537399964231717 0.9760523725767234
vn 0.21275094863198205 -0.04537399964231717 -0.9760523725767234
vn -0.21343613567616598 0.0443499870867496 0.9759498422731726
vn 0.21343613567616598 -0.0443499870867496 -0.9759498422731726
vn -0.21770332974692944 0.04477001361525755 0.9749876440745233
vn 0.21770332974692944 -0.04477001361525755 -0.9749876440745233
vn 0.3353778894713334 -0.074508022279318 -0.9391326987544298
vn -0.3353778894713334 0.074508022279318 0.9391326987544298
vn 0.1419248674657485 -0.079595979577187 -0.9866720894147042
vn -0.1419248674657485 0.079595979577187 0.9866720894147042
vn -0.21549711086823053 0.10160904066694405 0.9712036851568207
vn 0.21549711086823053 -0.10160904066694405 -0.9712036851568207
vn -0.5276803350167181 0.11210798213688401 0.8420126272080722
vn 0.5276803350167181 -0.11210798213688401 -0.8420126272080722
vn -0.5111672536982128 0.11145200321243716 0.8522244362411594
vn 0.5111672536982128 -0.11145200321243716 -0.8522244362411594
vn 0.04933788359844516 0.011918001401331051 0.9987110365288971
vn -0.04933788359844516 -0.011918001401331051 -0.9987110365288971
vn 0.048239244905752224 0.01017299937449834 0.9987840033433902
vn -0.048239244905752224 -0.01017299937449834 -0.9987840033433902
vn -0.050360244386528905 -0.009798003512521648 -0.998683055284557
vn 0.050360244386528905 0.009798003512521648 0.998683055284557
vn -0.05620423246834062 -0.012406000079969524 -0.9983422135794221
vn 0.05620423246834062 0.012406000079969524 0.9983422135794221
vn -0.0292797891686135 0.041874999096547336 0.9986937360356806
vn 0.0292797891686135 -0.041874999096547336 -0.9986937360356806
vn -0.2167916672342509 0.10171001325256168 0.9709049625076377
vn 0.2167916672342509 -0.10171001325256168 -0.9709049625076377
vn 0.12068371115762035 -0.11482903264951615 -0.9860272486711513
vn -0.12068371115762035 0.11482903264951615 0.9860272486711513
vn 0.031028388454916594 -0.04210102207976095 -0.9986314350398401
vn -0.031028388454916594 0.04210102207976095 0.9986314350398401
vn -0.21494794182901658 0.12392600348108189 0.9687309884403806
vn 0.21494794182901658 -0.12392600348108189 -0.9687309884403806
vn -0.20581870261617333 0.1232989628968204 0.9707914438240397
vn 0.20581870261617333 -0.1232989628968204 -0.9707914438240397
vn -0.5143714413545986 0 0.8575675019022077
vn 0.5143714413545986 0 -0.8575675019022077
vn -0.7958306380798559 0 0.6055192775572134
vn 0.7958306380798559 0 -0.6055192775572134
vn 0.7958319467227749 9.9999945885139e-7 -0.6055175576103787
vn -0.7958319467227749 -9.9999945885139e-7 0.6055175576103787
vn 0.0032362782548148996 0.013458994040016 0.9999041864011213
vn -0.0032362782548148996 -0.013458994040016 -0.9999041864011213
vn 0.01131018181999278 0.007565997527504733 0.9999074134481715
vn -0.01131018181999278 -0.007565997527504733 -0.9999074134481715
vn 0.012865847582786956 -0.0097990042191292 -0.9998692161889423
vn -0.012865847582786956 0.0097990042191292 0.9998692161889423
vn -0.03516702379286604 -0.014700003530633016 -0.9992733311430618
vn 0.03516702379286604 0.014700003530633016 0.9992733311430618
vn -0.5143722489534813 0 0.8575670175015699
vn 0.5143722489534813 0 -0.8575670175015699
vn 0.10502915860117021 -0.4486791801566173 -0.8874997854295607
vn -0.10502915860117021 0.4486791801566173 0.8874997854295607
vn -0.21275291212188974 0.04537300012443586 0.9760519910554784
vn 0.21275291212188974 -0.04537300012443586 -0.9760519910554784
vn 0.999933687371511 0 -0.01151611304275539
vn -0.999933687371511 0 0.01151611304275539
vn -0.0038195364019665266 -0.8660658407582207 -0.4999153634500848
vn 0.03229596235008638 -0.867211791370982 -0.496891013928622
vn 0.009399572790732584 -0.8057960017824208 -0.5921186127312809
vn -0.009399572790732584 0.8057960017824208 0.5921186127312809
vn -0.03229596235008638 0.867211791370982 0.496891013928622
vn 0.0038195364019665266 0.8660658407582207 0.4999153634500848
vn 0.007339720865551882 -0.0721349812702271 -0.9973678724396328
vn -0.02010014975883146 -0.04089901421120382 -0.9989610876386649
vn 0.02010014975883146 0.04089901421120382 0.9989610876386649
vn -0.007339720865551882 0.0721349812702271 0.9973678724396328
vn -0.028481382332150754 0.04144898323415953 0.9987345957006318
vn 0.028481382332150754 -0.04144898323415953 -0.9987345957006318
vn -0.02915794694510344 0.10017503446738071 0.9945424961254322
vn 0.02915794694510344 -0.10017503446738071 -0.9945424961254322
vn -0.02891494096586794 0.10006198352334528 0.9945609713045822
vn 0.02891494096586794 -0.10006198352334528 -0.9945609713045822
vn 0.09960324637178822 -0.076651972472749 -0.9920703948955627
vn -0.09960324637178822 0.076651972472749 0.9920703948955627
vn -0.027128788252242537 0.12446295956560086 0.9918533160423151
vn 0.027128788252242537 -0.12446295956560086 -0.9918533160423151
vn -0.20740200588243582 0 0.9782557988358374
vn 0.20740200588243582 0 -0.9782557988358374
vn -0.02849811182145593 0.011041996261589693 0.9995328568592284
vn 0.02849811182145593 -0.011041996261589693 -0.9995328568592284
vn -0.021929378039026216 0.0076380016155372455 0.9997303452982421
vn 0.021929378039026216 -0.0076380016155372455 -0.9997303452982421
vn 0.011831921057198389 -0.009997004365523253 -0.999880025576975
vn -0.011831921057198389 0.009997004365523253 0.999880025576975
vn 0.012865264082115855 -0.014660000175553942 -0.9998097665931005
vn -0.012865264082115855 0.014660000175553942 0.9998097665931005
vn 0.012531476799333576 -0.014696003682628377 -0.9998134773871514
vn -0.012531476799333576 0.014696003682628377 0.9998134773871514
vn -0.20740004950457272 0.0000019999992461478334 0.9782562136074071
vn 0.20740004950457272 -0.0000019999992461478334 -0.9782562136074071
vn -0.00011259506831760894 0.9999999837500004 -0.0001407918660091157
vn 0.00011259506831760894 -0.9999999837500004 0.0001407918660091157
vn 0.04314828028416394 -0.8541748820790304 -0.5181925286356355
vn -0.04314828028416394 0.8541748820790304 0.5181925286356355
vn -0.05179369784121951 -0.04109401073612036 -0.9978119537996887
vn 0.05179369784121951 0.04109401073612036 0.9978119537996887
vn 0.11987662148828743 -0.035059013673246306 -0.9921695727953025
vn -0.11987662148828743 0.035059013673246306 0.9921695727953025
vn 0.03604058567986101 0.041475010187715815 0.9984893087628838
vn -0.03604058567986101 -0.041475010187715815 -0.9984893087628838
vn 0.03582020892412563 0.10022101367024783 0.9943202004643875
vn -0.03582020892412563 -0.10022101367024783 -0.9943202004643875
vn -0.028831511267138097 0.12530503078682373 0.9916992453448605
vn 0.028831511267138097 -0.12530503078682373 -0.9916992453448605
vn 0.0026880023753205343 -0.11733303852507795 -0.9930889852947231
vn -0.0026880023753205343 0.11733303852507795 0.9930889852947231
vn -0.027341989594497424 0 0.9996261379160784
vn 0.027341989594497424 0 -0.9996261379160784
vn 0.9761417730199242 0 -0.21713414969902492
vn -0.9761417730199242 0 0.21713414969902492
vn -0.03942442777782543 0.012595006455257775 0.9991431730772037
vn 0.03942442777782543 -0.012595006455257775 -0.9991431730772037
vn 0.041016881104860736 -0.009829001156962402 -0.9991101071456968
vn -0.041016881104860736 0.009829001156962402 0.9991101071456968
vn 0.04258563200264647 -0.014382000610573905 -0.9989893002456897
vn -0.04258563200264647 0.014382000610573905 0.9989893002456897
vn -0.019701769165045097 -0.0110529991296818 -0.9997448031882968
vn 0.019701769165045097 0.0110529991296818 0.9997448031882968
vn -0.02734198959437438 0.000002999998786992623 0.9996261379115798
vn 0.02734198959437438 -0.000002999998786992623 -0.9996261379115798
vn 0.008205725324190151 0.01275599658926975 -0.9998849686953586
vn -0.008205725324190151 -0.01275599658926975 0.9998849686953586
vn -0.02651941665635277 -0.6880460269356266 -0.7251823118073866
vn 0.02651941665635277 0.6880460269356266 0.7251823118073866
vn -0.05070701311055656 -0.11488204692122699 -0.9920841265319161
vn -0.05107671633591567 -0.10208100373238825 -0.9934639589463368
vn 0.05107671633591567 0.10208100373238825 0.9934639589463368
vn 0.05070701311055656 0.11488204692122699 0.9920841265319161
vn -0.07104283661236496 -0.04324099159440653 -0.9965355648505483
vn 0.07104283661236496 0.04324099159440653 0.9965355648505483
vn 0.05271602783983073 0.037878996832199016 0.9978908768035594
vn -0.05271602783983073 -0.037878996832199016 -0.9978908768035594
vn 0.03564222314206212 0.12516697847560024 0.9914952644510109
vn -0.03564222314206212 -0.12516697847560024 -0.9914952644510109
vn 0.034615356324412816 0.12537696168424256 0.9915051157635859
vn -0.034615356324412816 -0.12537696168424256 -0.9915051157635859
vn -0.010152597629134551 -0.076802017861963 -0.9969946714068795
vn 0.010152597629134551 0.076802017861963 0.9969946714068795
vn -0.051555963003170814 0.0000010000003646364775 -0.9986701070312537
vn 0.051555963003170814 -0.0000010000003646364775 0.9986701070312537
vn -0.08857403885344037 0.010061003644307892 0.9960187828785451
vn 0.08857403885344037 -0.010061003644307892 -0.9960187828785451
vn 0.05317874203669856 -0.012770002519432791 -0.9985033542412605
vn -0.05317874203669856 0.012770002519432791 0.9985033542412605
vn -0.1180077200262194 -0.011087999111796322 -0.9929507713325522
vn -0.05249175455584488 -0.06934097105150322 -0.9962110446272334
vn 0.05249175455584488 0.06934097105150322 0.9962110446272334
vn 0.1180077200262194 0.011087999111796322 0.9929507713325522
vn -0.00036157284513354675 -0.9999623236298587 -0.008672980217397276
vn 0.00036157284513354675 0.9999623236298587 0.008672980217397276
vn 0.00006489646538165344 0.9999902233333414 0.004421428070504399
vn -0.00006489646538165344 -0.9999902233333414 -0.004421428070504399
vn -0.01155592162604682 0 -0.9999332281084437
vn 0.01155592162604682 0 0.9999332281084437
vn 0.03660343391050734 -0.000001999999637294826 -0.9993298697737194
vn -0.03660343391050734 0.000001999999637294826 0.9993298697737194
vn 0.00040255261913079793 -0.33014099569991395 -0.9439315446099141
vn -0.00040255261913079793 0.33014099569991395 0.9439315446099141
vn -0.006181204742580328 0 0.999980896171487
vn 0.006181204742580328 0 -0.999980896171487
vn -0.1267737678316149 -0.10289197301257126 -0.9865807892308446
vn 0.1267737678316149 0.10289197301257126 0.9865807892308446
vn 0.2432756856961217 0.04493699960702639 0.9689156861231013
vn -0.2432756856961217 -0.04493699960702639 -0.9689156861231013
vn -0.5499345880035342 -0.04723098422046183 -0.8338712029126256
vn 0.5499345880035342 0.04723098422046183 0.8338712029126256
vn 0.06662601271226336 0.04209701812843271 0.9968895703611107
vn -0.06662601271226336 -0.04209701812843271 -0.9968895703611107
vn 0.0660198516980251 0.10037199159640596 0.9927571921093
vn -0.0660198516980251 -0.10037199159640596 -0.9927571921093
vn 0.0635320271708035 0.12519594527886785 0.9900957816339283
vn -0.0635320271708035 -0.12519594527886785 -0.9900957816339283
vn 0.03489050996543253 0.000001999999880001703 0.9993911408004135
vn -0.03489050996543253 -0.000001999999880001703 -0.9993911408004135
vn 0.998933076958549 0 -0.04618124898836903
vn -0.998933076958549 0 0.04618124898836903
vn -0.1545808840802455 0.009316002434570288 0.9879362137180766
vn 0.1545808840802455 -0.009316002434570288 -0.9879362137180766
vn 0.21351145575317104 -0.009611996253682344 -0.9768932734900885
vn -0.21351145575317104 0.009611996253682344 0.9768932734900885
vn 0.06403525214096506 0 0.9979476371449773
vn -0.06403525214096506 0 -0.9979476371449773
vn 0.23549146725710762 -0.000001999999151045795 0.9718764164466048
vn -0.23549146725710762 0.000001999999151045795 -0.9718764164466048
vn 0.05152779086579244 0.03299299067166256 0.9981264195155997
vn -0.05152779086579244 -0.03299299067166256 -0.9981264195155997
vn -0.16987566038272262 -0.07611298297710536 -0.9825217930569586
vn 0.16987566038272262 0.07611298297710536 0.9825217930569586
vn -0.00007805928681798399 -0.9999896247729635 -0.004554585949940346
vn 0.00007805928681798399 0.9999896247729635 0.004554585949940346
vn -0.14324440112894385 0.049312981155467436 0.9884580271487358
vn 0.14324440112894385 -0.049312981155467436 -0.9884580271487358
vn 0.011555921626041042 -9.999998388291961e-7 0.9999332281079436
vn -0.011555921626041042 9.999998388291961e-7 -0.9999332281079436
vn -0.015656565442475207 -0.3431078612182168 -0.939165516577779
vn 0.015656565442475207 0.3431078612182168 0.939165516577779
vn 3.9454410047374726e-7 1 0.000013335828992537765
vn -3.9454410047374726e-7 -1 -0.000013335828992537765
vn -0.155952196670869 -0.11536501968848477 -0.9810044977398452
vn 0.155952196670869 0.11536501968848477 0.9810044977398452
vn 0.24160956610118242 0.04469800126207089 0.9693435439778688
vn -0.24160956610118242 -0.04469800126207089 -0.9693435439778688
vn 0.24595493034023996 0.04434900296628361 0.9682661504861276
vn -0.24595493034023996 -0.04434900296628361 -0.9682661504861276
vn 0.06634893429009342 0.1002909948222774 0.992743438797823
vn -0.06634893429009342 -0.1002909948222774 -0.992743438797823
vn 0.06583796323059715 0.12457497600717381 0.9900234532325276
vn -0.06583796323059715 -0.12457497600717381 -0.9900234532325276
vn -0.310214588169477 0.0057769982802171405 0.9506490075615248
vn 0.310214588169477 -0.0057769982802171405 -0.9506490075615248
vn 0.20726420343749427 -0.00992099906285296 -0.9782346976830334
vn -0.20726420343749427 0.00992099906285296 0.9782346976830334
vn 0.23549187676925445 0.000001000000483103594 0.9718763172208151
vn -0.23549187676925445 -0.000001000000483103594 -0.9718763172208151
vn 0.23367585749444056 0.1239139253042131 0.9643862985028042
vn -0.23367585749444056 -0.1239139253042131 -0.9643862985028042
vn -0.42412600030219555 -0.07148499076178122 -0.9027773988993355
vn -0.3916484074165112 0 -0.9201149520402928
vn 0.3916484074165112 0 0.9201149520402928
vn 0.42412600030219555 0.07148499076178122 0.9027773988993355
vn 0.0001660370700441155 -0.999992703552707 -0.0038164476990113845
vn -0.0001660370700441155 0.999992703552707 0.0038164476990113845
vn 1.9859795624598728e-7 1 0.000014316443650803831
vn -1.9859795624598728e-7 -1 -0.000014316443650803831
vn -0.0000475869182026045 -0.9999914897949516 -0.004125296735788085
vn 0.0000475869182026045 0.9999914897949516 0.004125296735788085
vn -0.3390096465226672 -0.03532801600548454 0.9401193492582166
vn 0.3390096465226672 0.03532801600548454 -0.9401193492582166
vn -0.09424101346974714 -0.0000019999990138760786 0.9955494118205259
vn 0.09424101346974714 0.0000019999990138760786 -0.9955494118205259
vn 0.19342968872011357 0.003932999916018239 -0.9811062567496451
vn 0.09424200375893879 0 -0.9955493180789688
vn 0.11883117371971633 0.020673998242503055 -0.9926992182675795
vn -0.11883117371971633 -0.020673998242503055 0.9926992182675795
vn -0.09424200375893879 0 0.9955493180789688
vn -0.19342968872011357 -0.003932999916018239 0.9811062567496451
vn 0.004681752599884741 0.05382498645262894 -0.9985394093504613
vn -0.004681752599884741 -0.05382498645262894 0.9985394093504613
vn -0.35229326384748083 -0.10281299651170975 -0.9302252114385917
vn 0.35229326384748083 0.10281299651170975 0.9302252114385917
vn 0.2432787303625415 0.044936982405782235 0.9689149224598887
vn -0.2432787303625415 -0.044936982405782235 -0.9689149224598887
vn -0.0056905852497668805 -0.8696047266793643 -0.49371574471189744
vn 0.0056905852497668805 0.8696047266793643 0.49371574471189744
vn -0.0000639456219825172 0.999999995654 -0.00006784509822920255
vn 0.0000639456219825172 -0.999999995654 0.00006784509822920255
vn -0.45486593261779934 -0.047240023242451884 -0.8893061135221056
vn -0.6468046796909451 -0.04703001107975498 -0.7612042330332457
vn 0.6468046796909451 0.04703001107975498 0.7612042330332457
vn 0.45486593261779934 0.047240023242451884 0.8893061135221056
vn 0.552192387878691 0.046042014558096374 0.8324444123569222
vn -0.552192387878691 -0.046042014558096374 -0.8324444123569222
vn 0.2449267738986354 0.1014890060969019 0.9642151508190845
vn -0.2449267738986354 -0.1014890060969019 -0.9642151508190845
vn 0.24360452548936562 0.10159396876493952 0.9645390094089971
vn -0.24360452548936562 -0.10159396876493952 -0.9645390094089971
vn 0.9996833631512436 -0.000001999999472968046 0.025162937718369336
vn -0.9996833631512436 0.000001999999472968046 -0.025162937718369336
vn -0.4132359484145436 0.003263001644574811 0.9106181437672983
vn 0.4132359484145436 -0.003263001644574811 -0.9106181437672983
vn 0.5282053487927322 -0.0013689999518039916 -0.8491155606546614
vn -0.5282053487927322 0.0013689999518039916 0.8491155606546614
vn 0.534076293646933 0 0.8454362853369584
vn -0.534076293646933 0 -0.8454362853369584
vn 0.24301241712607186 0.12299095219920718 0.9621944662071573
vn -0.24301241712607186 -0.12299095219920718 -0.9621944662071573
vn -0.6814661208875648 0 -0.7318496608474003
vn 0.6814661208875648 0 0.7318496608474003
vn -0.40160213824091984 -0.1123429835536067 -0.9088975611181906
vn 0.40160213824091984 0.1123429835536067 0.9088975611181906
vn -0.03930915377805401 0.08705801496257569 0.9954273918574017
vn 0.03930915377805401 -0.08705801496257569 -0.9954273918574017
vn 0.0027120761911264314 0 0.999996322314604
vn -0.0027120761911264314 0 -0.999996322314604
vn 0.05437369688679052 0 0.9985206563145619
vn -0.05437369688679052 0 -0.9985206563145619
vn 0.8299363372140467 -0.0002779998440955237 -0.5578580454630181
vn 0.5312129157374736 -0.011013003352832607 -0.8471667792771633
vn 0.7072491634845132 0.011677996951172944 -0.7068679120865965
vn -0.7072491634845132 -0.011677996951172944 0.7068679120865965
vn -0.5312129157374736 0.011013003352832607 0.8471667792771633
vn -0.8299363372140467 0.0002779998440955237 0.5578580454630181
vn 0.0008901151919448979 -0.999996258252567 -0.0025867307185593455
vn -0.0008901151919448979 0.999996258252567 0.0025867307185593455
vn -0.5207130215451082 0.04198797707790913 0.8526986331490561
vn 0.5207130215451082 -0.04198797707790913 -0.8526986331490561
vn 0.00029967324938382547 -0.9999899192708173 -0.004480128646406273
vn -0.00029967324938382547 0.9999899192708173 0.004480128646406273
vn 0.11770038542038688 0 0.9930491524954302
vn -0.11770038542038688 0 -0.9930491524954302
vn 0.3391815801679973 0.015859998992659743 -0.9405872187663903
vn -0.3391815801679973 -0.015859998992659743 0.9405872187663903
vn -0.01151806949849834 -0.000002999999043682796 -0.9999336648328367
vn 0.01151806949849834 0.000002999999043682796 0.9999336648328367
vn 0.0010148971215076968 -0.8660168796176 0.5000137340126053
vn 0.004902305042722579 -0.9999879819757167 -0.00005752739891777716
vn 0.01492706957754625 -0.499998122694054 0.8658978345603185
vn -0.01492706957754625 0.499998122694054 -0.8658978345603185
vn -0.004902305042722579 0.9999879819757167 0.00005752739891777716
vn -0.0010148971215076968 0.8660168796176 -0.5000137340126053
vn -0.005985468682851549 0.1947011064145024 -0.9808443573399477
vn 0.005985468682851549 -0.1947011064145024 0.9808443573399477
vn 0.042740495985211784 -0.9398310183727566 0.33895561200157936
vn 0.03457165894261095 -0.9398418526365684 -0.33985598778102843
vn 0.03749496647080758 -0.9992967220821299 -0.0004344252108149251
vn -0.03749496647080758 0.9992967220821299 0.0004344252108149251
vn -0.03457165894261095 0.9398418526365684 0.33985598778102843
vn -0.042740495985211784 0.9398310183727566 -0.33895561200157936
vn 0.06697633434247456 -0.4991889948690855 0.8639007570546728
vn 0.04982926180970277 -0.3394231080633396 0.9393130459969787
vn -0.04982926180970277 0.3394231080633396 -0.9393130459969787
vn -0.06697633434247456 0.4991889948690855 -0.8639007570546728
vn 0.04279301801713525 0.18727896323096332 0.9813742138145471
vn 0.012042340342873182 0.27765105279229885 0.9606065140953367
vn 0.01141926504755813 0.13259795490868123 0.9911041230566084
vn -0.01141926504755813 -0.13259795490868123 -0.9911041230566084
vn -0.012042340342873182 -0.27765105279229885 -0.9606065140953367
vn -0.04279301801713525 -0.18727896323096332 -0.9813742138145471
vn -0.07352729165568166 -0.864054744517195 -0.497999132387904
vn -0.010497629328585088 -0.7388281154574177 -0.6738121515586671
vn -0.05196466595882827 -0.8524449766506801 -0.520228060829872
vn 0.05196466595882827 0.8524449766506801 0.520228060829872
vn 0.010497629328585088 0.7388281154574177 0.6738121515586671
vn 0.07352729165568166 0.864054744517195 0.497999132387904
vn -0.7383770200998757 -0.04654200101079956 -0.6727802154718424
vn 0.7383770200998757 0.04654200101079956 0.6727802154718424
vn 0.544660040157296 0.046904999518168816 0.8373442312908435
vn -0.544660040157296 -0.046904999518168816 -0.8373442312908435
vn 0.5502142384314986 0.09620503097080998 0.829463009327813
vn -0.5502142384314986 -0.09620503097080998 -0.829463009327813
vn 0.5479260376522187 0.09650900055888403 0.8309410749709422
vn -0.5479260376522187 -0.09650900055888403 -0.8309410749709422
vn 0.5306610037480003 0.11292005176002329 0.8400285477361341
vn -0.5306610037480003 -0.11292005176002329 -0.8400285477361341
vn -0.6668821404479393 -0.0032699996803703694 0.7451560359103759
vn 0.6668821404479393 0.0032699996803703694 -0.7451560359103759
vn 0.49903369259953706 -0.004769997172809533 -0.8665694552529776
vn -0.49903369259953706 0.004769997172809533 0.8665694552529776
vn 0.5102973715338247 -0.0010949997475054576 -0.8599973218453779
vn -0.5102973715338247 0.0010949997475054576 0.8599973218453779
vn -0.7201905140483474 -0.007770001366222542 0.6937328380245136
vn 0.7201905140483474 0.007770001366222542 -0.6937328380245136
vn 0.534077488906363 0.000002000000136158757 0.8454355302679643
vn -0.534077488906363 -0.000002000000136158757 -0.8454355302679643
vn -0.7036803122882938 -0.05721400920273147 -0.7082094148264335
vn 0.7036803122882938 0.05721400920273147 0.7082094148264335
vn -0.6692393201616882 -0.0996390124571694 -0.7363360642709831
vn 0.6692393201616882 0.0996390124571694 0.7363360642709831
vn -0.16153220372827867 -0.08047502637834948 0.9835807629717499
vn 0.16153220372827867 0.08047502637834948 -0.9835807629717499
vn -0.03816371247427354 0.06530397222645551 0.9971353580440456
vn 0.03816371247427354 -0.06530397222645551 -0.9971353580440456
vn -0.005529581431025143 -0.055849975645673525 0.9984238598659266
vn 0.005529581431025143 0.055849975645673525 -0.9984238598659266
vn 0.187337710710192 -0.0000010000003562856652 0.9822955676092936
vn -0.187337710710192 0.0000010000003562856652 -0.9822955676092936
vn 0.9223554555968093 0.01255199924752015 -0.3861383959744131
vn -0.9223554555968093 -0.01255199924752015 0.3861383959744131
vn -0.7069788776995759 -0.045429011327157286 0.7057740937555622
vn 0.7069788776995759 0.045429011327157286 -0.7057740937555622
vn -0.000568712902955031 -0.9999945323376664 -0.0032575850573549913
vn 0.000568712902955031 0.9999945323376664 0.0032575850573549913
vn -0.03196879963014321 0.0000010000002781392047 -0.9994888672962835
vn 0.03196879963014321 -0.0000010000002781392047 0.9994888672962835
vn 0.23557899447463007 0.11068503142071734 -0.9655316469084361
vn -0.23557899447463007 -0.11068503142071734 0.9655316469084361
vn -0.004866112297867152 -0.9053260916964107 -0.4246892848245727
vn 0.004866112297867152 0.9053260916964107 0.4246892848245727
vn 0.011583145069164314 -0.08484698762578852 0.9963266630182774
vn -0.011583145069164314 0.08484698762578852 -0.9963266630182774
vn -0.035202907912501386 0.4105788077255784 -0.9111453220651173
vn 0.035202907912501386 -0.4105788077255784 0.9111453220651173
vn 0.050648612367358264 -0.864644243691368 -0.49982501929839723
vn -0.050648612367358264 0.864644243691368 0.49982501929839723
vn 0.06266239038590564 -0.8646212782995863 0.4985012236120527
vn -0.06266239038590564 0.8646212782995863 -0.4985012236120527
vn 0.04929161475439443 -0.000001000000154734514 0.9987844295511941
vn -0.04929161475439443 0.000001000000154734514 -0.9987844295511941
vn 0.03107679795291445 0.4492999485151714 0.892840293049803
vn -0.03107679795291445 -0.4492999485151714 -0.892840293049803
vn 0.015440237833529595 0.4150258613070961 0.9096785880199374
vn -0.015440237833529595 -0.4150258613070961 -0.9096785880199374
vn -0.6486874738770303 -0.09381498421891413 -0.7552504948499154
vn 0.6486874738770303 0.09381498421891413 0.7552504948499154
vn -0.0007633843101104645 -0.7285268972420171 -0.6850167715022126
vn 0.0007633843101104645 0.7285268972420171 0.6850167715022126
vn -0.8867810841081107 -0.04256000163113368 -0.4602259826750354
vn 0.8867810841081107 0.04256000163113368 0.4602259826750354
vn 0.8168691690998168 0.04332499308821311 0.575193624397977
vn -0.8168691690998168 -0.04332499308821311 -0.575193624397977
vn 0.8295054848893911 0.07813097722912099 0.5530065107533896
vn -0.8295054848893911 -0.07813097722912099 -0.5530065107533896
vn 0.5471402048723951 0.11024796416831538 0.8297487466751218
vn -0.5471402048723951 -0.11024796416831538 -0.8297487466751218
vn 0.8038266736719477 0 0.5948635799017217
vn -0.8038266736719477 0 -0.5948635799017217
vn 0.8007980081641304 0.08673101632377656 0.592621532622471
vn -0.8007980081641304 -0.08673101632377656 -0.592621532622471
vn 0.9813142871633913 -0.0000019999990181573266 0.1924117195105463
vn -0.9813142871633913 0.0000019999990181573266 -0.1924117195105463
vn 0.7888847457106468 0.0038230017649214824 -0.614529285423041
vn -0.7888847457106468 -0.0038230017649214824 0.614529285423041
vn 0.7847359955170821 0.010530997121067807 -0.6197406840279651
vn -0.7847359955170821 -0.010530997121067807 0.6197406840279651
vn -0.9319445254925331 -0.021755005441743296 0.36194767735506583
vn -0.9054998334333847 -0.013569997516222428 0.42412958729558364
vn 0.9054998334333847 0.013569997516222428 -0.42412958729558364
vn 0.9319445254925331 0.021755005441743296 -0.36194767735506583
vn 0.8038261354341706 0.0000020000001300484276 0.5948643072070858
vn -0.8038261354341706 -0.0000020000001300484276 -0.5948643072070858
vn -0.9101650285327001 -0.04272300880672996 -0.41203684951053715
vn 0.9101650285327001 0.04272300880672996 0.41203684951053715
vn -0.2191316760728712 -0.000015000001730696328 0.975695294811087
vn 0.2191316760728712 0.000015000001730696328 -0.975695294811087
vn 0.24069676044090305 0.15798099369640092 0.9576570759640177
vn -0.24069676044090305 -0.15798099369640092 -0.9576570759640177
vn 0.9491494651793061 0 -0.3148258133473768
vn -0.9491494651793061 0 0.3148258133473768
vn 0.001253206338436868 -0.9999987250593882 -0.000989622893413696
vn -0.001253206338436868 0.9999987250593882 0.000989622893413696
vn -0.8525864470102131 0.04444500127588281 0.5206928002537465
vn 0.8525864470102131 -0.04444500127588281 -0.5206928002537465
vn 0.35258032319649285 0 0.9357815534058452
vn -0.35258032319649285 0 -0.9357815534058452
vn 0.01151806949855017 0 0.9999336648373365
vn -0.01151806949855017 0 -0.9999336648373365
vn -0.011518069498527135 -0.0000019999993626086435 -0.9999336648353366
vn 0.011518069498527135 0.0000019999993626086435 0.9999336648353366
vn -0.2362404055657362 0.08181001949966629 0.9682445928006005
vn 0.2362404055657362 -0.08181001949966629 -0.9682445928006005
vn -0.0041639052744022334 -0.6445372961775243 -0.7645615316827234
vn 0.0041639052744022334 0.6445372961775243 0.7645615316827234
vn 0.029929378793873834 0.5751773234734904 -0.817481057179238
vn -0.029929378793873834 -0.5751773234734904 0.817481057179238
vn 0.04616912703102715 -0.4992122153472168 -0.8652488519248764
vn -0.04616912703102715 0.4992122153472168 0.8652488519248764
vn 0.7267228010079173 -0.6868798307274159 -0.008370700991170314
vn 0.7029908561566406 -0.6123667847684223 -0.36167772543044224
vn 0.8552775979272469 -0.4243887957478754 -0.2973119246304573
vn -0.8552775979272469 0.4243887957478754 0.2973119246304573
vn -0.7029908561566406 0.6123667847684223 0.36167772543044224
vn -0.7267228010079173 0.6868798307274159 0.008370700991170314
vn 0.850808945038961 -0.4592501712424801 0.25536918227429695
vn 0.7111336875340541 -0.612367201080295 0.34539150177053296
vn -0.7111336875340541 0.612367201080295 -0.34539150177053296
vn -0.850808945038961 0.4592501712424801 -0.25536918227429695
vn 0.7335652068943541 -0.34344598720577824 0.5864528464474292
vn -0.7335652068943541 0.34344598720577824 -0.5864528464474292
vn 0.04016396552505502 0.4997710868954566 0.8652258182559257
vn -0.04016396552505502 -0.4997710868954566 -0.8652258182559257
vn 0.715199534091807 -0.0000019999997384492646 0.6989203291011518
vn 0.8538611515440081 -0.00000199999977826909 0.5205008490674538
vn -0.8538611515440081 0.00000199999977826909 -0.5205008490674538
vn -0.715199534091807 0.0000019999997384492646 -0.6989203291011518
vn -0.011445113359453536 0.633082245607787 0.7739999222715666
vn 0.011445113359453536 -0.633082245607787 -0.7739999222715666
vn 0.009203967832021936 0.6087658210405295 0.7932965789091727
vn -0.009203967832021936 -0.6087658210405295 -0.7932965789091727
vn 0.0025888935774038752 -0.3464700661411423 -0.9380574560751582
vn -0.0025888935774038752 0.3464700661411423 0.9380574560751582
vn 0.03029807635971188 0 0.9995409079016732
vn -0.03029807635971188 0 -0.9995409079016732
vn -0.9440052794176721 -0.03958699784118276 -0.3275467936547162
vn 0.9440052794176721 0.03958699784118276 0.3275467936547162
vn 0.811372583943389 0.044409004102992825 0.5828399183134325
vn -0.811372583943389 -0.044409004102992825 -0.5828399183134325
vn 0.8149445165762603 0.08107901350431926 0.5738393751490497
vn -0.8149445165762603 -0.08107901350431926 -0.5738393751490497
vn 0.9793904389125394 0 0.2019761574213735
vn -0.9793904389125394 0 -0.2019761574213735
vn -0.9997282890523648 0 -0.023309827722041876
vn 0.9997282890523648 0 0.023309827722041876
vn -0.9988148890272769 0 0.04867049884096737
vn 0.9988148890272769 0 -0.04867049884096737
vn -0.8980759882935165 -0.008690003103548167 0.43975448047368865
vn 0.8980759882935165 0.008690003103548167 -0.43975448047368865
vn 0.7758062098582552 0.0015879998718315474 -0.6309692567802144
vn -0.7758062098582552 -0.0015879998718315474 0.6309692567802144
vn 0.7888421597534613 0.011044999126263102 -0.6144965866380345
vn -0.7888421597534613 -0.011044999126263102 0.6144965866380345
vn -0.9898882421009695 -0.021884996842049944 0.1401510437473652
vn 0.9898882421009695 0.021884996842049944 -0.1401510437473652
vn -0.8987903004127583 -0.07010301069193701 -0.43273729187102605
vn 0.8987903004127583 0.07010301069193701 0.43273729187102605
vn -0.3885577987420353 -0.000006999997349344449 0.9214243522871229
vn 0.3885577987420353 0.000006999997349344449 -0.9214243522871229
vn 0.40075730621612543 -0.08231602900611538 0.9124788506497338
vn -0.40075730621612543 0.08231602900611538 -0.9124788506497338
vn -0.2012819876851912 0.08409903409989496 0.9759164482151959
vn 0.2012819876851912 -0.08409903409989496 -0.9759164482151959
vn 0.9945247321316111 0 -0.10450146974347925
vn -0.9945247321316111 0 0.10450146974347925
vn -0.903326255486826 0 0.4289541655563559
vn 0.903326255486826 0 -0.4289541655563559
vn -0.01212642753995355 0.04218698322981311 0.9990361395870951
vn 0.01212642753995355 -0.04218698322981311 -0.9990361395870951
vn -0.0056782954681838735 -0.8694044061245405 -0.4940685535143996
vn 0.0056782954681838735 0.8694044061245405 0.4940685535143996
vn -0.015519105936880639 -0.3398570572207184 -0.9403490511550449
vn 0.015519105936880639 0.3398570572207184 0.9403490511550449
vn -0.01607992092942658 0 -0.9998707097134626
vn 0.01607992092942658 0 0.9998707097134626
vn -0.00884712913680885 0.7857762561768522 -0.6184475754134109
vn 0.00884712913680885 -0.7857762561768522 0.6184475754134109
vn 0.04444502493988664 0.000002000000965680984 -0.9990118316386913
vn 0.026564348372812623 0.17596794331422333 -0.9840374069725654
vn -0.026564348372812623 -0.17596794331422333 0.9840374069725654
vn -0.04444502493988664 -0.000002000000965680984 0.9990118316386913
vn 0.7528304995350704 -0.3384391205672661 -0.5645398131570809
vn -0.7528304995350704 0.3384391205672661 0.5645398131570809
vn 0.06674551925108083 0.49919007441601737 0.8639179968402294
vn -0.06674551925108083 -0.49919007441601737 -0.8639179968402294
vn 0.7335663228513435 0.34344114230864486 0.5864542878589015
vn -0.7335663228513435 -0.34344114230864486 -0.5864542878589015
vn 0.027496570680340744 0.7854771574355589 0.6182795271944358
vn -0.027496570680340744 -0.7854771574355589 -0.6182795271944358
vn -0.000009413370359201716 1 0.0000011783286772952818
vn 0.000009413370359201716 -1 -0.0000011783286772952818
vn -0.003858670758686111 -0.357700839392896 -0.9338282605263097
vn 0.003858670758686111 0.357700839392896 0.9338282605263097
vn 7.873203262208453e-7 1 0.0000164736191113666
vn -7.873203262208453e-7 -1 -0.0000164736191113666
vn -0.23687867851174363 0 -0.9715392383566038
vn -0.11770163739588735 0 -0.9930490041051988
vn 0.23687867851174363 0 0.9715392383566038
vn 0.11770163739588735 0 0.9930490041051988
vn -0.9935320785207892 -0.033032995748240965 -0.10864083091571658
vn 0.9935320785207892 0.033032995748240965 0.10864083091571658
vn 0.9808036930700634 0.03402201614254909 0.1920068177896844
vn -0.9808036930700634 -0.03402201614254909 -0.1920068177896844
vn 0.9872229526959242 0.042589019438782995 0.15354809374780268
vn -0.9872229526959242 -0.042589019438782995 -0.15354809374780268
vn 0.9685135268579379 0.042768013025406865 0.24525995465027925
vn -0.9685135268579379 -0.042768013025406865 -0.24525995465027925
vn 0.8112156736772378 0 0.5847470656449547
vn -0.8112156736772378 0 -0.5847470656449547
vn -0.9851730424722763 -0.015143001663807144 0.1708940194580506
vn 0.9851730424722763 0.015143001663807144 -0.1708940194580506
vn 0.9740619157783125 0.013128000854409716 -0.225900508684355
vn -0.9740619157783125 -0.013128000854409716 0.225900508684355
vn 0.9731999671600674 0.02416499363975035 -0.22868729086251083
vn -0.9731999671600674 -0.02416499363975035 0.22868729086251083
vn -0.9935463656380221 -0.028704001294651012 0.10973467837085195
vn 0.9935463656380221 0.028704001294651012 -0.10973467837085195
vn -0.9942745495996378 -0.03802199236685781 -0.09986214555522013
vn 0.9942745495996378 0.03802199236685781 0.09986214555522013
vn 0.0021303181258762994 -0.9999849667954995 -0.0050525169654209445
vn -0.0021303181258762994 0.9999849667954995 0.0050525169654209445
vn -0.48917777781970784 -0.0000010000000169451376 -0.8721840985057986
vn -0.5660378219350457 0.012928001102622367 -0.8242778966626002
vn 0.5660378219350457 -0.012928001102622367 0.8242778966626002
vn 0.48917777781970784 0.0000010000000169451376 0.8721840985057986
vn -0.730716461002253 0.000007999999978735702 -0.6826810774851921
vn -0.8443248885847762 0.011963004153346076 -0.5356980203882895
vn 0.8443248885847762 -0.011963004153346076 0.5356980203882895
vn 0.730716461002253 -0.000007999999978735702 0.6826810774851921
vn 0.5029679928410765 0.08716394816078304 0.8598986244426974
vn -0.5029679928410765 -0.08716394816078304 -0.8598986244426974
vn -0.0015971194780041275 -0.999996775827248 -0.001974219967958932
vn 0.0015971194780041275 0.999996775827248 0.001974219967958932
vn 0.035554579474852466 0.04208697598841949 0.9984811256756517
vn -0.035554579474852466 -0.04208697598841949 -0.9984811256756517
vn -0.9806170668922607 9.999999355371479e-7 0.19593409126188197
vn 0.9806170668922607 -9.999999355371479e-7 -0.19593409126188197
vn -0.000002746781768681683 -1 -0.000006667472527967528
vn 0.000002746781768681683 1 0.000006667472527967528
vn 0.6146703523624742 9.999999488195363e-7 0.7887841009589327
vn -0.6146703523624742 -9.999999488195363e-7 -0.7887841009589327
vn -0.010898203369726725 -0.8690984240293138 -0.494519118450516
vn -0.015613975673815382 -0.8026744984851166 -0.5962129260971485
vn 0.0008830161811936655 -0.8326800412742855 -0.5537537080199809
vn -0.0008830161811936655 0.8326800412742855 0.5537537080199809
vn 0.015613975673815382 0.8026744984851166 0.5962129260971485
vn 0.010898203369726725 0.8690984240293138 0.494519118450516
vn 0.011513949375023279 0 0.9999337122878642
vn -0.011513949375023279 0 -0.9999337122878642
vn -0.012274034474892495 -0.18553705517334826 -0.9825606084284628
vn -0.03167779631200627 0.06317098889526715 -0.9974998463071607
vn -0.004756579363634775 0.04826398643934158 -0.9988232889584324
vn 0.004756579363634775 -0.04826398643934158 0.9988232889584324
vn 0.03167779631200627 -0.06317098889526715 0.9974998463071607
vn 0.012274034474892495 0.18553705517334826 0.9825606084284628
vn 0.04278986947924968 0.18727891618839676 0.9813743600793982
vn 0.031078176226445462 0.4493030318856896 0.8928386934383864
vn 0.012040383930182382 0.27765116387226446 0.9606065065130418
vn -0.012040383930182382 -0.27765116387226446 -0.9606065065130418
vn -0.031078176226445462 -0.4493030318856896 -0.8928386934383864
vn -0.04278986947924968 -0.18727891618839676 -0.9813743600793982
vn -0.015416316700750096 0.41502098566662754 -0.9096812181394552
vn 0.015416316700750096 -0.41502098566662754 0.9096812181394552
vn -0.009194752620593322 0.6087589088426212 -0.7933019900573722
vn 0.009194752620593322 -0.6087589088426212 0.7933019900573722
vn 0.0375572175079057 0.9179780188185495 -0.3948491007701989
vn -0.0375572175079057 -0.9179780188185495 0.3948491007701989
vn 0.026736846714622845 0.4996630740245899 -0.8658071110149512
vn 0.03051179165640141 0.7638960989566346 -0.6446175459671819
vn -0.03051179165640141 -0.7638960989566346 0.6446175459671819
vn -0.026736846714622845 -0.4996630740245899 0.8658071110149512
vn 0.8654859618407958 0.24612402247543133 -0.4362992269269176
vn -0.8654859618407958 -0.24612402247543133 0.4362992269269176
vn 0.9999426200315814 -0.009503999042524301 0.004942736749617338
vn -0.9999426200315814 0.009503999042524301 -0.004942736749617338
vn 0.043078504172620734 0.865423531092455 0.499185691210912
vn -0.043078504172620734 -0.865423531092455 -0.499185691210912
vn 0.8611657902475466 0.46112479207080853 0.2139098124092773
vn -0.8611657902475466 -0.46112479207080853 -0.2139098124092773
vn 0.04033090778116037 0.9836517395147909 0.17550690364505162
vn -0.04033090778116037 -0.9836517395147909 -0.17550690364505162
vn -0.015869257449017425 0.9014748976379819 0.4325403745277505
vn 0.015869257449017425 -0.9014748976379819 -0.4325403745277505
vn -0.021495835448953813 0.0010069995380763838 -0.999768430692969
vn 0.021495835448953813 -0.0010069995380763838 0.999768430692969
vn -0.9934597215551967 -0.03862001103814157 -0.10745360112571826
vn 0.9934597215551967 0.03862001103814157 0.10745360112571826
vn 0.9800129589964074 0.03458399279634545 0.19590443497115703
vn -0.9800129589964074 -0.03458399279634545 -0.19590443497115703
vn 0.9801643635355991 0.049589005252120774 0.19188212791440254
vn -0.9801643635355991 -0.049589005252120774 -0.19188212791440254
vn -0.9720096492669389 0 0.23494093243188302
vn 0.9720096492669389 0 -0.23494093243188302
vn 0.971939123459917 0.01205300520374751 -0.23492353086382511
vn -0.971939123459917 -0.01205300520374751 0.23492353086382511
vn 0.9738561146975628 0.02438898967304546 -0.225852706534359
vn -0.9738561146975628 -0.02438898967304546 0.225852706534359
vn -0.9986536432010867 -0.025199997113025584 0.0453416041478472
vn 0.9986536432010867 0.025199997113025584 -0.0453416041478472
vn -0.998621614775636 -0.017994995077424875 0.049305685828970026
vn 0.998621614775636 0.017994995077424875 -0.049305685828970026
vn -0.9961679319579614 -0.02808000790636272 -0.08283093923515017
vn 0.9961679319579614 0.02808000790636272 0.08283093923515017
vn -0.6078312967050773 0.0000020000003235402316 0.7940661904034351
vn 0.6078312967050773 -0.0000020000003235402316 -0.7940661904034351
vn 0.0016848953798576333 -0.9999967664737822 -0.0019047754561827197
vn -0.0016848953798576333 0.9999967664737822 0.0019047754561827197
vn -0.9335943222852606 -0.01144000243752184 -0.3581490859138892
vn 0.9335943222852606 0.01144000243752184 0.3581490859138892
vn 0.6037116550933269 -0.0941040218046097 0.7916291243913866
vn -0.6037116550933269 0.0941040218046097 -0.7916291243913866
vn -0.001841096111909969 -0.9999933541187094 -0.0031467576202279437
vn 0.001841096111909969 0.9999933541187094 0.0031467576202279437
vn 0.00425761515945864 -0.8690199292422277 -0.49475876474599956
vn 0.0002664310944349033 -0.8349430533219698 -0.550336285123794
vn -0.005769952469540707 -0.8685200721510054 -0.49562041112055893
vn 0.005769952469540707 0.8685200721510054 0.49562041112055893
vn -0.0002664310944349033 0.8349430533219698 0.550336285123794
vn -0.00425761515945864 0.8690199292422277 0.49475876474599956
vn 0.9749916027399871 0.018008004823174828 0.22151091699688344
vn -0.9749916027399871 -0.018008004823174828 -0.22151091699688344
vn 0.002313067733731433 -0.9999970760327807 -0.000705438550435811
vn -0.002313067733731433 0.9999970760327807 0.000705438550435811
vn 0.7037935221557484 0.04555298969432093 0.7089425952088894
vn -0.7037935221557484 -0.04555298969432093 -0.7089425952088894
vn -0.010063447515925984 -0.6654990629685262 -0.746330840989509
vn 0.010063447515925984 0.6654990629685262 0.746330840989509
vn -0.029151735125994113 -0.43548589666966087 -0.8997234075764425
vn 0.029151735125994113 0.43548589666966087 0.8997234075764425
vn -0.011282411663212064 0.2771509246888189 -0.9607601532803045
vn 0.011282411663212064 -0.2771509246888189 0.9607601532803045
vn 0.011412013723878163 0.13259101147886884 0.9911051355016663
vn -0.011412013723878163 -0.13259101147886884 -0.9911051355016663
vn -0.011443148915221869 0.6330820677875829 0.7740000967627217
vn 0.011443148915221869 -0.6330820677875829 -0.7740000967627217
vn -0.02088392256801744 0.9971107077718222 -0.07303491100117106
vn 0.02088392256801744 -0.9971107077718222 0.07303491100117106
vn 0.0502497034803505 0.8646651092430937 -0.49982918698067824
vn -0.0502497034803505 -0.8646651092430937 0.49982918698067824
vn 0.7517390716560156 0.015181995664903 -0.6592858827196154
vn -0.7517390716560156 -0.015181995664903 0.6592858827196154
vn 0.700009610182862 0.3535511058353625 -0.6204741422607636
vn -0.700009610182862 -0.3535511058353625 0.6204741422607636
vn 0.7111356171280891 0.6123688371359367 0.3453846281417753
vn -0.7111356171280891 -0.6123688371359367 -0.3453846281417753
vn 0.05622598308489048 0.9984178543548076 -0.0006534000915287037
vn -0.05622598308489048 -0.9984178543548076 0.0006534000915287037
vn 0.0443067858375506 0.9813736884001643 0.18692937822772238
vn -0.0443067858375506 -0.9813736884001643 -0.18692937822772238
vn -0.011505549419693254 0.044444011379979005 -0.9989456202341584
vn 0.011505549419693254 -0.044444011379979005 0.9989456202341584
vn -0.00006177695549576546 -0.9999999980895 -0.000002146568209117584
vn 0.006907619048321936 -0.7933512063336183 0.608725018549489
vn -0.006907619048321936 0.7933512063336183 -0.608725018549489
vn 0.00006177695549576546 0.9999999980895 0.000002146568209117584
vn 0.011172868851477996 0.241683996896657 0.9702906846124434
vn -0.011172868851477996 -0.241683996896657 -0.9702906846124434
vn -0.9994631918401866 -0.03276000986592426 0.0003315270893115041
vn 0.9994631918401866 0.03276000986592426 -0.0003315270893115041
vn 0.999325791032851 0.0291770110678783 0.0222859911538958
vn -0.999325791032851 -0.0291770110678783 -0.0222859911538958
vn 0.99935264257188 0.028752002449828964 0.021624480103004853
vn -0.99935264257188 -0.028752002449828964 -0.021624480103004853
vn 0.9991325268826531 0.03547001314481699 0.02181907176282526
vn -0.9991325268826531 -0.03547001314481699 -0.02181907176282526
vn 0.9994918809899006 0.02174699116503666 0.02330339482861388
vn -0.9994918809899006 -0.02174699116503666 -0.02330339482861388
vn 0.533734198145776 0 0.8456522959997717
vn -0.533734198145776 0 -0.8456522959997717
vn 0.9987387695614678 0.01741899665783494 -0.04708979433252656
vn -0.9987387695614678 -0.01741899665783494 0.04708979433252656
vn 0.9980113227638227 0.029091003220679774 -0.05592059698196522
vn -0.9980113227638227 -0.029091003220679774 0.05592059698196522
vn -0.9992048167597286 -0.02946800302648204 0.026858349945382852
vn 0.9992048167597286 0.02946800302648204 -0.026858349945382852
vn -0.9996447832194122 -0.026650012737350088 0.00029017807203811824
vn 0.9996447832194122 0.026650012737350088 -0.00029017807203811824
vn -0.6493120141985037 0.19883590708748222 0.7340696086000158
vn 0.6493120141985037 -0.19883590708748222 -0.7340696086000158
vn -0.9750456429012071 0.0014150001283679031 -0.22199998205857782
vn 0.9750456429012071 -0.0014150001283679031 0.22199998205857782
vn 0.7020995491465389 0.10278898297228724 0.7046209250850771
vn -0.7020995491465389 -0.10278898297228724 -0.7046209250850771
vn -0.0017404412551526936 -0.9999969596031236 -0.0017468968905093713
vn 0.0017404412551526936 0.9999969596031236 0.0017468968905093713
vn -0.0011225935170613981 -0.8552097337595681 -0.5182808611811593
vn 0.0011225935170613981 0.8552097337595681 0.5182808611811593
vn 0.9915290474690078 -0.0000010000004102694903 0.12988513396152127
vn -0.9915290474690078 0.0000010000004102694903 -0.12988513396152127
vn -0.9999258759386702 0.00003000000729174205 0.012175455978443436
vn 0.9999258759386702 -0.00003000000729174205 -0.012175455978443436
vn 0.84865169040634 -0.04551899619777531 0.5269898759517195
vn -0.84865169040634 0.04551899619777531 -0.5269898759517195
vn -0.03136374904076007 0.44884788439632434 -0.8930576083988379
vn 0.03136374904076007 -0.44884788439632434 0.8930576083988379
vn 0.027500285976483782 0.7854758370475563 0.6182810394033221
vn -0.027500285976483782 -0.7854758370475563 -0.6182810394033221
vn 0.7553354743922349 0.5558300194282049 -0.34716179315572593
vn -0.7553354743922349 -0.5558300194282049 0.34716179315572593
vn 0.7594087321245899 0.6505820333540405 0.0064339295803314215
vn -0.7594087321245899 -0.6505820333540405 -0.0064339295803314215
vn -0.026347606684149528 -0.865580960919886 0.5000753980301613
vn -0.03970267011392762 -0.9992114349158645 0.0004542237372946415
vn -0.03731432600200456 -0.8655953546370863 -0.4993519030760901
vn 0.03731432600200456 0.8655953546370863 0.4993519030760901
vn 0.03970267011392762 0.9992114349158645 -0.0004542237372946415
vn 0.026347606684149528 0.865580960919886 -0.5000753980301613
vn -0.050233617543820226 0.3836241414228736 -0.9221220644719571
vn 0.050233617543820226 -0.3836241414228736 0.9221220644719571
vn -0.0065940689166082995 -0.8204777845007178 -0.5716403794309116
vn 0.002574899689665741 -0.984395514129565 -0.1759512479443596
vn -0.002574899689665741 0.984395514129565 0.1759512479443596
vn 0.0065940689166082995 0.8204777845007178 0.5716403794309116
vn 0.006485931025217265 0.09547702330465571 0.9954105036213041
vn -0.006485931025217265 -0.09547702330465571 -0.9954105036213041
vn 0.1311105533728711 0.3435561315784166 0.929935055393189
vn 0.05048075463683775 0.60356697408706 0.7957126373275003
vn 0.0415586225256373 0.496913054229864 0.8668046477896388
vn -0.0415586225256373 -0.496913054229864 -0.8668046477896388
vn -0.05048075463683775 -0.60356697408706 -0.7957126373275003
vn -0.1311105533728711 -0.3435561315784166 -0.929935055393189
vn -0.02065265414171815 0.0000030000009523166537 0.9997867111878924
vn -0.030085147241856403 -0.4996020123266802 0.8657324720689223
vn 0.030085147241856403 0.4996020123266802 -0.8657324720689223
vn 0.02065265414171815 -0.0000030000009523166537 -0.9997867111878924
vn 0.9990191847000413 0.027665009782930246 -0.03457333994532821
vn -0.9990191847000413 -0.027665009782930246 0.03457333994532821
vn 0.9991411786465523 0.03534799430695865 0.02162000072279171
vn -0.9991411786465523 -0.03534799430695865 -0.02162000072279171
vn 0.9995439286243976 0.02086799027809611 0.021828003386900507
vn -0.9995439286243976 -0.02086799027809611 -0.021828003386900507
vn 0.22826712745390693 0 0.9735985407363456
vn -0.22826712745390693 0 -0.9735985407363456
vn -0.7758072723644595 0 0.630969948687271
vn 0.7758072723644595 0 -0.630969948687271
vn 0.9984163852472623 0.030800988901651158 -0.04707462960523938
vn -0.9984163852472623 -0.030800988901651158 0.04707462960523938
vn 0.9986774484025429 0.01658700240049613 -0.048664416194504144
vn -0.9986774484025429 -0.01658700240049613 0.048664416194504144
vn -0.9996901398652892 -0.019546996463059373 0.015412306296974864
vn 0.9996901398652892 0.019546996463059373 -0.015412306296974864
vn -0.8025631736535691 -0.11104300906655085 0.5861414525799697
vn 0.8025631736535691 0.11104300906655085 -0.5861414525799697
vn -0.9946316708112463 -0.010387002489240408 -0.10295605663834147
vn 0.9946316708112463 0.010387002489240408 0.10295605663834147
vn 0.794936907124209 -0.11271899443613384 0.5961289642225946
vn -0.794936907124209 0.11271899443613384 -0.5961289642225946
vn -0.002337440290366116 -0.9999969948665154 -0.0007393448635554266
vn 0.002337440290366116 0.9999969948665154 0.0007393448635554266
vn -0.01387354277862746 -0.7549896108429704 -0.655589972719191
vn 0.01387354277862746 0.7549896108429704 0.655589972719191
vn 0.8630969600657408 0.008454999646019085 0.5049674747013544
vn -0.8630969600657408 -0.008454999646019085 -0.5049674747013544
vn 0.004201835942650483 -0.9999844844956001 0.003657231573205559
vn -0.004201835942650483 0.9999844844956001 -0.003657231573205559
vn -0.8976427046233939 0.23466601819260113 0.37305419812947843
vn 0.8976427046233939 -0.23466601819260113 -0.37305419812947843
vn 0.9005945690484304 0.000001000000218096585 0.4346601226239553
vn -0.9005945690484304 -0.000001000000218096585 -0.4346601226239553
vn 0.00244770825233262 -0.5735599141033871 -0.8191599560879589
vn -0.00244770825233262 0.5735599141033871 0.8191599560879589
vn 0.011444520096176204 0.6330799944288957 -0.7740017723582275
vn -0.011444520096176204 -0.6330799944288957 0.7740017723582275
vn -0.03746551166611231 0.9161902535071298 0.39898841438585386
vn 0.03746551166611231 -0.9161902535071298 -0.39898841438585386
vn -0.054508971026744464 -0.8644551456663231 0.49974600869703967
vn 0.054508971026744464 0.8644551456663231 -0.49974600869703967
vn -0.06546289957166508 -0.8644821512584553 -0.49838260296204495
vn 0.06546289957166508 0.8644821512584553 0.49838260296204495
vn -0.04907540931456431 -0.49961797737380137 -0.8648546010084699
vn -0.05153694433390161 -0.17596795291546968 -0.9830458905440087
vn 0.05153694433390161 0.17596795291546968 0.9830458905440087
vn 0.04907540931456431 0.49961797737380137 0.8648546010084699
vn -0.010991646547453233 0.2982738624109218 -0.9544170402442773
vn 0.010991646547453233 -0.2982738624109218 0.9544170402442773
vn -0.009430677883843086 -0.5716760646125478 -0.8204252186907479
vn -0.015940518481370597 -0.17590694255460732 -0.9842777288101339
vn 0.015940518481370597 0.17590694255460732 0.9842777288101339
vn 0.009430677883843086 0.5716760646125478 0.8204252186907479
vn 0.011308121562367983 -0.13052703130293072 0.9913802602866243
vn -0.011308121562367983 0.13052703130293072 -0.9913802602866243
vn -0.03463282189998927 0.8074122048041688 0.5889703720735998
vn 0.03463282189998927 -0.8074122048041688 -0.5889703720735998
vn -0.04882095833653271 0.000005999997569167616 0.9988075460223069
vn 0.04882095833653271 -0.000005999997569167616 -0.9988075460223069
vn 0.9981631954059963 0.031117002947496086 -0.051980452714997204
vn -0.9981631954059963 -0.031117002947496086 0.051980452714997204
vn 0.050362776809808656 0 0.9987309901630195
vn -0.050362776809808656 0 -0.9987309901630195
vn -0.9499395100591649 0 0.31243387656999355
vn 0.9499395100591649 0 -0.31243387656999355
vn -0.9982751825064392 0 -0.05870826169914532
vn 0.9982751825064392 0 0.05870826169914532
vn 0.8766165337975836 0.12308096014257633 0.46518225452298956
vn -0.8766165337975836 -0.12308096014257633 -0.46518225452298956
vn 0.9816502710139676 9.999996513708508e-7 0.19069018175355476
vn -0.9816502710139676 -9.999996513708508e-7 -0.19069018175355476
vn 0.6645492704504803 0.016878001485087377 0.7470538134629952
vn -0.6645492704504803 -0.016878001485087377 -0.7470538134629952
vn -0.9934713907043562 0.0999039924743823 0.05507983423750525
vn 0.9934713907043562 -0.0999039924743823 -0.05507983423750525
vn 0.012117324211340217 -0.999926387349059 -0.0006247695708083328
vn -0.012117324211340217 0.999926387349059 0.0006247695708083328
vn 0.000049420857280634764 -0.999999998776 -0.000002361960975918579
vn -0.000049420857280634764 0.999999998776 0.000002361960975918579
vn 0.010291186490719213 0.44861513354063276 0.8936657951599879
vn 0.011172675800344476 0.24167905951939725 0.9702919166443056
vn -0.011172675800344476 -0.24167905951939725 -0.9702919166443056
vn -0.010291186490719213 -0.44861513354063276 -0.8936657951599879
vn -0.020997836830434945 -0.34234019073660243 -0.9393414100607239
vn 0.020997836830434945 0.34234019073660243 0.9393414100607239
vn -0.00285483535208474 -0.08334801761168847 -0.9965164112423409
vn 0.00285483535208474 0.08334801761168847 0.9965164112423409
vn -0.02749714388203661 0.7854757140727533 -0.6182813353807706
vn 0.02749714388203661 -0.7854757140727533 0.6182813353807706
vn 0.022426185508715963 0.9886016485531651 0.14887527222978653
vn -0.022426185508715963 -0.9886016485531651 -0.14887527222978653
vn 0.037471585682367387 0.9161901161083225 -0.39898815948830785
vn -0.037471585682367387 -0.9161901161083225 0.39898815948830785
vn -0.7029844431437868 -0.6123776642735294 0.36167176969832254
vn -0.855275893935658 -0.42439482571932974 0.29730821911817507
vn -0.7267122383661115 -0.6868910417251978 0.008367759950469972
vn 0.7267122383661115 0.6868910417251978 -0.008367759950469972
vn 0.855275893935658 0.42439482571932974 -0.29730821911817507
vn 0.7029844431437868 0.6123776642735294 -0.36167176969832254
vn -0.8508072774702339 -0.4592529062051813 -0.2553698195671981
vn -0.711128739523889 -0.6123769944135911 -0.34538432584027573
vn 0.711128739523889 0.6123769944135911 0.34538432584027573
vn 0.8508072774702339 0.4592529062051813 0.2553698195671981
vn -0.07072985404008407 0.000004000001967524622 -0.9974955076247053
vn 0.07072985404008407 -0.000004000001967524622 0.9974955076247053
vn -0.028953455182083965 0.6037311290744083 -0.7966620495665393
vn 0.028953455182083965 -0.6037311290744083 0.7966620495665393
vn -0.011462965818109273 0.0000040000004341387376 -0.9999342980409527
vn 0.011462965818109273 -0.0000040000004341387376 0.9999342980409527
vn 0.009377728710036497 0.5716772021328036 0.8204250329956119
vn -0.009377728710036497 -0.5716772021328036 -0.8204250329956119
vn -0.016655137374898463 0.9175777377902705 0.39720737846962634
vn 0.016655137374898463 -0.9175777377902705 -0.39720737846962634
vn -0.033447467600901094 0.7637913122203852 0.6445960737452168
vn -0.02984156232196025 0.49960688412044363 0.8657380911670957
vn 0.02984156232196025 -0.49960688412044363 -0.8657380911670957
vn 0.033447467600901094 -0.7637913122203852 -0.6445960737452168
vn -0.8654848978046341 0.24612905447599587 0.4362984989830406
vn -0.7528282093374091 -0.33844397267724985 0.5645399583592566
vn -0.7517389917473383 0.01518899404833835 0.6592858126385662
vn 0.7517389917473383 -0.01518899404833835 -0.6592858126385662
vn 0.7528282093374091 0.33844397267724985 -0.5645399583592566
vn 0.8654848978046341 -0.24612905447599587 -0.4362984989830406
vn -0.4990407063605917 0 0.8665785442734674
vn 0.4990407063605917 0 -0.8665785442734674
vn -0.028519292515560124 0 0.999593242251273
vn 0.028519292515560124 0 -0.999593242251273
vn -0.998675690623926 0 0.051447691462538886
vn 0.998675690623926 0 -0.051447691462538886
vn -0.9864196411993345 0 0.16424460860611598
vn 0.9864196411993345 0 -0.16424460860611598
vn 0.9399616257623158 -0.13275201904354375 0.31440267736475613
vn -0.9399616257623158 0.13275201904354375 -0.31440267736475613
vn 0.9999411166843235 0.0000010000005457681432 -0.010851873714169489
vn -0.9999411166843235 -0.0000010000005457681432 0.010851873714169489
vn 0.3752498547798315 -0.011647006244724145 0.9268505239429121
vn -0.3752498547798315 0.011647006244724145 -0.9268505239429121
vn -0.9981597110757072 -0.05954502231673432 0.011470898071218219
vn 0.9981597110757072 0.05954502231673432 -0.011470898071218219
vn -0.9157250375561717 0.06344300067712687 -0.396765221835067
vn 0.9157250375561717 -0.06344300067712687 0.396765221835067
vn -0.9630515689190223 0.0000020000002479535245 -0.26931705404338835
vn 0.9630515689190223 -0.0000020000002479535245 0.26931705404338835
vn 0.9241444311145589 0.3818949858391433 -0.010643788370163124
vn -0.9241444311145589 -0.3818949858391433 0.010643788370163124
vn -0.03848510017254562 0.08369004053862811 -0.9957483990342901
vn 0.03848510017254562 -0.08369004053862811 0.9957483990342901
vn -0.022420115612534545 0.9886010388688277 -0.14888023496554215
vn 0.022420115612534545 -0.9886010388688277 0.14888023496554215
vn -0.7335674642768838 -0.343442034120968 -0.5864523378359359
vn 0.7335674642768838 0.343442034120968 0.5864523378359359
vn -0.7152020539135475 0.0000039999993137223905 -0.6989177505700105
vn -0.8538606626328574 0.000003999998184439288 -0.5205016510945742
vn 0.8538606626328574 -0.000003999998184439288 0.5205016510945742
vn 0.7152020539135475 -0.0000039999993137223905 0.6989177505700105
vn -0.06914123341440045 0.4991229659313645 -0.8637683455196846
vn 0.06914123341440045 -0.4991229659313645 0.8637683455196846
vn -0.04892680165858806 0.6441829971800886 -0.763304941830943
vn 0.04892680165858806 -0.6441829971800886 0.763304941830943
vn -0.06919769325303828 0.7849493503500539 -0.6156835198651065
vn 0.06919769325303828 -0.7849493503500539 0.6156835198651065
vn -0.009913762700532312 0.4999980570925311 -0.8659697801960596
vn 0.009913762700532312 -0.4999980570925311 0.8659697801960596
vn 0.0008852650834498561 0.8660164717643335 0.5000146867228874
vn -0.0008852650834498561 -0.8660164717643335 -0.5000146867228874
vn -0.06304633107003343 0.998010337602503 0.000725380690122948
vn 0.06304633107003343 -0.998010337602503 -0.000725380690122948
vn -0.05408770557201792 0.8644730601936936 0.4997607910844
vn 0.05408770557201792 -0.8644730601936936 -0.4997607910844
vn -0.7000054584140648 0.35355689105040033 0.6204755297199804
vn 0.7000054584140648 -0.35355689105040033 -0.6204755297199804
vn -0.20727384990127043 0 0.9782829606750317
vn 0.20727384990127043 0 -0.9782829606750317
vn 0.9712309913284739 -0.000003999999355450571 0.23813937403778906
vn -0.9712309913284739 0.000003999999355450571 -0.23813937403778906
vn -0.002823304254230971 -0.9999960100469599 -0.00009403854735860569
vn 0.002823304254230971 0.9999960100469599 0.00009403854735860569
vn 0.19168246538356776 -0.0017940001316997882 0.9814553550865189
vn -0.19168246538356776 0.0017940001316997882 -0.9814553550865189
vn -0.35916389624762746 0.0000019999997065767315 -0.933274501756168
vn 0.35916389624762746 -0.0000019999997065767315 0.933274501756168
vn -0.9999944436357773 -0.000004000000040613541 0.0033335688941396303
vn 0.9999944436357773 0.000004000000040613541 -0.0033335688941396303
vn -0.9995519215916467 -0.0000020000008704848327 -0.029932524758969143
vn 0.9995519215916467 0.0000020000008704848327 0.029932524758969143
vn -0.4805530301483611 -0.06388897700617008 -0.8746353433473482
vn 0.4805530301483611 0.06388897700617008 0.8746353433473482
vn 0.00004530333645334586 -0.9999999989695001 0.000002933888536719134
vn -0.00004530333645334586 0.9999999989695001 -0.000002933888536719134
vn -0.00009041072648420784 0.9999999958895001 -0.000006848391709772441
vn 0.00009041072648420784 -0.9999999958895001 0.000006848391709772441
vn 0.039533274044370556 -0.9992182458172113 -0.00013217150912907274
vn -0.039533274044370556 0.9992182458172113 0.00013217150912907274
vn 0.6989177505756016 0 -0.715202053919269
vn -0.6989177505756016 0 0.715202053919269
vn -0.0020494772010857054 0.2608648562595904 -0.9653731539730457
vn 0.0020494772010857054 -0.2608648562595904 0.9653731539730457
vn 0.007121282933934545 0.7858848569005972 0.6183318518592609
vn -0.007121282933934545 -0.7858848569005972 -0.6183318518592609
vn -0.9999426566933735 -0.009497997521763925 -0.00494685436160632
vn 0.9999426566933735 0.009497997521763925 0.00494685436160632
vn -0.7335665917704335 0.34344408473573673 -0.5864522283173133
vn 0.7335665917704335 -0.34344408473573673 0.5864522283173133
vn -0.04473003126275351 0.8653673507390831 -0.49913782923963385
vn 0.04473003126275351 -0.8653673507390831 0.49913782923963385
vn -0.02580115926007783 0.9175765527168661 -0.3967210229935744
vn 0.02580115926007783 -0.9175765527168661 0.3967210229935744
vn -0.004099775420940769 0.644538335988576 -0.7645610016751936
vn 0.004099775420940769 -0.644538335988576 0.7645610016751936
vn 0.00484484468026131 0.9999882621169575 -0.00005575240808519566
vn -0.00484484468026131 -0.9999882621169575 0.00005575240808519566
vn -0.05953231632117535 0.9982261436542356 0.0006851559158286877
vn -0.04239307783724721 0.9835670026856298 -0.175495806729083
vn 0.04239307783724721 -0.9835670026856298 0.175495806729083
vn 0.05953231632117535 -0.9982261436542356 -0.0006851559158286877
vn -0.7553350757280485 0.5558291592864864 0.34716403768504195
vn 0.7553350757280485 -0.5558291592864864 -0.34716403768504195
vn -0.8105357717027379 -9.999996047051236e-7 0.5856891349421187
vn 0.8105357717027379 9.999996047051236e-7 -0.5856891349421187
vn 0.9994433397384774 -0.0000029999997206807624 0.03336181415029278
vn -0.9994433397384774 0.0000029999997206807624 -0.03336181415029278
vn -0.005965400723908643 -0.9999821452704167 0.0003509053694922168
vn 0.005965400723908643 0.9999821452704167 -0.0003509053694922168
vn 0.9495074012918643 9.999997986651465e-7 -0.31374463324648344
vn -0.9495074012918643 -9.999997986651465e-7 0.31374463324648344
vn 0.07409299874278719 -0.00963000444930338 0.9972048388127726
vn -0.07409299874278719 0.00963000444930338 -0.9972048388127726
vn -0.062226461473048215 -0.08729702576668165 -0.9942369419735089
vn 0.062226461473048215 0.08729702576668165 0.9942369419735089
vn -0.002862204103987943 -0.08896503693068493 -0.9960306370747785
vn 0.002862204103987943 0.08896503693068493 0.9960306370747785
vn -0.08251058207425492 0.0000010000003293829273 -0.9965901885152029
vn 0.08251058207425492 -0.0000010000003293829273 0.9965901885152029
vn -0.9560224362689864 -0.0000020000007107107663 -0.2932935412625235
vn 0.9560224362689864 0.0000020000007107107663 0.2932935412625235
vn 0.9969281533494828 0 0.07832149806528362
vn -0.9969281533494828 0 -0.07832149806528362
vn 0.009223785894167202 -0.9999574219726214 0.0002757093526233887
vn -0.009223785894167202 0.9999574219726214 -0.0002757093526233887
vn -0.003775251873485176 0.9999905428189284 0.0021591076853838473
vn 0.003775251873485176 -0.9999905428189284 -0.0021591076853838473
vn -0.031076407872549356 0.44929597471137633 -0.892842306335163
vn 0.031076407872549356 -0.44929597471137633 0.892842306335163
vn -0.03643960167038104 0.8490912798567111 0.5269878119097218
vn 0.03643960167038104 -0.8490912798567111 -0.5269878119097218
vn 0.031945474580377144 0.6600710470323737 -0.7505236168991755
vn -0.031945474580377144 -0.6600710470323737 0.7505236168991755
vn -0.8611637018041761 0.4611279337963282 -0.21391144749091173
vn 0.8611637018041761 -0.4611279337963282 0.21391144749091173
vn -0.711135279420469 0.6123687150630659 -0.3453855399051636
vn 0.711135279420469 -0.6123687150630659 0.3453855399051636
vn -0.004851597819025991 0.9053257021474401 -0.42469028129902714
vn 0.004851597819025991 -0.9053257021474401 0.42469028129902714
vn -0.7594093771087317 0.6505812494189112 -0.006437069508431253
vn 0.7594093771087317 -0.6505812494189112 0.006437069508431253
vn 0.9958908880656607 -0.08568798463905898 0.029307138316217837
vn -0.9958908880656607 0.08568798463905898 -0.029307138316217837
vn -0.03719928427379007 0.9993078606964939 0.00011313582296845641
vn 0.03719928427379007 -0.9993078606964939 -0.00011313582296845641
vn -0.00010315694899342445 -0.9999999946790001 8.023472568241258e-7
vn 0.00010315694899342445 0.9999999946790001 -8.023472568241258e-7
vn 0.8966173217500618 -0.06657000168382174 -0.4377737009158524
vn -0.8966173217500618 0.06657000168382174 0.4377737009158524
vn 0.04658972519326278 0 0.9989141091737649
vn -0.04658972519326278 0 -0.9989141091737649
vn -0.24319722136851565 -0.000003999999871393762 -0.9699768613233168
vn 0.24319722136851565 0.000003999999871393762 0.9699768613233168
vn -0.1855167205323169 0.08038097292347242 -0.9793479696179547
vn 0.1855167205323169 -0.08038097292347242 0.9793479696179547
vn -0.052840687423113326 0.08310101594139362 -0.9951392278983685
vn 0.052840687423113326 -0.08310101594139362 0.9951392278983685
vn 0.013350193717680982 0.07879400838147625 -0.9968015231583868
vn -0.013350193717680982 -0.07879400838147625 0.9968015231583868
vn -0.05616736857814877 -0.01948200888492848 -0.998231274824033
vn 0.05616736857814877 0.01948200888492848 0.998231274824033
vn -0.8192339551297827 -0.00000399999996053562 -0.573459437751628
vn 0.8192339551297827 0.00000399999996053562 0.573459437751628
vn 0.0002755469015756572 -0.9999992981033352 0.00115233100365451
vn -0.0002755469015756572 0.9999992981033352 -0.00115233100365451
vn 0.007829991488439646 -0.9999674127956328 -0.001965853529449778
vn -0.007829991488439646 0.9999674127956328 0.001965853529449778
vn -0.00932045951525586 0.9999565307335098 -0.0002562768581105648
vn 0.00932045951525586 -0.9999565307335098 0.0002562768581105648
vn 0.004247905968288534 -0.9999901278702458 0.0013036322081054872
vn -0.004247905968288534 0.9999901278702458 -0.0013036322081054872
vn -0.01722982517173926 0.965778689428319 0.2587946216030568
vn 0.01722982517173926 -0.965778689428319 -0.2587946216030568
vn -0.02887199726135627 0.8295968742186054 -0.5576158481076914
vn 0.02887199726135627 -0.8295968742186054 0.5576158481076914
vn -0.4354393252263102 0 0.900218081381648
vn 0.4354393252263102 0 -0.900218081381648
vn 0.9980915020607368 -0.055366979784550345 -0.027346865701201845
vn -0.9980915020607368 0.055366979784550345 0.027346865701201845
vn 0.9995602310928652 0.029498986810843807 -0.0030255899774172955
vn -0.9995602310928652 -0.029498986810843807 0.0030255899774172955
vn -0.009484485864610469 -0.999954909517584 0.00047271509818590517
vn 0.009484485864610469 0.999954909517584 -0.00047271509818590517
vn -0.7152030208818603 0 -0.6989167610820772
vn 0.7152030208818603 0 0.6989167610820772
vn 0.0056172087185688635 -0.9999841829791225 0.00028417914923983747
vn -0.0056172087185688635 0.9999841829791225 -0.00028417914923983747
vn 0.006955669642140219 0.9999752732767798 -0.001035130358311056
vn -0.006955669642140219 -0.9999752732767798 0.001035130358311056
vn -0.00005275370959249607 -0.9999999985695001 0.000008834371287731048
vn 0.00005275370959249607 0.9999999985695001 -0.000008834371287731048
vn 0.003898581706277021 0.9999899814676857 0.002199551076199815
vn -0.003898581706277021 -0.9999899814676857 -0.002199551076199815
vn 0.000090604020812209 0.999999995851 -0.000009429281192646264
vn -0.000090604020812209 -0.999999995851 0.000009429281192646264
vn 0.595603690499988 0.03490000197516537 -0.8025199273070593
vn -0.595603690499988 -0.03490000197516537 0.8025199273070593
vn 0.010608485929464919 0 0.9999437284298974
vn -0.010608485929464919 0 -0.9999437284298974
vn -0.4109013549794898 -0.000005000000305788014 -0.9116798102683965
vn 0.4109013549794898 0.000005000000305788014 0.9116798102683965
vn 0.002159448913370841 -0.9999327079166991 0.01139808838219426
vn -0.002159448913370841 0.9999327079166991 -0.01139808838219426
vn 0.0007181683705620671 -0.9999083038821787 0.013522871797657668
vn -0.0007181683705620671 0.9999083038821787 -0.013522871797657668
vn -0.0002321566922144102 0.9998515692995313 0.01722746274221864
vn 0.0002321566922144102 -0.9998515692995313 -0.01722746274221864
vn 0.05106209887617085 -0.07221202989907263 -0.996081364546198
vn -0.05106209887617085 0.07221202989907263 0.996081364546198
vn -0.01126959515868527 0.0028660003642510283 -0.9999323888478019
vn 0.01126959515868527 -0.0028660003642510283 0.9999323888478019
vn 0.004238295099802554 -0.9999901790982569 0.001295593177910882
vn -0.004238295099802554 0.9999901790982569 -0.001295593177910882
vn -0.6253452178984734 -0.000003999999551164046 -0.7803482289564773
vn 0.6253452178984734 0.000003999999551164046 0.7803482289564773
vn -0.004843919355786114 -0.9999833583596004 0.003133600027061874
vn 0.004843919355786114 0.9999833583596004 -0.003133600027061874
vn 0.6326009053517886 -0.4665271249980286 0.6181978131546335
vn -0.6326009053517886 0.4665271249980286 -0.6181978131546335
vn -0.004197145921778399 0.9999900646493598 -0.0015015221212383203
vn 0.004197145921778399 -0.9999900646493598 0.0015015221212383203
vn -0.06360425479597748 0.9979749316342286 0.0007311644856327802
vn 0.06360425479597748 -0.9979749316342286 -0.0007311644856327802
vn 0.016405927618422 0.9560112648218492 -0.2928708026975504
vn -0.016405927618422 -0.9560112648218492 0.2928708026975504
vn -0.3537869063957197 -0.006112000217498211 0.9353060826896656
vn 0.3537869063957197 0.006112000217498211 -0.9353060826896656
vn 0.9984320516498828 -0.0000029999987731382626 -0.055977122373393515
vn -0.9984320516498828 0.0000029999987731382626 0.055977122373393515
vn 0.9917655412730089 0.11813001150415087 -0.04946121233335185
vn -0.9917655412730089 -0.11813001150415087 0.04946121233335185
vn -0.9948594611742198 -0.00000200000048961966 0.10126525814977701
vn 0.9948594611742198 0.00000200000048961966 -0.10126525814977701
vn 0.35734098101658684 -0.02892399660973215 -0.9335260176911104
vn -0.35734098101658684 0.02892399660973215 0.9335260176911104
vn 0.04643696778299818 0 -0.9989212221307148
vn -0.04643696778299818 0 0.9989212221307148
vn 0.00896362930051015 -0.019739995794551816 0.9997649653372507
vn -0.036339855140468495 -0.0037059995045130184 0.9993326175483529
vn -0.0861987733822141 -0.008487996843874333 0.9962418006573402
vn 0.0861987733822141 0.008487996843874333 -0.9962418006573402
vn 0.036339855140468495 0.0037059995045130184 -0.9993326175483529
vn -0.00896362930051015 0.019739995794551816 -0.9997649653372507
vn 0.0003186719272459856 -0.999997602492532 0.0021664388730522647
vn -0.0003186719272459856 0.999997602492532 -0.0021664388730522647
vn -0.00013041089472809442 -0.9999993092783342 0.0011680906869920786
vn 0.00013041089472809442 0.9999993092783342 -0.0011680906869920786
vn -0.010377452336181854 -0.009015996077172959 -0.9999055056842855
vn 0.010377452336181854 0.009015996077172959 0.9999055056842855
vn 0.0007114282277954095 -0.9999995256238375 0.0006652984116654692
vn -0.0007114282277954095 0.9999995256238375 -0.0006652984116654692
vn -0.6989167610820773 0 0.7152030208818602
vn 0.6989167610820773 0 -0.7152030208818602
vn -0.003421014587468091 0.9999920301337603 -0.0020582342318071576
vn 0.003421014587468091 -0.9999920301337603 0.0020582342318071576
vn -0.7151712789099501 -0.009061003669372361 -0.698890506470656
vn 0.7151712789099501 0.009061003669372361 0.698890506470656
vn -0.1759260871540877 -0.0018849993432828902 0.9844015738691848
vn 0.1759260871540877 0.0018849993432828902 -0.9844015738691848
vn 0.28249650485654465 -0.08368999239743444 -0.9556106476574827
vn -0.28249650485654465 0.08368999239743444 0.9556106476574827
vn -0.13355296173606332 -0.0028240006748270928 0.9910376538919772
vn 0.13355296173606332 0.0028240006748270928 -0.9910376538919772
vn 0.9685439036720057 -0.000004000002552643421 -0.24884273476192237
vn -0.9685439036720057 0.000004000002552643421 0.24884273476192237
vn -0.0042913642525203004 -0.9999897987755731 0.0014094458631698193
vn 0.0042913642525203004 0.9999897987755731 -0.0014094458631698193
vn -0.0033778287857000313 -0.9999930649625516 0.0015685341872505806
vn 0.0033778287857000313 0.9999930649625516 -0.0015685341872505806
vn 0.004004251253672674 0.9999887710420973 -0.0025345140783921524
vn -0.004004251253672674 -0.9999887710420973 0.0025345140783921524
vn 0.18513582305981802 0.02145899113811403 -0.9824786199807598
vn -0.18513582305981802 -0.02145899113811403 0.9824786199807598
vn -0.0006635295839289297 -0.9999995110753584 0.000733196791497073
vn 0.0006635295839289297 0.9999995110753584 -0.000733196791497073
vn -0.006864827208922136 -0.9999759301111846 -0.0010066507153412923
vn 0.006864827208922136 0.9999759301111846 0.0010066507153412923
vn 0.22650927339771906 0 -0.9740090087185217
vn -0.22650927339771906 0 0.9740090087185217
vn -0.8190649270909601 0.008648997774392262 -0.5736356335226905
vn 0.8190649270909601 -0.008648997774392262 0.5736356335226905
vn 0.4980115303247642 -0.09076199239609706 -0.8624075465810102
vn -0.4980115303247642 0.09076199239609706 0.8624075465810102
vn 0.3917853820326862 0.08614999902749539 -0.9160144060510537
vn -0.3917853820326862 -0.08614999902749539 0.9160144060510537
vn 0.875227745958191 -0.12376598961943758 -0.4676092091891106
vn -0.875227745958191 0.12376598961943758 0.4676092091891106
vn 0.9375197954732892 0.13237091921365549 -0.32176788659257777
vn -0.9375197954732892 -0.13237091921365549 0.32176788659257777
vn -0.6181952408393477 -0.4665271081216351 0.6326034315360967
vn 0.6181952408393477 0.4665271081216351 -0.6326034315360967
vn 0.08155509744038796 -0.014723997303565604 -0.9965600684278363
vn -0.08155509744038796 0.014723997303565604 0.9965600684278363
vn 0.02527435048194385 0.009103001591846136 -0.9996391061626864
vn -0.02527435048194385 -0.009103001591846136 0.9996391061626864
vn 9.806146585243682e-7 -1 1.959461443512902e-7
vn -9.806146585243682e-7 1 -1.959461443512902e-7
vn 0.7016321734673103 -0.10534697080704182 -0.7047086695204753
vn -0.7016321734673103 0.10534697080704182 0.7047086695204753
vn 0.6016983908788004 0.097257017688281 -0.7927799940237164
vn -0.6016983908788004 -0.097257017688281 0.7927799940237164
vn 0.7945477001882703 0.11442700786491161 -0.5963224060829962
vn -0.7945477001882703 -0.11442700786491161 0.5963224060829962
vn 0.8056393119210413 0.008648004430788735 -0.5923432375799998
vn -0.8056393119210413 -0.008648004430788735 0.5923432375799998
vn 0.004262942474204676 0.9999878968607535 -0.002456308911427331
vn -0.004262942474204676 -0.9999878968607535 0.002456308911427331
vn 0.011517091270855343 -9.999998878651803e-7 0.9999336761043999
vn -0.011517091270855343 9.999998878651803e-7 -0.9999336761043999
vn 0.011516113042732578 -0.000002000000190625689 0.9999336873695109
vn -0.011516113042732578 0.000002000000190625689 -0.9999336873695109
vn 0.6988869384623003 -0.009061000643535181 -0.7151747657140393
vn -0.6988869384623003 0.009061000643535181 0.7151747657140393
vn -0.029084118104748997 -0.012198998835325485 -0.9995025255103085
vn 0.029084118104748997 0.012198998835325485 0.9995025255103085
vn 0.04260011824634407 -0.01152699508870045 -0.9990257045289788
vn -0.04260011824634407 0.01152699508870045 0.9990257045289788
vn 0.011027266910444885 -0.28866197589903486 0.9573675694604195
vn -0.011027266910444885 0.28866197589903486 -0.9573675694604195
vn 0.010922159080785398 -0.31697600699058853 0.9483706645786323
vn -0.010922159080785398 0.31697600699058853 -0.9483706645786323
usemtl material_0_0
f 1//1 2//2 3//3
f 3//4 2//5 1//6
f 4//7 2//2 1//1
f 1//6 2//5 4//8
f 3//3 2//2 5//9
f 5//10 2//5 3//4
f 1//1 3//3 6//11
f 6//12 3//4 1//6
f 4//7 7//13 2//2
f 2//5 7//14 4//8
f 1//15 8//15 4//15
f 4//16 8//16 1//16
f 2//2 9//17 5//9
f 5//10 9//18 2//5
f 3//3 5//9 10//19
f 10//20 5//10 3//4
f 6//11 3//3 11//21
f 11//22 3//4 6//12
f 12//23 1//1 6//11
f 6//12 1//6 12//24
f 13//25 7//13 4//7
f 4//8 7//14 13//26
f 7//13 9//17 2//2
f 2//5 9//18 7//14
f 1//15 14//15 8//15
f 8//16 14//16 1//16
f 4//15 8//15 13//15
f 13//16 8//16 4//16
f 15//16 5//16 9//16
f 9//15 5//15 15//15
f 16//16 10//16 5//16
f 5//15 10//15 16//15
f 3//3 10//19 17//27
f 17//28 10//20 3//4
f 11//21 3//3 18//29
f 18//30 3//4 11//22
f 19//31 6//11 11//21
f 11//22 6//12 19//32
f 12//15 14//15 1//15
f 1//16 14//16 12//16
f 12//23 6//11 19//31
f 19//32 6//12 12//24
f 13//25 20//33 7//13
f 7//14 20//34 13//26
f 7//13 21//35 9//17
f 9//18 21//36 7//14
f 14//37 22//37 8//37
f 8//38 22//38 14//38
f 13//15 8//15 23//15
f 23//16 8//16 13//16
f 16//16 5//16 15//16
f 15//15 5//15 16//15
f 15//16 9//16 24//16
f 24//15 9//15 15//15
f 25//16 10//16 16//16
f 16//15 10//15 25//15
f 25//16 17//16 10//16
f 10//15 17//15 25//15
f 18//29 3//3 17//27
f 17//28 3//4 18//30
f 26//39 11//21 18//29
f 18//30 11//22 26//40
f 19//31 11//21 27//41
f 27//42 11//22 19//32
f 12//15 28//15 14//15
f 14//16 28//16 12//16
f 19//15 28//15 12//15
f 12//16 28//16 19//16
f 29//43 20//33 13//25
f 13//26 20//34 29//44
f 20//33 21//35 7//13
f 7//14 21//36 20//34
f 30//16 9//16 21//16
f 21//15 9//15 30//15
f 14//45 31//45 22//45
f 22//46 31//46 14//46
f 8//47 22//47 32//47
f 32//48 22//48 8//48
f 8//49 32//49 23//49
f 23//50 32//50 8//50
f 13//15 23//15 33//15
f 33//16 23//16 13//16
f 32//51 16//51 15//51
f 15//52 16//52 32//52
f 24//16 9//16 30//16
f 30//15 9//15 24//15
f 34//53 15//53 24//53
f 24//54 15//54 34//54
f 22//55 25//55 16//55
f 16//56 25//56 22//56
f 35//16 17//16 25//16
f 25//15 17//15 35//15
f 18//29 17//27 36//57
f 36//58 17//28 18//30
f 27//41 11//21 26//39
f 26//40 11//22 27//42
f 26//39 18//29 37//59
f 37//60 18//30 26//40
f 27//15 38//15 19//15
f 19//16 38//16 27//16
f 28//61 31//61 14//61
f 14//62 31//62 28//62
f 19//15 38//15 28//15
f 28//16 38//16 19//16
f 29//43 39//63 20//33
f 20//34 39//64 29//44
f 13//15 33//15 29//15
f 29//16 33//16 13//16
f 20//33 40//65 21//35
f 21//36 40//66 20//34
f 30//16 21//16 41//16
f 41//15 21//15 30//15
f 31//67 42//67 22//67
f 22//68 42//68 31//68
f 22//69 16//69 32//69
f 32//70 16//70 22//70
f 23//71 32//71 34//71
f 34//72 32//72 23//72
f 23//73 34//73 33//73
f 33//74 34//74 23//74
f 34//75 32//75 15//75
f 15//76 32//76 34//76
f 34//77 24//77 30//77
f 30//78 24//78 34//78
f 42//79 25//79 22//79
f 22//80 25//80 42//80
f 35//16 36//57 17//16
f 17//15 36//58 35//15
f 42//81 35//81 25//81
f 25//82 35//82 42//82
f 18//29 36//57 37//59
f 37//60 36//58 18//30
f 27//41 26//39 43//83
f 43//84 26//40 27//42
f 26//39 37//59 44//85
f 44//86 37//60 26//40
f 27//15 45//15 38//15
f 38//16 45//16 27//16
f 28//87 46//87 31//87
f 31//88 46//88 28//88
f 38//89 47//89 28//89
f 28//90 47//90 38//90
f 29//15 48//15 39//15
f 39//16 48//16 29//16
f 39//63 40//65 20//33
f 20//34 40//66 39//64
f 29//15 33//15 48//15
f 48//16 33//16 29//16
f 41//16 21//16 40//16
f 40//15 21//15 41//15
f 33//91 30//91 41//91
f 41//92 30//92 33//92
f 31//93 49//93 42//93
f 42//94 49//94 31//94
f 33//95 34//95 30//95
f 30//96 34//96 33//96
f 50//16 36//57 35//16
f 35//15 36//58 50//15
f 49//97 35//97 42//97
f 42//98 35//98 49//98
f 37//59 36//57 51//99
f 51//100 36//58 37//60
f 26//39 44//85 43//83
f 43//84 44//86 26//40
f 43//15 45//15 27//15
f 27//16 45//16 43//16
f 37//59 52//101 44//85
f 44//86 52//102 37//60
f 38//103 45//103 53//103
f 53//104 45//104 38//104
f 28//105 47//105 46//105
f 46//106 47//106 28//106
f 46//107 49//107 31//107
f 31//108 49//108 46//108
f 38//109 53//109 47//109
f 47//110 53//110 38//110
f 39//15 48//15 54//15
f 54//16 48//16 39//16
f 39//63 55//111 40//65
f 40//66 55//112 39//64
f 33//113 41//113 48//113
f 48//114 41//114 33//114
f 41//16 40//16 56//16
f 56//15 40//15 41//15
f 50//16 51//99 36//57
f 36//58 51//100 50//15
f 49//115 50//115 35//115
f 35//116 50//116 49//116
f 51//99 57//117 37//59
f 37//60 57//118 51//100
f 43//83 44//85 58//119
f 58//120 44//86 43//84
f 43//15 59//15 45//15
f 45//16 59//16 43//16
f 37//59 57//117 52//101
f 52//102 57//118 37//60
f 44//85 52//101 60//121
f 60//122 52//102 44//86
f 45//123 61//123 53//123
f 53//124 61//124 45//124
f 46//125 47//125 49//125
f 49//126 47//126 46//126
f 47//127 53//127 62//127
f 62//128 53//128 47//128
f 48//129 41//129 54//129
f 54//130 41//130 48//130
f 39//15 54//15 63//15
f 63//16 54//16 39//16
f 39//63 63//131 55//111
f 55//112 63//132 39//64
f 56//16 40//16 55//16
f 55//15 40//15 56//15
f 41//133 56//133 54//133
f 54//134 56//134 41//134
f 64//16 51//99 50//16
f 50//15 51//100 64//15
f 47//135 50//135 49//135
f 49//136 50//136 47//136
f 57//117 51//99 65//137
f 65//138 51//100 57//118
f 44//85 60//121 58//119
f 58//120 60//122 44//86
f 66//15 43//15 58//15
f 58//16 43//16 66//16
f 43//15 66//15 59//15
f 59//16 66//16 43//16
f 45//139 59//139 61//139
f 61//140 59//140 45//140
f 57//117 67//141 52//101
f 52//102 67//142 57//118
f 52//101 67//141 60//121
f 60//122 67//142 52//102
f 53//143 61//143 68//143
f 68//144 61//144 53//144
f 53//145 68//145 62//145
f 62//146 68//146 53//146
f 47//147 62//147 69//147
f 69//148 62//148 47//148
f 63//15 54//15 70//15
f 70//16 54//16 63//16
f 63//131 71//149 55//111
f 55//112 71//150 63//132
f 56//16 55//16 72//16
f 72//15 55//15 56//15
f 54//151 56//151 70//151
f 70//152 56//152 54//152
f 64//16 65//137 51//99
f 51//100 65//138 64//15
f 73//153 64//153 50//153
f 50//154 64//154 73//154
f 47//155 73//155 50//155
f 50//156 73//156 47//156
f 74//157 57//117 65//137
f 65//138 57//118 74//158
f 58//119 75//159 60//121
f 60//122 75//160 58//120
f 58//15 76//15 66//15
f 66//16 76//16 58//16
f 59//161 66//161 77//161
f 77//162 66//162 59//162
f 59//163 77//163 61//163
f 61//164 77//164 59//164
f 57//117 78//165 67//141
f 67//142 78//166 57//118
f 60//121 67//141 79//167
f 79//168 67//142 60//122
f 61//169 80//169 68//169
f 68//170 80//170 61//170
f 62//171 68//171 81//171
f 81//172 68//172 62//172
f 69//173 62//173 81//173
f 81//174 62//174 69//174
f 73//155 47//155 69//155
f 69//156 47//156 73//156
f 63//15 70//15 82//15
f 82//16 70//16 63//16
f 63//131 82//175 71//149
f 71//150 82//176 63//132
f 55//111 71//149 83//177
f 83//178 71//150 55//112
f 72//16 55//16 83//16
f 83//15 55//15 72//15
f 56//179 72//179 84//179
f 84//180 72//180 56//180
f 56//181 84//181 70//181
f 70//182 84//182 56//182
f 85//16 65//137 64//16
f 64//15 65//138 85//15
f 64//153 73//153 86//153
f 86//154 73//154 64//154
f 57//117 74//157 78//165
f 78//166 74//158 57//118
f 65//137 87//16 74//157
f 74//158 87//15 65//138
f 58//119 88//159 75//159
f 75//160 88//160 58//120
f 89//159 60//121 75//159
f 75//160 60//122 89//160
f 76//15 58//15 90//15
f 90//16 58//16 76//16
f 66//15 76//15 91//15
f 91//16 76//16 66//16
f 66//183 92//183 77//183
f 77//184 92//184 66//184
f 61//185 77//185 80//185
f 80//186 77//186 61//186
f 78//165 93//187 67//141
f 67//142 93//188 78//166
f 67//141 93//187 79//167
f 79//168 93//188 67//142
f 60//121 79//167 90//189
f 90//190 79//168 60//122
f 68//191 80//191 94//191
f 94//192 80//192 68//192
f 81//193 68//193 94//193
f 94//194 68//194 81//194
f 81//15 95//15 69//15
f 69//16 95//16 81//16
f 81//195 86//195 69//195
f 69//196 86//196 81//196
f 73//197 69//197 86//197
f 86//198 69//198 73//198
f 96//199 73//199 69//199
f 69//200 73//200 96//200
f 82//15 70//15 97//15
f 97//16 70//16 82//16
f 82//175 98//201 71//149
f 71//150 98//202 82//176
f 83//177 71//149 99//203
f 99//204 71//150 83//178
f 72//16 83//16 99//16
f 99//15 83//15 72//15
f 72//205 100//205 84//205
f 84//206 100//206 72//206
f 70//207 84//207 97//207
f 97//208 84//208 70//208
f 87//16 65//137 85//16
f 85//15 65//138 87//15
f 86//209 85//209 64//209
f 64//210 85//210 86//210
f 101//16 86//16 73//16
f 73//15 86//15 101//15
f 102//211 78//165 74//157
f 74//158 78//166 102//212
f 103//16 74//157 87//16
f 87//15 74//158 103//15
f 58//119 104//159 88//159
f 88//160 104//160 58//120
f 88//213 89//213 75//213
f 75//214 89//214 88//214
f 75//215 105//215 88//215
f 88//216 105//216 75//216
f 89//159 90//189 60//121
f 60//122 90//190 89//160
f 75//217 89//218 106//219
f 106//220 89//221 75//222
f 104//159 58//119 90//189
f 90//190 58//120 104//160
f 90//189 107//223 76//224
f 76//225 107//226 90//190
f 91//15 76//15 108//15
f 108//16 76//16 91//16
f 66//227 91//227 92//227
f 92//228 91//228 66//228
f 77//229 92//229 109//229
f 109//230 92//230 77//230
f 77//231 109//231 80//231
f 80//232 109//232 77//232
f 78//165 110//233 93//187
f 93//188 110//234 78//166
f 79//167 93//187 107//223
f 107//226 93//188 79//168
f 90//189 79//167 107//223
f 107//226 79//168 90//190
f 94//235 80//235 95//235
f 95//236 80//236 94//236
f 95//15 81//15 94//15
f 94//16 81//16 95//16
f 94//237 111//237 81//237
f 81//238 111//238 94//238
f 69//15 95//15 96//15
f 96//16 95//16 69//16
f 86//195 81//195 111//195
f 111//196 81//196 86//196
f 73//199 96//199 112//199
f 112//200 96//200 73//200
f 82//15 97//15 98//15
f 98//16 97//16 82//16
f 71//149 98//201 113//239
f 113//240 98//202 71//150
f 99//203 71//149 114//241
f 114//242 71//150 99//204
f 72//16 99//16 115//16
f 115//15 99//15 72//15
f 72//243 115//243 100//243
f 100//244 115//244 72//244
f 84//245 100//245 116//245
f 116//246 100//246 84//246
f 84//247 116//247 97//247
f 97//248 116//248 84//248
f 111//249 87//249 85//249
f 85//250 87//250 111//250
f 85//209 86//209 111//209
f 111//210 86//210 85//210
f 101//16 111//16 86//16
f 86//15 111//15 101//15
f 101//16 73//16 112//16
f 112//15 73//15 101//15
f 78//165 102//211 110//233
f 110//234 102//212 78//166
f 74//157 103//16 102//211
f 102//212 103//15 74//158
f 103//16 87//16 117//16
f 117//15 87//15 103//15
f 89//213 88//213 104//213
f 104//214 88//214 89//214
f 88//251 118//251 104//251
f 104//252 118//252 88//252
f 105//215 75//215 119//215
f 119//216 75//216 105//216
f 88//215 105//215 120//215
f 120//216 105//216 88//216
f 90//189 89//159 104//159
f 104//160 89//160 90//190
f 89//218 121//253 106//219
f 106//220 121//254 89//221
f 106//215 119//215 75//215
f 75//216 119//216 106//216
f 107//223 122//255 76//224
f 76//225 122//256 107//226
f 76//224 122//255 108//257
f 108//258 122//256 76//225
f 91//15 108//15 123//15
f 123//16 108//16 91//16
f 92//259 91//259 124//259
f 124//260 91//260 92//260
f 92//261 125//261 109//261
f 109//262 125//262 92//262
f 80//263 109//263 95//263
f 95//264 109//264 80//264
f 110//233 126//265 93//187
f 93//188 126//266 110//234
f 93//187 126//265 107//223
f 107//226 126//266 93//188
f 95//267 127//267 94//267
f 94//268 127//268 95//268
f 111//237 94//237 127//237
f 127//238 94//238 111//238
f 96//15 95//15 128//15
f 128//16 95//16 96//16
f 129//269 112//269 96//269
f 96//270 112//270 129//270
f 98//15 97//15 116//15
f 116//16 97//16 98//16
f 98//201 130//271 113//239
f 113//240 130//272 98//202
f 71//149 113//239 114//241
f 114//242 113//240 71//150
f 115//16 99//16 114//16
f 114//15 99//15 115//15
f 115//273 131//273 100//273
f 100//274 131//274 115//274
f 100//275 132//275 116//275
f 116//276 132//276 100//276
f 87//249 111//249 127//249
f 127//250 111//250 87//250
f 111//16 101//16 127//16
f 127//15 101//15 111//15
f 101//16 112//16 133//16
f 133//15 112//15 101//15
f 103//277 110//233 102//211
f 102//212 110//234 103//278
f 127//279 117//279 87//279
f 87//280 117//280 127//280
f 103//16 117//16 134//16
f 134//15 117//15 103//15
f 104//216 135//216 89//216
f 89//215 135//215 104//215
f 88//251 136//251 118//251
f 118//252 136//252 88//252
f 135//216 104//216 118//216
f 118//215 104//215 135//215
f 105//215 119//215 137//215
f 137//216 119//216 105//216
f 137//16 138//16 105//16
f 105//15 138//15 137//15
f 139//15 105//15 137//15
f 137//16 105//16 139//16
f 120//281 105//281 135//281
f 135//282 105//282 120//282
f 140//251 88//251 120//251
f 120//252 88//252 140//252
f 89//216 141//216 121//216
f 121//215 141//215 89//215
f 121//253 142//283 106//219
f 106//220 142//284 121//254
f 119//215 106//215 143//215
f 143//216 106//216 119//216
f 107//223 144//285 122//286
f 122//287 144//288 107//226
f 122//255 145//289 108//257
f 108//258 145//290 122//256
f 123//15 108//15 146//15
f 146//16 108//16 123//16
f 91//291 123//291 124//291
f 124//292 123//292 91//292
f 125//261 92//261 124//261
f 124//262 92//262 125//262
f 109//293 125//293 147//293
f 147//294 125//294 109//294
f 95//295 109//295 147//295
f 147//296 109//296 95//296
f 110//233 148//297 126//265
f 126//266 148//298 110//234
f 144//285 107//223 126//265
f 126//266 107//226 144//288
f 127//267 95//267 101//267
f 101//268 95//268 127//268
f 101//299 128//299 95//299
f 95//300 128//300 101//300
f 96//15 128//15 129//15
f 129//16 128//16 96//16
f 112//269 129//269 149//269
f 149//270 129//270 112//270
f 98//15 116//15 130//15
f 130//16 116//16 98//16
f 113//239 130//271 150//301
f 150//302 130//272 113//240
f 114//241 113//239 150//301
f 150//302 113//240 114//242
f 115//16 114//16 131//16
f 131//15 114//15 115//15
f 100//303 131//303 132//303
f 132//304 131//304 100//304
f 130//15 116//15 132//15
f 132//16 116//16 130//16
f 117//279 127//279 101//279
f 101//280 127//280 117//280
f 133//16 112//16 149//16
f 149//15 112//15 133//15
f 128//299 101//299 133//299
f 133//300 101//300 128//300
f 110//233 103//277 148//297
f 148//298 103//278 110//234
f 134//16 117//16 151//16
f 151//15 117//15 134//15
f 103//277 134//305 152//306
f 152//307 134//308 103//278
f 141//216 89//216 135//216
f 135//215 89//215 141//215
f 88//251 140//251 136//251
f 136//252 140//252 88//252
f 136//309 153//309 118//309
f 118//310 153//310 136//310
f 154//311 118//311 136//311
f 136//312 118//312 154//312
f 118//216 155//216 135//216
f 135//215 155//215 118//215
f 141//15 137//15 119//15
f 119//16 137//16 141//16
f 138//16 137//16 156//16
f 156//15 137//15 138//15
f 105//16 138//16 157//16
f 157//15 138//15 105//15
f 105//15 139//15 135//15
f 135//16 139//16 105//16
f 139//313 158//313 137//313
f 137//314 158//314 139//314
f 137//15 141//15 139//15
f 139//16 141//16 137//16
f 105//16 157//16 135//16
f 135//15 157//15 105//15
f 135//315 140//315 120//315
f 120//316 140//316 135//316
f 121//216 141//216 159//216
f 159//215 141//215 121//215
f 121//216 159//216 142//216
f 142//215 159//215 121//215
f 106//219 142//283 160//317
f 160//318 142//284 106//220
f 143//215 106//215 160//215
f 160//216 106//216 143//216
f 159//319 119//319 143//319
f 143//320 119//320 159//320
f 144//285 145//321 122//286
f 122//287 145//322 144//288
f 161//323 145//289 108//257
f 108//258 145//290 161//324
f 162//323 108//257 146//325
f 146//326 108//258 162//324
f 123//15 146//15 163//15
f 163//16 146//16 123//16
f 124//327 123//327 164//327
f 164//328 123//328 124//328
f 125//329 124//329 165//329
f 165//330 124//330 125//330
f 147//331 125//331 128//331
f 128//332 125//332 147//332
f 95//333 147//333 101//333
f 101//334 147//334 95//334
f 148//297 144//285 126//265
f 126//266 144//288 148//298
f 129//15 128//15 166//15
f 166//16 128//16 129//16
f 166//335 149//335 129//335
f 129//336 149//336 166//336
f 130//271 167//337 150//301
f 150//302 167//338 130//272
f 131//16 114//16 150//16
f 150//15 114//15 131//15
f 131//339 168//339 132//339
f 132//340 168//340 131//340
f 130//15 132//15 167//15
f 167//16 132//16 130//16
f 117//333 101//333 147//333
f 147//334 101//334 117//334
f 133//16 149//16 169//16
f 169//15 149//15 133//15
f 151//341 128//341 133//341
f 133//342 128//342 151//342
f 170//343 133//343 128//343
f 128//344 133//344 170//344
f 103//277 152//306 148//297
f 148//298 152//307 103//278
f 117//345 147//345 151//345
f 151//346 147//346 117//346
f 134//16 151//16 171//16
f 171//15 151//15 134//15
f 152//306 134//305 172//347
f 172//348 134//308 152//307
f 141//216 135//216 139//216
f 139//215 135//215 141//215
f 153//309 136//309 140//309
f 140//310 136//310 153//310
f 136//309 173//309 140//309
f 140//310 173//310 136//310
f 140//315 154//315 136//315
f 136//316 154//316 140//316
f 118//309 153//309 174//309
f 174//310 153//310 118//310
f 118//311 154//311 175//311
f 175//312 154//312 118//312
f 154//349 173//349 136//349
f 136//350 173//350 154//350
f 155//216 118//216 175//216
f 175//215 118//215 155//215
f 154//315 135//315 155//315
f 155//316 135//316 154//316
f 119//319 159//319 141//319
f 141//320 159//320 119//320
f 137//16 176//16 156//16
f 156//15 176//15 137//15
f 156//351 177//351 138//351
f 138//352 177//352 156//352
f 178//353 157//353 138//353
f 138//354 157//354 178//354
f 179//16 139//16 135//16
f 135//15 139//15 179//15
f 179//313 158//313 139//313
f 139//314 158//314 179//314
f 137//313 158//313 180//313
f 180//314 158//314 137//314
f 135//16 157//16 181//16
f 181//15 157//15 135//15
f 135//315 154//315 140//315
f 140//316 154//316 135//316
f 142//216 159//216 182//216
f 182//215 159//215 142//215
f 160//317 142//283 183//355
f 183//356 142//284 160//318
f 143//215 160//215 184//215
f 184//216 160//216 143//216
f 143//357 185//357 159//357
f 159//358 185//358 143//358
f 144//285 186//359 145//321
f 145//322 186//360 144//288
f 187//323 145//289 161//323
f 161//324 145//290 187//324
f 108//257 188//323 161//323
f 161//324 188//324 108//258
f 108//257 162//323 188//323
f 188//324 162//324 108//258
f 146//325 187//323 162//323
f 162//324 187//324 146//326
f 163//15 146//15 189//15
f 189//16 146//16 163//16
f 123//361 163//361 190//361
f 190//362 163//362 123//362
f 164//363 123//363 190//363
f 190//364 123//364 164//364
f 124//365 164//365 165//365
f 165//366 164//366 124//366
f 125//367 165//367 128//367
f 128//368 165//368 125//368
f 128//341 151//341 147//341
f 147//342 151//342 128//342
f 148//297 152//306 144//285
f 144//288 152//307 148//298
f 166//15 128//15 170//15
f 170//16 128//16 166//16
f 149//335 166//335 169//335
f 169//336 166//336 149//336
f 150//301 167//337 191//369
f 191//370 167//338 150//302
f 131//16 150//16 192//16
f 192//15 150//15 131//15
f 131//371 193//371 168//371
f 168//372 193//372 131//372
f 168//15 194//15 132//15
f 132//16 194//16 168//16
f 167//15 132//15 195//15
f 195//16 132//16 167//16
f 133//16 169//16 196//16
f 196//15 169//15 133//15
f 133//373 197//373 151//373
f 151//374 197//374 133//374
f 133//343 170//343 196//343
f 196//344 170//344 133//344
f 128//375 165//375 170//375
f 170//376 165//376 128//376
f 171//16 151//16 197//16
f 197//15 151//15 171//15
f 198//377 134//305 171//378
f 171//379 134//308 198//380
f 134//305 198//377 172//347
f 172//348 198//380 134//308
f 152//306 172//347 186//359
f 186//360 172//348 152//307
f 140//381 199//381 153//381
f 153//382 199//382 140//382
f 173//381 199//381 140//381
f 140//382 199//382 173//382
f 174//383 153//383 200//383
f 200//384 153//384 174//384
f 201//385 118//385 174//385
f 174//386 118//386 201//386
f 175//353 138//353 154//353
f 154//354 138//354 175//354
f 175//15 154//15 155//15
f 155//16 154//16 175//16
f 118//385 201//385 175//385
f 175//386 201//386 118//386
f 154//353 138//353 173//353
f 173//354 138//354 154//354
f 180//16 176//16 137//16
f 137//15 176//15 180//15
f 156//16 176//16 202//16
f 202//15 176//15 156//15
f 203//387 177//387 156//387
f 156//388 177//388 203//388
f 177//389 173//389 138//389
f 138//390 173//390 177//390
f 157//353 178//353 204//353
f 204//354 178//354 157//354
f 178//353 138//353 205//353
f 205//354 138//354 178//354
f 135//16 181//16 179//16
f 179//15 181//15 135//15
f 206//313 158//313 179//313
f 179//314 158//314 206//314
f 207//391 180//392 158//393
f 158//394 180//395 207//396
f 181//16 157//16 208//16
f 208//15 157//15 181//15
f 182//216 159//216 209//216
f 209//215 159//215 182//215
f 142//216 182//216 183//216
f 183//215 182//215 142//215
f 160//317 183//355 210//397
f 210//398 183//356 160//318
f 184//215 160//215 211//215
f 211//216 160//216 184//216
f 143//215 184//215 212//215
f 212//216 184//216 143//216
f 185//357 143//357 213//357
f 213//358 143//358 185//358
f 209//216 159//216 185//216
f 185//215 159//215 209//215
f 152//306 186//359 144//285
f 144//288 186//360 152//307
f 186//359 214//399 145//321
f 145//322 214//400 186//360
f 187//323 146//325 145//289
f 145//290 146//326 187//324
f 188//401 187//401 161//401
f 161//402 187//402 188//402
f 187//403 215//403 161//403
f 161//404 215//404 187//404
f 161//215 216//215 188//215
f 188//216 216//216 161//216
f 187//401 188//401 162//401
f 162//402 188//402 187//402
f 188//405 217//405 162//405
f 162//406 217//406 188//406
f 162//216 218//216 187//216
f 187//215 218//215 162//215
f 214//407 189//408 146//325
f 146//326 189//409 214//410
f 163//15 189//15 219//15
f 219//16 189//16 163//16
f 190//411 163//411 220//411
f 220//412 163//412 190//412
f 164//413 190//413 221//413
f 221//414 190//414 164//414
f 165//415 164//415 221//415
f 221//416 164//416 165//416
f 166//15 170//15 222//15
f 222//16 170//16 166//16
f 223//417 169//417 166//417
f 166//418 169//418 223//418
f 167//337 195//419 191//369
f 191//370 195//420 167//338
f 192//16 150//16 191//16
f 191//15 150//15 192//15
f 192//16 193//16 131//16
f 131//15 193//15 192//15
f 193//421 224//421 168//421
f 168//422 224//422 193//422
f 225//15 194//15 168//15
f 168//16 194//16 225//16
f 132//15 194//15 195//15
f 195//16 194//16 132//16
f 196//16 169//16 226//16
f 226//15 169//15 196//15
f 197//373 133//373 196//373
f 196//374 133//374 197//374
f 222//423 196//423 170//423
f 170//424 196//424 222//424
f 165//425 221//425 170//425
f 170//426 221//426 165//426
f 171//16 197//16 227//16
f 227//15 197//15 171//15
f 227//427 198//377 171//378
f 171//379 198//380 227//428
f 172//347 198//377 228//429
f 228//430 198//380 172//348
f 172//347 228//429 186//359
f 186//360 228//430 172//348
f 199//431 229//431 153//431
f 153//432 229//432 199//432
f 199//381 173//381 177//381
f 177//382 173//382 199//382
f 153//433 230//433 200//433
f 200//434 230//434 153//434
f 200//435 231//435 174//435
f 174//436 231//436 200//436
f 201//385 174//385 232//385
f 232//386 174//386 201//386
f 201//353 138//353 175//353
f 175//354 138//354 201//354
f 176//16 180//16 207//16
f 207//15 180//15 176//15
f 202//437 176//438 233//439
f 233//440 176//441 202//442
f 156//16 202//16 234//16
f 234//15 202//15 156//15
f 203//443 199//443 177//443
f 177//444 199//444 203//444
f 234//445 203//445 156//445
f 156//446 203//446 234//446
f 217//447 204//447 178//447
f 178//448 204//448 217//448
f 235//449 157//449 204//449
f 204//450 157//450 235//450
f 205//353 138//353 236//353
f 236//354 138//354 205//354
f 205//385 174//385 178//385
f 178//386 174//386 205//386
f 237//15 205//15 238//15
f 205//15 237//15 178//15
f 238//16 205//16 237//16
f 178//16 237//16 205//16
f 178//405 188//405 205//405
f 205//406 188//406 178//406
f 181//16 206//16 179//16
f 179//15 206//15 181//15
f 181//215 239//215 179//215
f 179//216 239//216 181//216
f 240//313 158//313 206//313
f 206//314 158//314 240//314
f 179//15 241//15 206//15
f 206//16 241//16 179//16
f 242//451 207//391 158//393
f 158//394 207//396 242//452
f 208//16 157//16 243//16
f 243//15 157//15 208//15
f 206//16 181//16 208//16
f 208//15 181//15 206//15
f 181//453 208//453 244//453
f 244//454 208//454 181//454
f 245//455 182//456 209//457
f 209//458 182//459 245//460
f 182//216 210//216 183//216
f 183//215 210//215 182//215
f 246//461 160//317 210//397
f 210//398 160//318 246//462
f 246//215 211//215 160//215
f 160//216 211//216 246//216
f 184//463 211//464 247//465
f 247//466 211//467 184//468
f 184//463 248//469 212//470
f 212//471 248//472 184//468
f 143//215 212//215 213//215
f 213//216 212//216 143//216
f 213//473 249//474 185//475
f 185//476 249//477 213//478
f 209//216 185//216 250//216
f 250//215 185//215 209//215
f 186//359 228//429 214//399
f 214//400 228//430 186//360
f 145//289 214//407 146//325
f 146//326 214//410 145//290
f 187//479 251//480 215//481
f 215//482 251//483 187//484
f 215//215 252//215 161//215
f 161//216 252//216 215//216
f 216//215 161//215 252//215
f 252//216 161//216 216//216
f 188//215 216//215 238//215
f 238//216 216//216 188//216
f 188//405 178//405 217//405
f 217//406 178//406 188//406
f 218//216 162//216 217//216
f 217//215 162//215 218//215
f 253//216 187//216 218//216
f 218//215 187//215 253//215
f 214//407 254//485 189//408
f 189//409 254//486 214//410
f 219//15 189//15 255//15
f 255//16 189//16 219//16
f 163//487 219//487 220//487
f 220//488 219//488 163//488
f 190//489 220//489 256//489
f 256//490 220//490 190//490
f 221//491 190//491 256//491
f 256//492 190//492 221//492
f 170//493 221//493 222//493
f 222//494 221//494 170//494
f 166//15 222//15 257//15
f 257//16 222//16 166//16
f 169//417 223//417 258//417
f 258//418 223//418 169//418
f 166//15 259//15 223//15
f 223//16 259//16 166//16
f 191//369 195//419 192//495
f 192//496 195//420 191//370
f 192//16 260//16 193//16
f 193//15 260//15 192//15
f 193//497 260//497 224//497
f 224//498 260//498 193//498
f 168//499 224//499 225//499
f 225//500 224//500 168//500
f 225//15 261//15 194//15
f 194//16 261//16 225//16
f 195//419 194//501 192//495
f 192//496 194//502 195//420
f 226//16 169//16 262//16
f 262//15 169//15 226//15
f 263//503 196//503 226//503
f 226//504 196//504 263//504
f 196//423 222//423 226//423
f 226//424 222//424 196//424
f 196//503 263//503 197//503
f 197//504 263//504 196//504
f 227//16 197//16 263//16
f 263//15 197//15 227//15
f 198//377 227//427 264//505
f 264//506 227//428 198//380
f 198//377 265//507 228//429
f 228//430 265//508 198//380
f 266//509 229//509 199//509
f 199//510 229//510 266//510
f 229//511 267//511 153//511
f 153//512 267//512 229//512
f 267//513 230//513 153//513
f 153//514 230//514 267//514
f 231//435 200//435 230//435
f 230//436 200//436 231//436
f 231//515 268//515 174//515
f 174//516 268//516 231//516
f 232//385 174//385 236//385
f 236//386 174//386 232//386
f 232//353 138//353 201//353
f 201//354 138//354 232//354
f 176//438 207//391 242//451
f 242//452 207//396 176//441
f 233//439 176//438 242//451
f 242//452 176//441 233//440
f 269//517 202//437 233//439
f 233//440 202//442 269//518
f 234//16 202//16 270//16
f 270//15 202//15 234//15
f 199//443 203//443 271//443
f 271//444 203//444 199//444
f 272//519 203//519 234//519
f 234//520 203//520 272//520
f 217//521 235//521 204//521
f 204//522 235//522 217//522
f 217//216 237//216 218//216
f 237//216 217//216 178//216
f 218//215 237//215 217//215
f 178//215 217//215 237//215
f 178//385 174//385 217//385
f 217//386 174//386 178//386
f 157//449 235//449 273//449
f 273//450 235//450 157//450
f 236//353 138//353 232//353
f 232//354 138//354 236//354
f 236//385 174//385 205//385
f 205//386 174//386 236//386
f 188//215 238//215 205//215
f 205//216 238//216 188//216
f 238//523 218//523 237//523
f 237//524 218//524 238//524
f 181//215 274//215 239//215
f 239//216 274//216 181//216
f 241//15 179//15 239//15
f 239//16 179//16 241//16
f 275//313 158//313 240//313
f 240//314 158//314 275//314
f 240//16 206//16 208//16
f 208//15 206//15 240//15
f 241//216 208//216 206//216
f 206//215 208//215 241//215
f 158//15 233//15 242//15
f 242//16 233//16 158//16
f 243//16 157//16 276//16
f 276//15 157//15 243//15
f 208//16 243//16 240//16
f 240//15 243//15 208//15
f 244//216 208//216 277//216
f 277//215 208//215 244//215
f 201//525 181//525 244//525
f 244//526 181//526 201//526
f 245//455 278//527 182//456
f 182//459 278//528 245//460
f 209//457 279//529 245//455
f 245//460 279//530 209//458
f 210//216 182//216 280//216
f 280//215 182//215 210//215
f 246//461 210//397 281//531
f 281//532 210//398 246//462
f 211//215 246//215 282//215
f 282//216 246//216 211//216
f 211//464 283//533 247//465
f 247//466 283//534 211//467
f 184//463 247//465 284//535
f 284//536 247//466 184//468
f 248//469 184//463 284//535
f 284//536 184//468 248//472
f 285//537 212//470 248//469
f 248//472 212//471 285//538
f 213//215 212//215 286//215
f 286//216 212//216 213//216
f 213//473 287//539 249//474
f 249//477 287//540 213//478
f 250//216 185//216 249//216
f 249//215 185//215 250//215
f 250//541 279//529 209//457
f 209//458 279//530 250//542
f 228//429 254//543 214//399
f 214//400 254//544 228//430
f 187//216 253//216 251//216
f 251//215 253//215 187//215
f 215//481 251//480 288//545
f 288//546 251//483 215//482
f 252//215 215//215 289//215
f 289//216 215//216 252//216
f 216//215 252//215 290//215
f 290//216 252//216 216//216
f 218//523 238//523 216//523
f 216//524 238//524 218//524
f 253//216 218//216 291//216
f 291//215 218//215 253//215
f 218//16 292//16 291//16
f 291//15 292//15 218//15
f 216//15 291//15 218//15
f 218//16 291//16 216//16
f 189//408 254//485 255//547
f 255//548 254//486 189//409
f 219//15 255//15 293//15
f 293//16 255//16 219//16
f 219//549 294//549 220//549
f 220//550 294//550 219//550
f 220//551 257//551 256//551
f 256//552 257//552 220//552
f 221//553 256//553 222//553
f 222//554 256//554 221//554
f 262//555 222//555 257//555
f 257//556 222//556 262//556
f 256//557 257//557 222//557
f 222//558 257//558 256//558
f 166//15 257//15 295//15
f 295//16 257//16 166//16
f 296//559 258//559 223//559
f 223//560 258//560 296//560
f 297//16 169//16 258//16
f 258//15 169//15 297//15
f 166//15 295//15 259//15
f 259//16 295//16 166//16
f 223//15 259//15 298//15
f 298//16 259//16 223//16
f 299//16 260//16 192//16
f 192//15 260//15 299//15
f 260//561 300//561 224//561
f 224//562 300//562 260//562
f 224//563 301//563 225//563
f 225//564 301//564 224//564
f 301//15 261//15 225//15
f 225//16 261//16 301//16
f 194//501 261//565 302//566
f 302//567 261//568 194//502
f 192//495 194//501 302//566
f 302//567 194//502 192//496
f 262//16 169//16 303//16
f 303//15 169//15 262//15
f 304//569 226//569 262//569
f 262//570 226//570 304//570
f 222//555 262//555 226//555
f 226//556 262//556 222//556
f 226//569 304//569 263//569
f 263//570 304//570 226//570
f 227//16 263//16 305//16
f 305//15 263//15 227//15
f 264//505 227//427 305//571
f 305//572 227//428 264//506
f 198//377 264//505 265//507
f 265//508 264//506 198//380
f 228//429 265//507 254//543
f 254//544 265//508 228//430
f 269//15 229//15 266//15
f 266//16 229//16 269//16
f 266//573 199//573 271//573
f 271//574 199//574 266//574
f 229//15 306//15 267//15
f 267//16 306//16 229//16
f 267//15 306//15 230//15
f 230//16 306//16 267//16
f 230//15 306//15 231//15
f 231//16 306//16 230//16
f 231//15 307//15 268//15
f 268//16 307//16 231//16
f 174//575 268//575 308//575
f 308//576 268//576 174//576
f 309//15 232//15 236//15
f 236//16 232//16 309//16
f 232//15 310//15 236//15
f 236//16 310//16 232//16
f 269//517 270//577 202//437
f 202//442 270//578 269//518
f 233//15 229//15 269//15
f 269//16 229//16 233//16
f 234//16 270//16 311//16
f 311//15 270//15 234//15
f 272//579 271//579 203//579
f 203//580 271//580 272//580
f 272//581 234//581 311//581
f 311//582 234//582 272//582
f 235//521 217//521 174//521
f 174//522 217//522 235//522
f 235//583 312//583 273//583
f 273//584 312//584 235//584
f 313//16 157//16 273//16
f 273//15 157//15 313//15
f 274//215 181//215 314//215
f 314//216 181//216 274//216
f 315//215 239//215 274//215
f 274//216 239//216 315//216
f 239//585 316//585 241//585
f 241//586 316//586 239//586
f 290//313 158//313 275//313
f 275//314 158//314 290//314
f 240//15 317//15 275//15
f 275//16 317//16 240//16
f 275//15 243//15 240//15
f 240//16 243//16 275//16
f 241//216 277//216 208//216
f 208//215 277//215 241//215
f 233//15 158//15 306//15
f 306//16 158//16 233//16
f 276//16 157//16 216//16
f 216//15 157//15 276//15
f 243//15 275//15 276//15
f 276//16 275//16 243//16
f 276//587 318//587 243//587
f 243//588 318//588 276//588
f 243//215 319//215 240//215
f 240//216 319//216 243//216
f 277//589 201//589 244//589
f 244//590 201//590 277//590
f 181//525 201//525 314//525
f 314//526 201//526 181//526
f 245//215 320//215 278//215
f 278//216 320//216 245//216
f 278//527 280//591 182//456
f 182//459 280//592 278//528
f 321//215 245//215 279//215
f 279//216 245//216 321//216
f 210//216 280//216 322//216
f 322//215 280//215 210//215
f 210//216 322//216 281//216
f 281//215 322//215 210//215
f 323//593 246//461 281//531
f 281//532 246//462 323//594
f 282//215 246//215 324//215
f 324//216 246//216 282//216
f 282//595 283//533 211//464
f 211//467 283//534 282//596
f 247//597 283//598 325//599
f 325//600 283//601 247//602
f 326//603 284//604 247//597
f 247//602 284//605 326//606
f 248//607 284//604 326//603
f 326//606 284//605 248//608
f 285//537 286//609 212//470
f 212//471 286//610 285//538
f 285//611 248//607 327//612
f 327//613 248//608 285//614
f 213//215 286//215 287//215
f 287//216 286//216 213//216
f 287//539 328//615 249//474
f 249//477 328//616 287//540
f 250//216 249//216 328//216
f 328//215 249//215 250//215
f 250//541 329//617 279//529
f 279//530 329//618 250//542
f 251//216 253//216 330//216
f 330//215 253//215 251//215
f 288//545 251//480 331//619
f 331//620 251//483 288//546
f 289//215 215//215 288//215
f 288//216 215//216 289//216
f 330//621 252//621 289//621
f 289//622 252//622 330//622
f 253//15 290//15 252//15
f 252//16 290//16 253//16
f 276//16 216//16 290//16
f 290//15 216//15 276//15
f 291//15 216//15 290//15
f 290//16 216//16 291//16
f 216//16 157//16 218//16
f 218//15 157//15 216//15
f 290//15 253//15 291//15
f 291//16 253//16 290//16
f 292//16 218//16 313//16
f 313//15 218//15 292//15
f 306//313 291//313 292//313
f 292//314 291//314 306//314
f 255//547 254//485 332//623
f 332//624 254//486 255//548
f 293//15 255//15 333//15
f 333//16 255//16 293//16
f 293//625 294//625 219//625
f 219//626 294//626 293//626
f 294//627 257//627 220//627
f 220//628 257//628 294//628
f 257//629 303//629 262//629
f 262//630 303//630 257//630
f 303//630 295//630 257//630
f 257//629 295//629 303//629
f 258//559 296//559 334//559
f 334//560 296//560 258//560
f 223//15 298//15 296//15
f 296//16 298//16 223//16
f 335//16 169//16 297//16
f 297//15 169//15 335//15
f 297//16 258//16 336//16
f 336//15 258//15 297//15
f 335//631 259//631 295//631
f 295//632 259//632 335//632
f 297//633 298//633 259//633
f 259//634 298//634 297//634
f 299//16 337//16 260//16
f 260//15 337//15 299//15
f 192//495 302//566 299//635
f 299//636 302//567 192//496
f 260//637 337//637 300//637
f 300//638 337//638 260//638
f 224//639 300//639 301//639
f 301//640 300//640 224//640
f 301//15 338//15 261//15
f 261//16 338//16 301//16
f 261//565 339//641 302//566
f 302//567 339//642 261//568
f 303//16 169//16 335//16
f 335//15 169//15 303//15
f 303//629 304//629 262//629
f 262//630 304//630 303//630
f 305//16 263//16 304//16
f 304//15 263//15 305//15
f 332//643 264//505 305//571
f 305//572 264//506 332//644
f 332//643 265//507 264//505
f 264//506 265//508 332//644
f 254//543 265//507 332//643
f 332//644 265//508 254//544
f 340//15 269//15 266//15
f 266//16 269//16 340//16
f 341//645 266//645 271//645
f 271//646 266//646 341//646
f 233//15 306//15 229//15
f 229//16 306//16 233//16
f 231//15 306//15 342//15
f 342//16 306//16 231//16
f 231//15 342//15 307//15
f 307//16 342//16 231//16
f 268//15 307//15 343//15
f 343//16 307//16 268//16
f 268//647 344//647 308//647
f 308//648 344//648 268//648
f 235//521 174//521 308//521
f 308//522 174//522 235//522
f 309//215 318//215 232//215
f 232//216 318//216 309//216
f 236//649 345//649 309//649
f 309//650 345//650 236//650
f 310//15 232//15 318//15
f 318//16 232//16 310//16
f 345//649 236//649 310//649
f 310//650 236//650 345//650
f 269//517 346//651 270//577
f 270//578 346//652 269//518
f 311//16 270//16 346//16
f 346//15 270//15 311//15
f 271//579 272//579 347//579
f 347//580 272//580 271//580
f 272//653 311//653 347//653
f 347//654 311//654 272//654
f 312//583 235//583 348//583
f 348//584 235//584 312//584
f 349//16 273//16 312//16
f 312//15 273//15 349//15
f 313//16 218//16 157//16
f 157//15 218//15 313//15
f 313//16 273//16 349//16
f 349//15 273//15 313//15
f 274//655 314//655 277//655
f 277//656 314//656 274//656
f 239//215 315//215 350//215
f 350//216 315//216 239//216
f 277//657 315//657 274//657
f 274//658 315//658 277//658
f 316//585 239//585 350//585
f 350//586 239//586 316//586
f 351//216 241//216 316//216
f 316//215 241//215 351//215
f 291//313 158//313 290//313
f 290//314 158//314 291//314
f 290//16 275//16 276//16
f 276//15 275//15 290//15
f 317//15 240//15 319//15
f 319//16 240//16 317//16
f 317//216 276//216 275//216
f 275//215 276//215 317//215
f 277//216 241//216 351//216
f 351//215 241//215 277//215
f 291//313 306//313 158//313
f 158//314 306//314 291//314
f 318//587 276//587 310//587
f 310//588 276//588 318//588
f 309//215 243//215 318//215
f 318//216 243//216 309//216
f 243//215 352//215 319//215
f 319//216 352//216 243//216
f 201//589 277//589 314//589
f 314//590 277//590 201//590
f 350//215 320//215 245//215
f 245//216 320//216 350//216
f 353//215 278//215 320//215
f 320//216 278//216 353//216
f 278//527 354//659 280//591
f 280//592 354//660 278//528
f 350//215 245//215 321//215
f 321//216 245//216 350//216
f 321//215 279//215 355//215
f 355//216 279//216 321//216
f 280//591 354//659 322//661
f 322//662 354//660 280//592
f 281//216 322//216 356//216
f 356//215 322//215 281//215
f 357//215 246//215 323//215
f 323//216 246//216 357//216
f 323//593 281//531 358//663
f 358//664 281//532 323//594
f 324//215 246//215 357//215
f 357//216 246//216 324//216
f 359//665 282//595 324//666
f 324//667 282//596 359//668
f 283//533 282//595 360//595
f 360//596 282//596 283//534
f 325//599 283//598 360//669
f 360//670 283//601 325//600
f 326//603 247//597 325//599
f 325//600 247//602 326//606
f 327//612 248//607 326//603
f 326//606 248//608 327//613
f 285//537 361//671 286//609
f 286//610 361//672 285//538
f 361//673 285//611 327//612
f 327//613 285//614 361//674
f 287//215 286//215 362//215
f 362//216 286//216 287//216
f 287//539 363//675 328//615
f 328//616 363//676 287//540
f 250//216 328//216 364//216
f 364//215 328//215 250//215
f 250//541 365//677 329//617
f 329//618 365//678 250//542
f 355//215 279//215 329//215
f 329//216 279//216 355//216
f 252//621 330//621 253//621
f 253//622 330//622 252//622
f 251//216 330//216 366//216
f 366//215 330//215 251//215
f 331//619 251//480 366//679
f 366//680 251//483 331//620
f 367//215 288//215 331//215
f 331//216 288//216 367//216
f 289//215 288//215 367//215
f 367//216 288//216 289//216
f 289//681 368//681 330//681
f 330//682 368//682 289//682
f 342//683 292//684 313//683
f 313//685 292//686 342//685
f 292//684 342//683 306//684
f 306//686 342//685 292//686
f 255//547 332//623 333//687
f 333//688 332//624 255//548
f 293//15 333//15 369//15
f 369//16 333//16 293//16
f 293//689 370//689 294//689
f 294//690 370//690 293//690
f 294//691 371//691 257//691
f 257//692 371//692 294//692
f 371//693 303//693 257//693
f 257//694 303//694 371//694
f 295//630 303//630 335//630
f 335//629 303//629 295//629
f 372//695 334//695 296//695
f 296//696 334//696 372//696
f 336//16 258//16 334//16
f 334//15 258//15 336//15
f 296//15 298//15 372//15
f 372//16 298//16 296//16
f 259//631 335//631 297//631
f 297//632 335//632 259//632
f 298//633 297//633 336//633
f 336//634 297//634 298//634
f 373//16 337//16 299//16
f 299//15 337//15 373//15
f 302//566 373//697 299//635
f 299//636 373//698 302//567
f 300//699 337//699 374//699
f 374//700 337//700 300//700
f 301//701 300//701 375//701
f 375//702 300//702 301//702
f 375//15 338//15 301//15
f 301//16 338//16 375//16
f 338//703 339//641 261//565
f 261//568 339//642 338//704
f 339//641 373//697 302//566
f 302//567 373//698 339//642
f 304//629 303//629 376//629
f 376//630 303//630 304//630
f 305//16 304//16 377//16
f 377//15 304//15 305//15
f 332//643 305//571 378//705
f 378//706 305//572 332//644
f 269//15 340//15 379//15
f 379//16 340//16 269//16
f 266//645 341//645 340//645
f 340//646 341//646 266//646
f 341//707 271//707 347//707
f 347//708 271//708 341//708
f 342//683 349//709 307//710
f 307//711 349//712 342//685
f 307//710 380//713 343//714
f 343//715 380//716 307//711
f 268//15 343//15 344//15
f 344//16 343//16 268//16
f 308//717 344//717 381//717
f 381//718 344//718 308//718
f 382//719 235//719 308//719
f 308//720 235//720 382//720
f 352//721 309//721 345//721
f 345//722 309//722 352//722
f 310//216 276//216 345//216
f 345//215 276//215 310//215
f 346//651 269//517 379//651
f 379//652 269//518 346//652
f 311//16 346//16 383//16
f 383//15 346//15 311//15
f 311//723 384//723 347//723
f 347//724 384//724 311//724
f 382//725 348//725 235//725
f 235//726 348//726 382//726
f 385//727 312//727 348//727
f 348//728 312//728 385//728
f 349//16 312//16 380//16
f 380//15 312//15 349//15
f 349//709 342//683 313//683
f 313//685 342//685 349//712
f 350//215 315//215 386//215
f 386//216 315//216 350//216
f 277//729 351//730 315//731
f 315//732 351//733 277//734
f 350//357 387//357 316//357
f 316//358 387//358 350//358
f 351//216 316//216 388//216
f 388//215 316//215 351//215
f 319//735 389//735 317//735
f 317//736 389//736 319//736
f 317//216 345//216 276//216
f 276//215 345//215 317//215
f 352//215 243//215 309//215
f 309//216 243//216 352//216
f 390//215 319//215 352//215
f 352//216 319//216 390//216
f 350//215 386//215 320//215
f 320//216 386//216 350//216
f 278//215 353//215 354//215
f 354//216 353//216 278//216
f 320//737 391//738 353//739
f 353//740 391//741 320//742
f 387//357 350//357 321//357
f 321//358 350//358 387//358
f 321//743 355//744 392//745
f 392//746 355//747 321//748
f 322//661 354//659 393//749
f 393//750 354//660 322//662
f 356//751 322//661 393//749
f 393//750 322//662 356//752
f 281//216 356//216 364//216
f 364//215 356//215 281//215
f 357//215 323//215 394//215
f 394//216 323//216 357//216
f 281//216 364//216 358//216
f 358//215 364//215 281//215
f 394//753 323//593 358//663
f 358//664 323//594 394//754
f 395//755 324//666 357//756
f 357//757 324//667 395//758
f 282//595 359//665 360//595
f 360//596 359//668 282//596
f 395//755 359//665 324//666
f 324//667 359//668 395//758
f 360//669 396//759 325//599
f 325//600 396//760 360//670
f 397//761 326//603 325//599
f 325//600 326//606 397//762
f 327//612 326//603 397//761
f 397//762 326//606 327//613
f 286//609 361//671 398//763
f 398//764 361//672 286//610
f 361//673 327//612 399//765
f 399//766 327//613 361//674
f 286//609 398//763 362//767
f 362//768 398//764 286//610
f 287//215 362//215 363//215
f 363//216 362//216 287//216
f 328//615 363//675 400//769
f 400//770 363//676 328//616
f 358//216 364//216 328//216
f 328//215 364//215 358//215
f 365//677 250//541 364//677
f 364//678 250//542 365//678
f 355//215 329//215 365//215
f 365//216 329//216 355//216
f 366//216 330//216 401//216
f 401//215 330//215 366//215
f 331//619 366//679 402//771
f 402//772 366//680 331//620
f 403//215 367//215 331//215
f 331//216 367//216 403//216
f 289//215 367//215 404//215
f 404//216 367//216 289//216
f 368//681 289//681 405//681
f 405//682 289//682 368//682
f 401//216 330//216 368//216
f 368//215 330//215 401//215
f 333//687 332//623 406//773
f 406//774 332//624 333//688
f 369//15 333//15 407//15
f 407//16 333//16 369//16
f 369//775 370//775 293//775
f 293//776 370//776 369//776
f 370//777 371//777 294//777
f 294//778 371//778 370//778
f 303//693 371//693 376//693
f 376//694 371//694 303//694
f 334//695 372//695 408//695
f 408//696 372//696 334//696
f 336//16 334//16 408//16
f 408//15 334//15 336//15
f 372//15 298//15 409//15
f 409//16 298//16 372//16
f 336//779 410//779 298//779
f 298//780 410//780 336//780
f 373//16 411//16 337//16
f 337//15 411//15 373//15
f 374//781 337//781 411//781
f 411//782 337//782 374//782
f 375//783 300//783 374//783
f 374//784 300//784 375//784
f 412//15 338//15 375//15
f 375//16 338//16 412//16
f 338//703 413//785 339//641
f 339//642 413//786 338//704
f 339//641 414//787 373//697
f 373//698 414//788 339//642
f 377//16 304//16 376//16
f 376//15 304//15 377//15
f 378//705 305//571 377//789
f 377//790 305//572 378//706
f 332//643 378//705 406//773
f 406//774 378//706 332//644
f 379//15 340//15 415//15
f 415//16 340//16 379//16
f 415//791 340//791 341//791
f 341//792 340//792 415//792
f 416//793 341//793 347//793
f 347//794 341//794 416//794
f 307//710 349//709 380//713
f 380//716 349//712 307//711
f 343//714 380//713 417//795
f 417//796 380//716 343//715
f 344//15 343//15 418//15
f 418//16 343//16 344//16
f 418//797 381//797 344//797
f 344//798 381//798 418//798
f 382//799 308//799 381//799
f 381//800 308//800 382//800
f 345//801 390//802 352//803
f 352//804 390//805 345//806
f 419//807 346//651 379//651
f 379//652 346//652 419//808
f 383//16 346//16 420//16
f 420//15 346//15 383//15
f 384//723 311//723 383//723
f 383//724 311//724 384//724
f 384//809 416//809 347//809
f 347//810 416//810 384//810
f 348//725 382//725 385//725
f 385//726 382//726 348//726
f 385//811 421//811 312//811
f 312//812 421//812 385//812
f 380//16 312//16 421//16
f 421//15 312//15 380//15
f 351//730 386//813 315//731
f 315//732 386//814 351//733
f 391//216 316//216 387//216
f 387//215 316//215 391//215
f 388//216 316//216 391//216
f 391//215 316//215 388//215
f 351//730 388//815 386//813
f 386//814 388//816 351//733
f 389//735 319//735 422//735
f 422//736 319//736 389//736
f 423//216 317//216 389//216
f 389//215 317//215 423//215
f 345//216 317//216 423//216
f 423//215 317//215 345//215
f 319//215 390//215 422//215
f 422//216 390//216 319//216
f 386//813 388//815 320//737
f 320//742 388//816 386//814
f 354//215 353//215 393//215
f 393//216 353//216 354//216
f 320//737 388//815 391//738
f 391//741 388//816 320//742
f 424//817 353//739 391//738
f 391//741 353//740 424//818
f 321//743 392//745 387//819
f 387//820 392//746 321//748
f 355//744 425//821 392//745
f 392//746 425//822 355//747
f 393//749 364//677 356//751
f 356//752 364//678 393//750
f 357//215 394//215 362//215
f 362//216 394//216 357//216
f 426//823 394//753 358//663
f 358//664 394//754 426//824
f 357//756 427//825 395//755
f 395//758 427//826 357//757
f 396//759 360//669 359//827
f 359//828 360//670 396//760
f 396//759 359//827 395//829
f 395//830 359//828 396//760
f 396//759 397//761 325//599
f 325//600 397//762 396//760
f 399//765 327//612 397//761
f 397//762 327//613 399//766
f 398//831 361//673 399//765
f 399//766 361//674 398//832
f 362//767 398//763 428//833
f 428//834 398//764 362//768
f 362//215 394//215 363//215
f 363//216 394//216 362//216
f 363//675 429//835 400//769
f 400//770 429//836 363//676
f 358//216 328//216 400//216
f 400//215 328//215 358//215
f 364//677 393//749 365//677
f 365//678 393//750 364//678
f 355//215 365//215 430//215
f 430//216 365//216 355//216
f 431//216 366//216 401//216
f 401//215 366//215 431//215
f 366//216 431//216 402//216
f 402//215 431//215 366//215
f 331//619 402//771 403//837
f 403//838 402//772 331//620
f 367//215 403//215 432//215
f 432//216 403//216 367//216
f 367//839 433//840 404//840
f 404//841 433//841 367//842
f 289//215 404//215 405//215
f 405//216 404//216 289//216
f 405//843 434//843 368//843
f 368//844 434//844 405//844
f 401//216 368//216 435//216
f 435//215 368//215 401//215
f 333//687 406//773 436//845
f 436//846 406//774 333//688
f 407//15 333//15 437//15
f 437//16 333//16 407//16
f 369//847 407//847 438//847
f 438//848 407//848 369//848
f 369//849 438//849 370//849
f 370//850 438//850 369//850
f 370//851 439//851 371//851
f 371//852 439//852 370//852
f 371//853 440//853 376//853
f 376//854 440//854 371//854
f 409//855 408//855 372//855
f 372//856 408//856 409//856
f 336//16 408//16 441//16
f 441//15 408//15 336//15
f 409//15 298//15 442//15
f 442//16 298//16 409//16
f 410//779 336//779 443//779
f 443//780 336//780 410//780
f 444//15 298//15 410//15
f 410//16 298//16 444//16
f 414//16 411//16 373//16
f 373//15 411//15 414//15
f 439//857 374//857 411//857
f 411//858 374//858 439//858
f 375//859 374//859 412//859
f 412//860 374//860 375//860
f 412//15 437//15 338//15
f 338//16 437//16 412//16
f 437//861 413//785 338//703
f 338//704 413//786 437//862
f 413//785 414//787 339//641
f 339//642 414//788 413//786
f 377//16 376//16 440//16
f 440//15 376//15 377//15
f 378//705 377//789 445//863
f 445//864 377//790 378//706
f 406//773 378//705 436//845
f 436//846 378//706 406//774
f 379//15 415//15 446//15
f 446//16 415//16 379//16
f 416//865 415//865 341//865
f 341//866 415//866 416//866
f 380//16 421//16 417//16
f 417//15 421//15 380//15
f 343//714 417//795 447//867
f 447//868 417//796 343//715
f 418//15 343//15 447//15
f 447//16 343//16 418//16
f 418//869 448//869 381//869
f 381//870 448//870 418//870
f 448//871 382//871 381//871
f 381//872 382//872 448//872
f 345//801 423//873 390//802
f 390//805 423//874 345//806
f 346//651 419//807 420//875
f 420//876 419//808 346//652
f 379//15 449//15 419//15
f 419//16 449//16 379//16
f 383//16 420//16 450//16
f 450//15 420//15 383//15
f 450//877 384//877 383//877
f 383//878 384//878 450//878
f 416//809 384//809 451//809
f 451//810 384//810 416//810
f 385//879 382//879 421//879
f 421//880 382//880 385//880
f 391//216 387//216 452//216
f 452//215 387//215 391//215
f 422//357 453//357 389//357
f 389//358 453//358 422//358
f 423//216 389//216 454//216
f 454//215 389//215 423//215
f 422//215 390//215 455//215
f 455//216 390//216 422//216
f 393//215 353//215 424//215
f 424//216 353//216 393//216
f 424//817 391//738 452//881
f 452//882 391//741 424//818
f 452//216 387//216 392//216
f 392//215 387//215 452//215
f 355//744 430//883 425//821
f 425//822 430//884 355//747
f 452//216 392//216 425//216
f 425//215 392//215 452//215
f 428//833 357//756 362//767
f 362//768 357//757 428//834
f 429//835 394//753 426//823
f 426//824 394//754 429//836
f 358//216 400//216 426//216
f 426//215 400//215 358//215
f 357//756 428//833 427//825
f 427//826 428//834 357//757
f 396//759 395//829 427//885
f 427//886 395//830 396//760
f 399//765 397//761 396//759
f 396//760 397//762 399//766
f 428//887 398//831 399//765
f 399//766 398//832 428//888
f 363//215 394//215 429//215
f 429//216 394//216 363//216
f 400//769 429//835 426//823
f 426//824 429//836 400//770
f 393//215 456//215 365//215
f 365//216 456//216 393//216
f 430//215 365//215 456//215
f 456//216 365//216 430//216
f 401//889 457//890 431//891
f 431//892 457//893 401//894
f 402//216 431//216 458//216
f 458//215 431//215 402//215
f 459//895 403//837 402//771
f 402//772 403//838 459//896
f 432//215 403//215 460//215
f 460//216 403//216 432//216
f 367//839 432//897 461//898
f 461//899 432//900 367//842
f 433//840 367//839 461//898
f 461//899 367//842 433//841
f 433//840 462//901 404//840
f 404//841 462//902 433//841
f 405//215 404//215 462//215
f 462//216 404//216 405//216
f 405//903 463//904 434//905
f 434//906 463//907 405//908
f 435//216 368//216 434//216
f 434//215 368//215 435//215
f 435//909 464//910 401//889
f 401//894 464//911 435//912
f 333//687 436//845 437//861
f 437//862 436//846 333//688
f 407//15 437//15 412//15
f 412//16 437//16 407//16
f 412//913 438//913 407//913
f 407//914 438//914 412//914
f 438//915 439//915 370//915
f 370//916 439//916 438//916
f 371//917 439//917 440//917
f 440//918 439//918 371//918
f 408//855 409//855 441//855
f 441//856 409//856 408//856
f 336//16 441//16 465//16
f 465//15 441//15 336//15
f 442//15 298//15 444//15
f 444//16 298//16 442//16
f 442//919 441//919 409//919
f 409//920 441//920 442//920
f 336//16 466//16 443//16
f 443//15 466//15 336//15
f 467//921 410//921 443//921
f 443//922 410//922 467//922
f 444//15 410//15 468//15
f 468//16 410//16 444//16
f 469//16 411//16 414//16
f 414//15 411//15 469//15
f 412//923 374//923 439//923
f 439//924 374//924 412//924
f 439//925 411//925 440//925
f 440//926 411//926 439//926
f 437//861 436//845 413//785
f 413//786 436//846 437//862
f 413//785 469//927 414//787
f 414//788 469//928 413//786
f 377//16 440//16 469//16
f 469//15 440//15 377//15
f 445//863 377//789 469//927
f 469//928 377//790 445//864
f 436//845 378//705 445//863
f 445//864 378//706 436//846
f 446//929 415//929 416//929
f 416//930 415//930 446//930
f 379//15 446//15 449//15
f 449//16 446//16 379//16
f 417//16 421//16 470//16
f 470//15 421//15 417//15
f 447//867 417//795 471//931
f 471//932 417//796 447//868
f 418//15 447//15 472//15
f 472//16 447//16 418//16
f 472//933 448//933 418//933
f 418//934 448//934 472//934
f 448//935 473//935 382//935
f 382//936 473//936 448//936
f 423//873 454//937 390//802
f 390//805 454//938 423//874
f 419//807 474//939 420//875
f 420//876 474//940 419//808
f 419//15 449//15 475//15
f 475//16 449//16 419//16
f 450//16 420//16 476//16
f 476//15 420//15 450//15
f 384//877 450//877 477//877
f 477//878 450//878 384//878
f 478//941 451//941 384//941
f 384//942 451//942 478//942
f 446//943 416//943 451//943
f 451//944 416//944 446//944
f 382//945 470//945 421//945
f 421//946 470//946 382//946
f 453//357 422//357 479//357
f 479//358 422//358 453//358
f 433//216 389//216 453//216
f 453//215 389//215 433//215
f 454//216 389//216 480//216
f 480//215 389//215 454//215
f 454//937 455//947 390//802
f 390//805 455//948 454//938
f 422//215 455//215 481//215
f 481//216 455//216 422//216
f 393//215 424//215 456//215
f 456//216 424//216 393//216
f 456//949 424//817 452//881
f 452//882 424//818 456//950
f 425//821 430//883 482//951
f 482//952 430//884 425//822
f 452//216 425//216 483//216
f 483//215 425//215 452//215
f 399//765 427//885 428//887
f 428//888 427//886 399//766
f 427//885 399//765 396//759
f 396//760 399//766 427//886
f 430//215 456//215 484//215
f 484//216 456//216 430//216
f 485//953 457//890 401//889
f 401//894 457//893 485//954
f 457//890 486//955 431//891
f 431//892 486//956 457//893
f 431//891 487//957 458//958
f 458//959 487//960 431//892
f 402//216 458//216 459//216
f 459//215 458//215 402//215
f 403//837 459//895 488//961
f 488//962 459//896 403//838
f 460//215 403//215 488//215
f 488//216 403//216 460//216
f 489//963 432//897 460//964
f 460//965 432//900 489//966
f 432//897 489//963 461//898
f 461//899 489//966 432//900
f 461//216 389//216 433//216
f 433//215 389//215 461//215
f 462//901 433//840 490//967
f 490//968 433//841 462//902
f 405//215 462//215 463//215
f 463//216 462//216 405//216
f 463//904 491//969 434//905
f 434//906 491//970 463//907
f 435//216 434//216 492//216
f 492//215 434//215 435//215
f 435//909 493//971 464//910
f 464//911 493//972 435//912
f 464//910 485//953 401//889
f 401//894 485//954 464//911
f 412//973 439//973 438//973
f 438//974 439//974 412//974
f 441//919 442//919 465//919
f 465//920 442//920 441//920
f 336//16 465//16 466//16
f 466//15 465//15 336//15
f 444//975 465//975 442//975
f 442//976 465//976 444//976
f 443//16 466//16 467//16
f 467//15 466//15 443//15
f 410//921 467//921 468//921
f 468//922 467//922 410//922
f 444//15 468//15 494//15
f 494//16 468//16 444//16
f 469//16 440//16 411//16
f 411//15 440//15 469//15
f 436//845 445//863 413//785
f 413//786 445//864 436//846
f 445//863 469//927 413//785
f 413//786 469//928 445//864
f 446//977 451//977 449//977
f 449//978 451//978 446//978
f 417//16 470//16 471//16
f 471//15 470//15 417//15
f 447//867 471//931 495//979
f 495//980 471//932 447//868
f 472//15 447//15 495//15
f 495//16 447//16 472//16
f 472//981 496//981 448//981
f 448//982 496//982 472//982
f 473//935 448//935 496//935
f 496//936 448//936 473//936
f 497//983 382//983 473//983
f 473//984 382//984 497//984
f 498//985 474//939 419//807
f 419//808 474//940 498//986
f 499//16 420//16 474//16
f 474//15 420//15 499//15
f 449//987 500//987 475//987
f 475//988 500//988 449//988
f 419//15 475//15 501//15
f 501//16 475//16 419//16
f 476//16 420//16 499//16
f 499//15 420//15 476//15
f 477//877 450//877 476//877
f 476//878 450//878 477//878
f 384//877 477//877 502//877
f 502//878 477//878 384//878
f 500//989 451//989 478//989
f 478//990 451//990 500//990
f 502//991 478//991 384//991
f 384//992 478//992 502//992
f 382//983 497//983 470//983
f 470//984 497//984 382//984
f 422//215 481//215 479//215
f 479//216 481//216 422//216
f 503//993 453//994 479//994
f 479//995 453//995 503//996
f 433//216 453//216 490//216
f 490//215 453//215 433//215
f 480//216 389//216 461//216
f 461//215 389//215 480//215
f 455//947 454//937 480//997
f 480//998 454//938 455//948
f 455//947 480//997 481//999
f 481//1000 480//998 455//948
f 456//949 452//881 483//1001
f 483//1002 452//882 456//950
f 430//883 504//1003 482//951
f 482//952 504//1004 430//884
f 483//216 425//216 482//216
f 482//215 425//215 483//215
f 484//1005 456//949 483//1001
f 483//1002 456//950 484//1006
f 430//215 484//215 504//215
f 504//216 484//216 430//216
f 485//1007 505//1008 457//1009
f 457//1010 505//1011 485//1012
f 506//1013 486//1014 457//1009
f 457//1010 486//1015 506//1016
f 486//955 487//957 431//891
f 431//892 487//960 486//956
f 458//958 487//957 507//1017
f 507//1018 487//960 458//959
f 459//216 458//216 508//216
f 508//215 458//215 459//215
f 509//1019 488//961 459//895
f 459//896 488//962 509//1020
f 460//215 488//215 510//215
f 510//216 488//216 460//216
f 489//963 460//964 511//1021
f 511//1022 460//965 489//966
f 512//216 461//216 489//216
f 489//215 461//215 512//215
f 490//967 513//1023 462//901
f 462//902 513//1024 490//968
f 463//215 462//215 514//215
f 514//216 462//216 463//216
f 463//904 515//1025 491//969
f 491//970 515//1026 463//907
f 492//216 434//216 491//216
f 491//215 434//215 492//215
f 435//909 492//1027 516//1028
f 516//1029 492//1030 435//912
f 435//909 516//1028 493//971
f 493//972 516//1029 435//912
f 517//1031 464//1032 493//1033
f 493//1034 464//1035 517//1036
f 464//1032 505//1008 485//1007
f 485//1012 505//1011 464//1035
f 465//975 444//975 466//975
f 466//976 444//976 465//976
f 467//16 466//16 518//16
f 518//15 466//15 467//15
f 519//1037 468//1037 467//1037
f 467//1038 468//1038 519//1038
f 494//15 468//15 520//15
f 520//16 468//16 494//16
f 494//1039 466//1039 444//1039
f 444//1040 466//1040 494//1040
f 449//1041 451//1041 500//1041
f 500//1042 451//1042 449//1042
f 471//16 470//16 497//16
f 497//15 470//15 471//15
f 471//931 521//1043 495//979
f 495//980 521//1044 471//932
f 472//15 495//15 522//15
f 522//16 495//16 472//16
f 522//1045 496//1045 472//1045
f 472//1046 496//1046 522//1046
f 473//935 496//935 523//935
f 523//936 496//936 473//936
f 473//1047 524//1047 497//1047
f 497//1048 524//1048 473//1048
f 498//985 525//1049 474//939
f 474//940 525//1050 498//986
f 419//15 526//15 498//15
f 498//16 526//16 419//16
f 499//16 474//16 527//16
f 527//15 474//15 499//15
f 475//1051 500//1051 501//1051
f 501//1052 500//1052 475//1052
f 419//15 501//15 528//15
f 528//16 501//16 419//16
f 529//1053 476//1053 499//1053
f 499//1054 476//1054 529//1054
f 477//1055 476//1055 529//1055
f 529//1056 476//1056 477//1056
f 502//877 477//877 530//877
f 530//878 477//878 502//878
f 478//1057 531//1057 500//1057
f 500//1058 531//1058 478//1058
f 478//991 502//991 531//991
f 531//992 502//992 478//992
f 479//215 481//215 532//215
f 532//216 481//216 479//216
f 453//994 503//993 533//993
f 533//996 503//996 453//995
f 479//215 532//215 503//215
f 503//216 532//216 479//216
f 490//216 453//216 533//216
f 533//215 453//215 490//215
f 461//216 512//216 480//216
f 480//215 512//215 461//215
f 481//999 480//997 512//1059
f 512//1060 480//998 481//1000
f 482//951 504//1003 534//1061
f 534//1062 504//1004 482//952
f 483//216 482//216 534//216
f 534//215 482//215 483//215
f 534//1061 484//1005 483//1001
f 483//1002 484//1006 534//1062
f 504//1003 484//1005 534//1061
f 534//1062 484//1006 504//1004
f 506//1013 457//1009 505//1008
f 505//1011 457//1010 506//1016
f 487//1063 486//1014 506//1013
f 506//1016 486//1015 487//1064
f 507//1065 487//1063 535//1066
f 535//1067 487//1064 507//1068
f 536//1069 458//958 507//1017
f 507//1018 458//959 536//1070
f 458//958 536//1069 508//1071
f 508//1072 536//1070 458//959
f 459//216 508//216 537//216
f 537//215 508//215 459//215
f 510//215 488//215 509//215
f 509//216 488//216 510//216
f 509//1019 459//895 537//1073
f 537//1074 459//896 509//1020
f 510//1075 511//1021 460//964
f 460//965 511//1022 510//1076
f 512//216 489//216 511//216
f 511//215 489//215 512//215
f 490//216 533//216 513//216
f 513//215 533//215 490//215
f 513//1023 514//1077 462//901
f 462//902 514//1078 513//1024
f 463//215 514//215 509//215
f 509//216 514//216 463//216
f 463//215 538//215 515//215
f 515//216 538//216 463//216
f 491//969 515//1025 539//1079
f 539//1080 515//1026 491//970
f 492//216 491//216 540//216
f 540//215 491//215 492//215
f 516//1028 492//1027 541//1081
f 541//1082 492//1030 516//1029
f 493//1033 516//1083 517//1031
f 517//1036 516//1084 493//1034
f 464//1032 517//1031 505//1008
f 505//1011 517//1036 464//1035
f 466//1039 494//1039 518//1039
f 518//1040 494//1040 466//1040
f 467//16 518//16 519//16
f 519//15 518//15 467//15
f 468//1037 519//1037 520//1037
f 520//1038 519//1038 468//1038
f 520//1085 518//1085 494//1085
f 494//1086 518//1086 520//1086
f 471//16 497//16 542//16
f 542//15 497//15 471//15
f 521//1043 471//931 542//1043
f 542//1044 471//932 521//1044
f 522//15 495//15 521//15
f 521//16 495//16 522//16
f 522//1087 523//1087 496//1087
f 496//1088 523//1088 522//1088
f 543//1089 473//1089 523//1089
f 523//1090 473//1090 543//1090
f 524//1047 473//1047 544//1047
f 544//1048 473//1048 524//1048
f 542//16 497//16 524//16
f 524//15 497//15 542//15
f 498//985 545//1091 525//1049
f 525//1050 545//1092 498//986
f 527//16 474//16 525//16
f 525//15 474//15 527//15
f 419//15 546//15 526//15
f 526//16 546//16 419//16
f 498//15 526//15 547//15
f 547//16 526//16 498//16
f 499//1093 527//1093 548//1093
f 548//1094 527//1094 499//1094
f 501//1095 500//1095 549//1095
f 549//1096 500//1096 501//1096
f 549//1097 528//1097 501//1097
f 501//1098 528//1098 549//1098
f 419//15 528//15 550//15
f 550//16 528//16 419//16
f 529//1099 499//1099 548//1099
f 548//1100 499//1100 529//1100
f 529//1101 530//1101 477//1101
f 477//1102 530//1102 529//1102
f 530//1103 551//1103 502//1103
f 502//1104 551//1104 530//1104
f 529//1101 502//1101 530//1101
f 530//1102 502//1102 529//1102
f 502//1103 552//1103 530//1103
f 530//1104 552//1104 502//1104
f 531//1105 549//1105 500//1105
f 500//1106 549//1106 531//1106
f 553//1107 531//1107 502//1107
f 502//1108 531//1108 553//1108
f 502//1101 554//1101 531//1101
f 531//1102 554//1102 502//1102
f 552//1103 502//1103 531//1103
f 531//1104 502//1104 552//1104
f 532//1109 481//999 512//1059
f 512//1060 481//1000 532//1110
f 555//1111 533//993 503//993
f 503//996 533//996 555//1112
f 503//215 532//215 556//215
f 556//216 532//216 503//216
f 557//1113 506//1013 505//1008
f 505//1011 506//1016 557//1114
f 535//1066 487//1063 506//1013
f 506//1016 487//1064 535//1067
f 536//1115 507//1065 535//1066
f 535//1067 507//1068 536//1116
f 558//1117 508//1071 536//1069
f 536//1070 508//1072 558//1118
f 537//216 508//216 540//216
f 540//215 508//215 537//215
f 510//215 509//215 559//215
f 559//216 509//216 510//216
f 538//1119 509//1019 537//1073
f 537//1074 509//1020 538//1120
f 511//1021 510//1075 560//1121
f 560//1122 510//1076 511//1022
f 512//216 511//216 561//216
f 561//215 511//215 512//215
f 513//216 533//216 562//216
f 562//215 533//215 513//215
f 514//1077 513//1023 562//1123
f 562//1124 513//1024 514//1078
f 559//215 509//215 514//215
f 514//216 509//216 559//216
f 463//215 509//215 538//215
f 538//216 509//216 463//216
f 515//215 538//215 563//215
f 563//216 538//216 515//216
f 515//1025 563//15 539//1079
f 539//1080 563//16 515//1026
f 537//216 491//216 539//216
f 539//215 491//215 537//215
f 540//216 491//216 537//216
f 537//215 491//215 540//215
f 564//1125 492//1027 540//1126
f 540//1127 492//1030 564//1128
f 492//1027 564//1125 541//1081
f 541//1082 564//1128 492//1030
f 516//1083 541//1129 517//1031
f 517//1036 541//1130 516//1084
f 517//1031 557//1113 505//1008
f 505//1011 557//1114 517//1036
f 518//1085 520//1085 519//1085
f 519//1086 520//1086 518//1086
f 542//1043 565//1131 521//1043
f 521//1044 565//1132 542//1044
f 522//15 521//15 566//15
f 566//16 521//16 522//16
f 522//1133 543//1133 523//1133
f 523//1134 543//1134 522//1134
f 543//1135 567//1135 473//1135
f 473//1136 567//1136 543//1136
f 544//1047 473//1047 568//1047
f 568//1048 473//1048 544//1048
f 544//1137 569//1137 524//1137
f 524//1138 569//1138 544//1138
f 542//16 524//16 569//16
f 569//15 524//15 542//15
f 498//15 547//15 545//15
f 545//16 547//16 498//16
f 525//1049 545//1091 570//1139
f 570//1140 545//1092 525//1050
f 527//16 525//16 571//16
f 571//15 525//15 527//15
f 419//15 572//15 546//15
f 546//16 572//16 419//16
f 546//1141 573//1141 526//1141
f 526//1142 573//1142 546//1142
f 526//1143 574//1143 547//1143
f 547//1144 574//1144 526//1144
f 548//1145 527//1145 571//1145
f 571//1146 527//1146 548//1146
f 528//1097 549//1097 575//1097
f 575//1098 549//1098 528//1098
f 575//1147 550//1147 528//1147
f 528//1148 550//1148 575//1148
f 419//15 550//15 576//15
f 576//16 550//16 419//16
f 577//16 529//16 548//16
f 548//15 529//15 577//15
f 552//1149 551//1149 530//1149
f 530//1150 551//1150 552//1150
f 553//1107 502//1107 551//1107
f 551//1108 502//1108 553//1108
f 554//1101 502//1101 529//1101
f 529//1102 502//1102 554//1102
f 549//1105 531//1105 578//1105
f 578//1106 531//1106 549//1106
f 578//1151 575//1151 549//1151
f 549//1152 575//1152 578//1152
f 553//1107 579//1107 578//1107
f 553//1107 578//1107 531//1107
f 578//1108 579//1108 553//1108
f 531//1108 578//1108 553//1108
f 580//1105 531//1105 554//1105
f 554//1106 531//1106 580//1106
f 554//1151 581//1151 580//1151
f 580//1152 581//1152 554//1152
f 580//1153 552//1153 531//1153
f 552//1153 580//1153 581//1153
f 531//1154 552//1154 580//1154
f 581//1154 580//1154 552//1154
f 532//1109 512//1059 561//1155
f 561//1156 512//1060 532//1110
f 533//993 555//1111 582//1157
f 582//1158 555//1112 533//996
f 503//215 556//215 555//215
f 555//216 556//216 503//216
f 556//1159 532//1109 561//1155
f 561//1156 532//1110 556//1160
f 535//1066 506//1013 557//1113
f 557//1114 506//1016 535//1067
f 536//1115 535//1066 583//1161
f 583//1162 535//1067 536//1116
f 558//1117 540//1126 508//1071
f 508//1072 540//1127 558//1118
f 558//1163 536//1115 583//1161
f 583//1162 536//1116 558//1164
f 559//1165 560//1121 510//1075
f 510//1076 560//1122 559//1166
f 539//1079 538//1119 537//1073
f 537//1074 538//1120 539//1080
f 561//216 511//216 560//216
f 560//215 511//215 561//215
f 562//216 533//216 582//216
f 582//215 533//215 562//215
f 514//1077 562//1123 559//1165
f 559//1166 562//1124 514//1078
f 539//1079 563//15 538//1119
f 538//1120 563//16 539//1080
f 564//1125 540//1126 558//1117
f 558//1118 540//1127 564//1128
f 583//1161 541//1129 564//1167
f 564//1168 541//1130 583//1162
f 541//1129 583//1161 517//1031
f 517//1036 583//1162 541//1130
f 583//1161 557//1113 517//1031
f 517//1036 557//1114 583//1162
f 565//1131 542//1043 584//1131
f 584//1132 542//1044 565//1132
f 585//15 521//15 565//15
f 565//16 521//16 585//16
f 566//15 521//15 586//15
f 586//16 521//16 566//16
f 566//1169 543//1169 522//1169
f 522//1170 543//1170 566//1170
f 587//1171 543//1171 588//1171
f 588//1172 543//1172 587//1172
f 567//1135 543//1135 587//1135
f 587//1136 543//1136 567//1136
f 567//1173 568//1173 473//1173
f 473//1174 568//1174 567//1174
f 544//1047 568//1047 589//1047
f 589//1048 568//1048 544//1048
f 590//1175 569//1175 544//1175
f 544//1176 569//1176 590//1176
f 542//16 569//16 584//16
f 584//15 569//15 542//15
f 545//15 547//15 591//15
f 591//16 547//16 545//16
f 545//1091 591//1177 570//1139
f 570//1140 591//1178 545//1092
f 571//16 525//16 570//16
f 570//15 525//15 571//15
f 419//15 592//15 572//15
f 572//16 592//16 419//16
f 593//1179 546//1179 572//1179
f 572//1180 546//1180 593//1180
f 593//1181 573//1181 546//1181
f 546//1182 573//1182 593//1182
f 573//1183 574//1183 526//1183
f 526//1184 574//1184 573//1184
f 574//1185 594//1185 547//1185
f 547//1186 594//1186 574//1186
f 548//1187 571//1187 577//1187
f 577//1188 571//1188 548//1188
f 550//1147 575//1147 595//1147
f 595//1148 575//1148 550//1148
f 595//1189 576//1189 550//1189
f 550//1190 576//1190 595//1190
f 419//15 576//15 592//15
f 592//16 576//16 419//16
f 593//1191 529//1191 577//1191
f 577//1192 529//1192 593//1192
f 551//1149 552//1149 553//1149
f 553//1150 552//1150 551//1150
f 529//1193 596//1193 554//1193
f 554//1194 596//1194 529//1194
f 578//1105 531//1105 580//1105
f 580//1106 531//1106 578//1106
f 581//1151 578//1151 580//1151
f 580//1152 578//1152 581//1152
f 578//1195 581//1195 531//1195
f 531//1195 581//1195 580//1195
f 531//1196 581//1196 578//1196
f 580//1196 581//1196 531//1196
f 575//1151 578//1151 579//1151
f 579//1152 578//1152 575//1152
f 597//1107 579//1107 553//1107
f 553//1108 579//1108 597//1108
f 578//1151 581//1151 579//1151
f 579//1152 581//1152 578//1152
f 581//1195 578//1195 579//1195
f 579//1196 578//1196 581//1196
f 554//1197 596//1197 581//1197
f 581//1198 596//1198 554//1198
f 552//1153 581//1153 596//1153
f 596//1154 581//1154 552//1154
f 582//1157 555//1111 598//1199
f 598//1200 555//1112 582//1158
f 555//215 556//215 599//215
f 599//216 556//216 555//216
f 556//1159 561//1155 600//1201
f 600//1202 561//1156 556//1160
f 583//1161 535//1066 557//1113
f 557//1114 535//1067 583//1162
f 564//1167 558//1163 583//1161
f 583//1162 558//1164 564//1168
f 559//1165 562//1123 560//1121
f 560//1122 562//1124 559//1166
f 561//216 560//216 562//216
f 562//215 560//215 561//215
f 562//216 582//216 600//216
f 600//215 582//215 562//215
f 584//1131 601//1203 565//1131
f 565//1132 601//1204 584//1132
f 585//15 602//15 521//15
f 521//16 602//16 585//16
f 585//15 565//15 601//15
f 601//16 565//16 585//16
f 586//15 521//15 603//15
f 603//16 521//16 586//16
f 586//1205 588//1205 566//1205
f 566//1206 588//1206 586//1206
f 566//1207 588//1207 543//1207
f 543//1208 588//1208 566//1208
f 604//1209 587//1209 588//1209
f 588//1210 587//1210 604//1210
f 568//1173 567//1173 605//1173
f 605//1174 567//1174 568//1174
f 606//1211 607//1211 567//1211
f 567//1211 607//1211 605//1211
f 587//1211 606//1211 567//1211
f 567//1212 607//1212 606//1212
f 605//1212 607//1212 567//1212
f 567//1212 606//1212 587//1212
f 608//1213 609//1213 610//1213
f 610//1214 609//1214 608//1214
f 587//1209 611//1209 610//1209
f 610//1210 611//1210 587//1210
f 611//1215 606//1215 587//1215
f 611//1215 587//1215 610//1215
f 587//1216 606//1216 611//1216
f 610//1216 587//1216 611//1216
f 608//1217 605//1217 609//1217
f 609//1218 605//1218 608//1218
f 612//1219 610//1219 609//1219
f 612//1219 609//1219 605//1219
f 609//1220 610//1220 612//1220
f 605//1220 609//1220 612//1220
f 605//1211 607//1211 568//1211
f 568//1212 607//1212 605//1212
f 568//1221 612//1221 605//1221
f 605//1222 612//1222 568//1222
f 612//1221 568//1221 589//1221
f 589//1222 568//1222 612//1222
f 589//1221 568//1221 607//1221
f 607//1222 568//1222 589//1222
f 544//1217 589//1217 612//1217
f 612//1218 589//1218 544//1218
f 613//1223 569//1223 590//1223
f 590//1224 569//1224 613//1224
f 612//1217 590//1217 544//1217
f 544//1218 590//1218 612//1218
f 584//16 569//16 613//16
f 613//15 569//15 584//15
f 591//15 547//15 602//15
f 602//16 547//16 591//16
f 591//1177 585//1225 570//1139
f 570//1140 585//1226 591//1178
f 571//16 570//16 614//16
f 614//15 570//15 571//15
f 592//1227 593//1227 572//1227
f 572//1228 593//1228 592//1228
f 615//1229 573//1229 593//1229
f 593//1230 573//1230 615//1230
f 574//1231 573//1231 615//1231
f 615//1232 573//1232 574//1232
f 594//1233 574//1233 615//1233
f 615//1234 574//1234 594//1234
f 547//1235 594//1235 616//1235
f 616//1236 594//1236 547//1236
f 571//1237 614//1237 577//1237
f 577//1238 614//1238 571//1238
f 575//1239 617//1239 595//1239
f 595//1240 617//1240 575//1240
f 576//1189 595//1189 618//1189
f 618//1190 595//1190 576//1190
f 618//1241 592//1241 576//1241
f 576//1242 592//1242 618//1242
f 529//1191 593//1191 619//1191
f 619//1192 593//1192 529//1192
f 577//1243 615//1243 593//1243
f 593//1244 615//1244 577//1244
f 620//1245 553//1245 552//1245
f 552//1246 553//1246 620//1246
f 529//1193 621//1193 596//1193
f 596//1194 621//1194 529//1194
f 617//1239 575//1239 579//1239
f 579//1240 575//1240 617//1240
f 579//1107 597//1107 617//1107
f 617//1108 597//1108 579//1108
f 553//1245 620//1245 597//1245
f 597//1246 620//1246 553//1246
f 579//1247 596//1247 581//1247
f 581//1248 596//1248 579//1248
f 552//1153 596//1153 622//1153
f 622//1154 596//1154 552//1154
f 555//215 599//215 598//215
f 598//216 599//216 555//216
f 582//1157 598//1199 623//1249
f 623//1250 598//1200 582//1158
f 599//1251 556//1159 600//1201
f 600//1202 556//1160 599//1252
f 561//216 562//216 600//216
f 600//215 562//215 561//215
f 600//216 582//216 623//216
f 623//215 582//215 600//215
f 601//1203 584//1131 624//1253
f 624//1254 584//1132 601//1204
f 591//15 602//15 585//15
f 585//16 602//16 591//16
f 625//15 521//15 602//15
f 602//16 521//16 625//16
f 585//15 601//15 626//15
f 626//16 601//16 585//16
f 603//15 521//15 627//15
f 627//16 521//16 603//16
f 603//1255 604//1255 586//1255
f 586//1256 604//1256 603//1256
f 586//1257 604//1257 588//1257
f 588//1258 604//1258 586//1258
f 587//1209 604//1209 628//1209
f 628//1210 604//1210 587//1210
f 628//1211 607//1211 606//1211
f 606//1212 607//1212 628//1212
f 605//1217 608//1217 612//1217
f 612//1218 608//1218 605//1218
f 608//1209 610//1209 611//1209
f 611//1210 610//1210 608//1210
f 587//1209 628//1209 611//1209
f 628//1216 611//1216 606//1216
f 611//1210 628//1210 587//1210
f 606//1215 611//1215 628//1215
f 612//1219 611//1219 610//1219
f 610//1220 611//1220 612//1220
f 607//1259 612//1259 589//1259
f 589//1260 612//1260 607//1260
f 629//1261 613//1261 590//1261
f 590//1262 613//1262 629//1262
f 612//1217 608//1217 590//1217
f 590//1218 608//1218 612//1218
f 613//16 630//16 584//16
f 584//15 630//15 613//15
f 547//1263 616//1263 602//1263
f 602//1264 616//1264 547//1264
f 570//1265 585//1266 630//1267
f 630//1268 585//1269 570//1270
f 614//16 570//16 630//16
f 630//15 570//15 614//15
f 593//1227 592//1227 619//1227
f 619//1228 592//1228 593//1228
f 631//1271 594//1271 615//1271
f 615//1272 594//1272 631//1272
f 632//1273 616//1273 594//1273
f 594//1274 616//1274 632//1274
f 614//1275 633//1275 577//1275
f 577//1276 633//1276 614//1276
f 621//1239 595//1239 617//1239
f 617//1240 595//1240 621//1240
f 529//1277 618//1277 595//1277
f 595//1278 618//1278 529//1278
f 592//1241 618//1241 619//1241
f 619//1242 618//1242 592//1242
f 618//1277 529//1277 619//1277
f 619//1278 529//1278 618//1278
f 577//16 631//16 615//16
f 615//15 631//15 577//15
f 552//1279 622//1279 620//1279
f 620//1280 622//1280 552//1280
f 621//1193 529//1193 595//1193
f 595//1194 529//1194 621//1194
f 622//1281 596//1281 621//1281
f 621//1282 596//1282 622//1282
f 579//1247 621//1247 596//1247
f 596//1248 621//1248 579//1248
f 621//1247 579//1247 617//1247
f 617//1248 579//1248 621//1248
f 617//1283 597//1283 620//1283
f 620//1284 597//1284 617//1284
f 598//1199 599//1251 623//1249
f 623//1250 599//1252 598//1200
f 623//1249 599//1251 600//1201
f 600//1202 599//1252 623//1250
f 584//16 630//16 624//16
f 624//15 630//15 584//15
f 626//1285 601//1203 624//1253
f 624//1254 601//1204 626//1286
f 634//15 521//15 625//15
f 625//16 521//16 634//16
f 602//1287 635//1287 625//1287
f 625//1288 635//1288 602//1288
f 636//1289 585//1266 626//1285
f 626//1286 585//1269 636//1290
f 627//15 521//15 637//15
f 637//16 521//16 627//16
f 627//1291 604//1291 603//1291
f 603//1292 604//1292 627//1292
f 638//1293 628//1293 604//1293
f 604//1294 628//1294 638//1294
f 639//1211 607//1211 628//1211
f 628//1212 607//1212 639//1212
f 608//1295 611//1295 640//1295
f 640//1296 611//1296 608//1296
f 628//1293 640//1293 611//1293
f 611//1294 640//1294 628//1294
f 640//1297 628//1297 611//1297
f 611//1298 628//1298 640//1298
f 612//1219 640//1219 611//1219
f 611//1220 640//1220 612//1220
f 612//1259 607//1259 641//1259
f 641//1260 607//1260 612//1260
f 642//1299 613//1299 629//1299
f 629//1300 613//1300 642//1300
f 590//1301 643//1301 629//1301
f 629//1302 643//1302 590//1302
f 640//1303 590//1303 608//1303
f 608//1304 590//1304 640//1304
f 642//16 630//16 613//16
f 613//15 630//15 642//15
f 602//1305 616//1305 635//1305
f 635//1306 616//1306 602//1306
f 585//1266 636//1289 630//1267
f 630//1268 636//1290 585//1269
f 614//16 630//16 642//16
f 642//15 630//15 614//15
f 594//1271 631//1271 644//1271
f 644//1272 631//1272 594//1272
f 629//1273 616//1273 632//1273
f 632//1274 616//1274 629//1274
f 594//1271 645//1271 632//1271
f 632//1272 645//1272 594//1272
f 633//1275 614//1275 632//1275
f 632//1276 614//1276 633//1276
f 577//1275 633//1275 646//1275
f 646//1276 633//1276 577//1276
f 620//1307 621//1307 617//1307
f 617//1308 621//1308 620//1308
f 631//16 577//16 647//16
f 647//15 577//15 631//15
f 621//1307 620//1307 622//1307
f 622//1308 620//1308 621//1308
f 630//1267 626//1285 624//1253
f 624//1254 626//1286 630//1268
f 637//15 521//15 634//15
f 634//16 521//16 637//16
f 625//1309 643//1309 634//1309
f 634//1310 643//1310 625//1310
f 635//1311 643//1311 625//1311
f 625//1312 643//1312 635//1312
f 626//1285 630//1267 636//1289
f 636//1290 630//1268 626//1286
f 637//1313 638//1313 627//1313
f 627//1314 638//1314 637//1314
f 627//1315 638//1315 604//1315
f 604//1316 638//1316 627//1316
f 628//1293 638//1293 648//1293
f 648//1294 638//1294 628//1294
f 639//1211 641//1211 607//1211
f 607//1212 641//1212 639//1212
f 628//1297 648//1297 639//1297
f 639//1298 648//1298 628//1298
f 628//1293 648//1293 640//1293
f 640//1294 648//1294 628//1294
f 648//1297 628//1297 640//1297
f 640//1298 628//1298 648//1298
f 640//1219 612//1219 649//1219
f 649//1220 612//1220 640//1220
f 650//1317 612//1317 641//1317
f 641//1318 612//1318 650//1318
f 632//1319 642//1319 629//1319
f 629//1320 642//1320 632//1320
f 590//1301 651//1301 643//1301
f 643//1302 651//1302 590//1302
f 635//1273 629//1273 643//1273
f 643//1274 629//1274 635//1274
f 648//1303 590//1303 640//1303
f 640//1304 590//1304 648//1304
f 629//1273 635//1273 616//1273
f 616//1274 635//1274 629//1274
f 614//1321 642//1321 632//1321
f 632//1322 642//1322 614//1322
f 644//15 647//15 631//15
f 631//16 647//16 644//16
f 631//15 652//15 644//15
f 644//16 652//16 631//16
f 594//1271 644//1271 653//1271
f 653//1272 644//1272 594//1272
f 594//1271 653//1271 645//1271
f 645//1272 653//1272 594//1272
f 632//1323 645//1323 633//1323
f 633//1324 645//1324 632//1324
f 633//15 654//15 646//15
f 654//15 633//15 655//15
f 646//16 654//16 633//16
f 655//16 633//16 654//16
f 646//15 645//15 633//15
f 633//16 645//16 646//16
f 577//1275 646//1275 656//1275
f 656//1276 646//1276 577//1276
f 577//1275 656//1275 647//1275
f 647//1276 656//1276 577//1276
f 657//215 658//215 631//215
f 657//215 631//215 647//215
f 631//216 658//216 657//216
f 647//216 631//216 657//216
f 634//1325 651//1325 637//1325
f 637//1326 651//1326 634//1326
f 643//1327 651//1327 634//1327
f 634//1328 651//1328 643//1328
f 651//1329 638//1329 637//1329
f 637//1330 638//1330 651//1330
f 590//1303 648//1303 638//1303
f 638//1304 648//1304 590//1304
f 641//1211 639//1211 650//1211
f 650//1212 639//1212 641//1212
f 648//1331 659//1331 639//1331
f 639//1332 659//1332 648//1332
f 640//1333 649//1333 648//1333
f 648//1334 649//1334 640//1334
f 612//1212 659//1212 649//1212
f 649//1211 659//1211 612//1211
f 612//1317 650//1317 659//1317
f 659//1318 650//1318 612//1318
f 651//1301 590//1301 638//1301
f 638//1302 590//1302 651//1302
f 647//15 644//15 656//15
f 656//16 644//16 647//16
f 652//15 631//15 658//15
f 658//16 631//16 652//16
f 652//216 656//216 644//216
f 644//215 656//215 652//215
f 656//16 653//16 644//16
f 644//15 653//15 656//15
f 645//15 646//15 653//15
f 653//16 646//16 645//16
f 653//15 660//15 645//15
f 645//16 660//16 653//16
f 660//216 633//216 645//216
f 645//215 633//215 660//215
f 654//215 653//215 646//215
f 646//216 653//216 654//216
f 660//216 655//216 633//216
f 633//215 655//215 660//215
f 655//1335 661//1335 654//1335
f 654//1336 661//1336 655//1336
f 653//16 656//16 646//16
f 646//15 656//15 653//15
f 656//15 657//15 647//15
f 657//15 656//15 662//15
f 647//16 657//16 656//16
f 662//16 656//16 657//16
f 662//1337 663//1337 657//1337
f 657//1338 663//1338 662//1338
f 663//215 658//215 657//215
f 657//216 658//216 663//216
f 659//1339 650//1339 639//1339
f 639//1340 650//1340 659//1340
f 659//1331 648//1331 649//1331
f 649//1332 648//1332 659//1332
f 658//1341 664//1341 652//1341
f 652//1342 664//1342 658//1342
f 652//216 665//216 662//216
f 652//216 662//216 656//216
f 662//215 665//215 652//215
f 656//215 662//215 652//215
f 654//215 666//215 653//215
f 653//216 666//216 654//216
f 660//15 653//15 666//15
f 666//16 653//16 660//16
f 660//216 667//216 655//216
f 655//215 667//215 660//215
f 661//1335 655//1335 667//1335
f 667//1336 655//1336 661//1336
f 661//215 666//215 654//215
f 654//216 666//216 661//216
f 663//1337 662//1337 665//1337
f 665//1338 662//1338 663//1338
f 658//215 663//215 668//215
f 668//216 663//216 658//216
f 664//1341 658//1341 668//1341
f 668//1342 658//1342 664//1342
f 665//216 652//216 664//216
f 664//215 652//215 665//215
f 666//1343 669//1343 660//1343
f 660//1344 669//1344 666//1344
f 667//216 660//216 669//216
f 669//215 660//215 667//215
f 667//1345 670//1345 661//1345
f 661//1346 670//1346 667//1346
f 666//215 661//215 670//215
f 670//216 661//216 666//216
f 665//1347 668//1347 663//1347
f 663//1348 668//1348 665//1348
f 668//1347 665//1347 664//1347
f 664//1348 665//1348 668//1348
f 669//1343 666//1343 670//1343
f 670//1344 666//1344 669//1344
f 670//1345 667//1345 669//1345
f 669//1346 667//1346 670//1346
