# SSTK version 0.8.0
# 1
mtllib original-1.mtl
o mesh29/mesh29-geometry#mesh29-geometry
v -0.393172 0.672775 -0.347089
v -0.383720 0.650880 -0.375422
v -0.396045 0.650880 -0.346476
v -0.380820 0.672137 -0.375308
v 0.400828 0.650880 -0.130511
v -0.401937 0.672936 -0.305724
v -0.388433 0.691912 -0.346805
v 0.396525 0.650880 -0.230380
v -0.404584 0.650880 -0.302652
v -0.397545 0.692748 -0.305263
v -0.376081 0.691255 -0.374774
v -0.364558 0.650880 -0.399224
v 0.397727 0.672833 -0.127191
v -0.408838 0.650880 -0.221105
v -0.401246 0.692805 -0.217193
v -0.405791 0.672857 -0.218482
v -0.379174 0.703284 -0.346890
v -0.388578 0.704100 -0.305389
v -0.340674 0.650880 -0.419777
v 0.399605 0.673268 0.089313
v 0.393537 0.672857 -0.227658
v 0.403801 0.650880 0.079988
v -0.365745 0.703293 -0.374152
v -0.359042 0.691430 -0.396850
v 0.390394 0.650880 -0.311808
v -0.340800 0.672276 -0.418402
v 0.393180 0.692625 -0.123684
v -0.410840 0.650880 -0.121163
v -0.407664 0.672833 -0.117916
v -0.392767 0.704787 -0.114703
v -0.403037 0.692625 -0.114515
v -0.352401 0.711871 -0.373192
v -0.373054 0.712535 -0.306232
v 0.380848 0.650880 -0.355423
v -0.311384 0.652787 -0.433278
v 0.397813 0.674580 0.141123
v 0.394324 0.692845 0.091603
v 0.389025 0.692805 -0.226292
v 0.387677 0.672936 -0.314816
v -0.408964 0.650880 0.089349
v -0.376065 0.714007 -0.115369
v -0.333538 0.704432 -0.410981
v -0.325435 0.712972 -0.403718
v -0.339526 0.691933 -0.415891
v -0.311368 0.672811 -0.431956
v 0.397020 0.650880 0.248362
v 0.384507 0.703767 0.088735
v 0.382908 0.704787 -0.123636
v -0.404555 0.673268 0.098573
v -0.373180 0.711860 0.181502
v -0.389504 0.703765 0.097605
v -0.330427 0.716992 -0.351490
v -0.314147 0.717371 -0.372180
v -0.340446 0.719475 -0.117162
v -0.276611 0.650880 -0.444395
v 0.377956 0.672775 -0.355947
v -0.312750 0.655538 -0.551893
v 0.387168 0.673791 0.313557
v 0.389243 0.695675 0.187109
v 0.379267 0.705766 0.184326
v 0.374330 0.704100 -0.314176
v 0.383297 0.692748 -0.314255
v 0.392398 0.650880 0.311176
v -0.401573 0.674580 0.150336
v -0.399233 0.692844 0.100717
v -0.340239 0.716783 0.096290
v -0.311354 0.693075 -0.430684
v -0.311269 0.705209 -0.423286
v -0.311026 0.713937 -0.402235
v -0.290106 0.652768 -0.440071
v -0.171284 0.650880 -0.457345
v 0.367859 0.650880 -0.384078
v -0.312307 0.652563 -0.513409
v -0.312783 0.666216 -0.554754
v 0.367370 0.712196 0.180383
v 0.370000 0.711688 0.086036
v 0.366193 0.714006 -0.123918
v -0.398308 0.650880 0.257522
v -0.391957 0.695677 0.195997
v -0.358403 0.714279 0.186490
v -0.382342 0.705763 0.191750
v -0.311117 0.712989 -0.410100
v -0.222164 0.731339 -0.167727
v -0.270099 0.719433 -0.355624
v -0.300294 0.723755 -0.119078
v -0.312873 0.674032 -0.562570
v -0.282930 0.693659 -0.442089
v -0.245607 0.673042 -0.449470
v 0.364963 0.672137 -0.383896
v 0.373230 0.691912 -0.355575
v -0.312783 0.644861 -0.554754
v -0.291430 0.666216 -0.555000
v 0.380849 0.693942 0.313079
v 0.380773 0.673789 0.342017
v 0.369811 0.703906 0.309296
v 0.358785 0.709906 0.301617
v 0.358787 0.712535 -0.314661
v 0.386043 0.650880 0.346406
v -0.380647 0.693944 0.321829
v -0.386957 0.673792 0.322473
v -0.295474 0.721083 0.108844
v -0.357571 0.710427 0.304483
v -0.313616 0.693093 -0.627109
v -0.313410 0.707851 -0.609240
v -0.216223 0.732070 -0.211414
v -0.242300 0.724457 -0.323965
v -0.311368 0.719988 -0.431928
v -0.311026 0.724357 -0.402235
v -0.312996 0.676893 -0.573246
v -0.290954 0.652563 -0.513655
v -0.290096 0.693511 -0.439213
v -0.008872 0.650880 -0.461495
v -0.175839 0.668216 -0.456382
v 0.348154 0.650880 -0.407432
v -0.312329 0.637502 -0.515339
v -0.291430 0.644861 -0.555000
v -0.291397 0.655538 -0.552139
v 0.374684 0.693738 0.339967
v 0.351701 0.714541 0.178555
v 0.343219 0.711924 0.302557
v 0.363972 0.703284 -0.355449
v 0.330540 0.719474 -0.124890
v 0.375210 0.650880 0.372532
v -0.369610 0.703943 0.317401
v -0.392240 0.650880 0.320213
v -0.284194 0.715476 0.304180
v -0.335402 0.710756 0.339918
v -0.313656 0.683243 -0.630547
v -0.313538 0.701528 -0.620371
v -0.313219 0.711362 -0.592622
v -0.223918 0.730438 -0.103355
v -0.211718 0.739539 -0.169670
v -0.165417 0.746375 -0.236406
v -0.219356 0.726591 0.092740
v -0.291520 0.674032 -0.562815
v -0.290976 0.637502 -0.515585
v -0.284339 0.704241 -0.435498
v -0.248268 0.690721 -0.447438
v 0.360237 0.691255 -0.383254
v -0.312873 0.637045 -0.562570
v -0.289894 0.711819 -0.421619
v 0.365455 0.702961 0.336265
v 0.365839 0.693524 0.358195
v 0.371744 0.673337 0.364731
v 0.349892 0.707963 0.345972
v 0.336601 0.711871 -0.381127
v 0.315132 0.716992 -0.358925
v 0.353467 0.650880 0.401317
v -0.373867 0.693738 0.348587
v -0.364708 0.702965 0.344636
v 0.327786 0.650880 0.427759
v -0.379914 0.673789 0.350792
v -0.223157 0.723314 0.269450
v -0.348911 0.707966 0.354024
v -0.292303 0.683243 -0.630793
v -0.292263 0.693093 -0.627355
v -0.292057 0.707851 -0.609486
v -0.291866 0.711362 -0.592868
v -0.213675 0.739200 -0.107261
v -0.198883 0.743827 -0.211157
v -0.201820 0.733487 -0.233302
v -0.182947 0.733871 -0.256371
v -0.290015 0.719988 -0.432174
v -0.289673 0.724357 -0.402480
v -0.149480 0.745556 -0.242820
v -0.210613 0.726849 0.195783
v -0.313118 0.674032 -0.583922
v -0.291643 0.676893 -0.573492
v -0.290024 0.704484 -0.432975
v 0.153594 0.650880 -0.461087
v -0.008866 0.674670 -0.460414
v -0.179741 0.685179 -0.453750
v -0.312995 0.634184 -0.573246
v -0.312383 0.625414 -0.520009
v -0.291520 0.637045 -0.562815
v 0.357636 0.702751 0.352799
v 0.284019 0.715478 0.297537
v 0.336387 0.710747 0.331693
v 0.290356 0.723755 -0.125879
v 0.349919 0.703293 -0.382394
v 0.211130 0.731339 -0.172717
v 0.352357 0.671532 0.391141
v 0.301949 0.650880 0.443023
v -0.385075 0.650880 0.355287
v -0.226481 0.719541 0.324178
v -0.279510 0.712009 0.356869
v -0.317574 0.707704 0.377664
v -0.292319 0.652200 -0.632248
v -0.292185 0.701528 -0.620617
v -0.200430 0.742217 0.100059
v -0.201696 0.747285 -0.112846
v -0.188931 0.751841 -0.164731
v -0.176920 0.734572 -0.249506
v -0.125024 0.747965 -0.244434
v -0.202502 0.733951 0.191487
v -0.313208 0.666216 -0.591738
v -0.200040 0.699571 -0.444617
v 0.323803 0.650880 -0.427430
v 0.158169 0.668216 -0.460229
v -0.122968 0.693216 -0.453181
v -0.291111 0.614771 -0.527329
v 0.347679 0.691452 0.382149
v 0.290783 0.721083 0.102072
v 0.319083 0.707705 0.370305
v 0.342695 0.691430 -0.404932
v 0.308939 0.712972 -0.411024
v 0.298380 0.717371 -0.379234
v 0.204184 0.732070 -0.216256
v 0.328173 0.670985 0.417687
v -0.364606 0.693524 0.366608
v -0.356526 0.702751 0.361024
v 0.306092 0.670638 0.430788
v 0.276677 0.650880 0.452327
v 0.252443 0.650880 0.456379
v -0.370358 0.673337 0.373279
v -0.121149 0.723234 0.321734
v -0.196144 0.726188 0.226194
v -0.313672 0.652200 -0.632002
v -0.291889 0.655538 -0.594845
v -0.171358 0.755014 -0.202626
v -0.190851 0.744026 -0.224149
v -0.182500 0.734638 -0.247172
v -0.179675 0.744244 -0.234817
v -0.289673 0.714415 -0.402481
v -0.151417 0.751954 -0.228571
v -0.161143 0.734387 -0.256103
v -0.194003 0.733196 0.216352
v -0.313241 0.655538 -0.594599
v -0.291766 0.674032 -0.584168
v -0.291643 0.634184 -0.573492
v -0.283756 0.711371 -0.425136
v 0.292871 0.650880 -0.440959
v 0.323960 0.672276 -0.426058
v 0.228084 0.673042 -0.454922
v 0.105385 0.693214 -0.455812
v -0.008827 0.690747 -0.457529
v -0.156131 0.704395 -0.443826
v -0.313653 0.638704 -0.630345
v -0.312569 0.605907 -0.536225
v -0.292249 0.626316 -0.626075
v 0.322692 0.700233 0.389955
v 0.280544 0.712009 0.350409
v 0.222192 0.723314 0.264320
v 0.214366 0.730438 -0.108403
v 0.214321 0.726591 0.087745
v 0.316872 0.704432 -0.418472
v 0.257796 0.719729 -0.356601
v 0.235707 0.723878 -0.330245
v 0.200642 0.739539 -0.174418
v 0.326601 0.689379 0.405932
v 0.280695 0.670408 0.440129
v 0.175669 0.650880 0.464227
v -0.373643 0.650880 0.381156
v -0.202078 0.714586 0.363281
v -0.150860 0.727117 0.261374
v -0.277973 0.707287 0.395097
v -0.176704 0.725786 0.249245
v -0.320737 0.700233 0.397367
v -0.291856 0.644861 -0.591984
v -0.291856 0.666216 -0.591984
v -0.189850 0.747071 0.098687
v -0.193777 0.739875 0.186038
v -0.175256 0.755203 -0.155979
v -0.174685 0.749756 -0.224334
v -0.184211 0.731703 -0.282374
v -0.067108 0.751018 -0.240331
v -0.121682 0.733808 -0.266456
v -0.186503 0.739559 0.208046
v -0.221062 0.712784 -0.423386
v 0.259191 0.650880 -0.450566
v 0.301638 0.652796 -0.437007
v 0.178908 0.685844 -0.456991
v -0.069120 0.700533 -0.446650
v -0.179937 0.712615 -0.430928
v -0.313520 0.615390 -0.618806
v -0.313118 0.637045 -0.583922
v -0.291342 0.599158 -0.547343
v -0.292062 0.606279 -0.609874
v 0.226775 0.719541 0.318956
v 0.207954 0.726849 0.190962
v 0.279887 0.707287 0.388670
v 0.204036 0.739200 -0.112071
v 0.322745 0.691933 -0.423518
v 0.301903 0.712980 -0.413967
v 0.301957 0.713543 -0.409294
v 0.189281 0.733487 -0.237806
v 0.186855 0.743827 -0.215598
v 0.306069 0.688708 0.418322
v -0.345899 0.691452 0.390138
v 0.283992 0.688338 0.426570
v 0.252798 0.669609 0.445055
v 0.168803 0.660405 0.461563
v 0.160899 0.650880 0.498581
v -0.350374 0.671532 0.399237
v -0.155451 0.715995 0.364555
v -0.116016 0.728858 0.268610
v -0.292300 0.638704 -0.630591
v -0.313208 0.644861 -0.591738
v -0.184445 0.743446 0.187977
v -0.179111 0.750817 0.090562
v -0.120568 0.759997 -0.110735
v -0.224728 0.720624 -0.370656
v -0.146117 0.754738 -0.214083
v -0.067418 0.747083 -0.248633
v -0.006683 0.734477 -0.271506
v -0.175501 0.739012 0.227023
v 0.280197 0.652775 -0.444437
v 0.301671 0.692796 -0.434083
v 0.265562 0.693659 -0.448405
v 0.230785 0.690721 -0.452955
v 0.051703 0.700521 -0.448072
v 0.138757 0.704395 -0.447222
v -0.123998 0.710982 -0.426303
v -0.291766 0.637045 -0.584168
v -0.313288 0.599335 -0.598648
v -0.312836 0.594863 -0.559364
v -0.291935 0.599335 -0.598894
v 0.194189 0.726188 0.221699
v 0.121414 0.723233 0.318948
v 0.195569 0.742217 0.095498
v 0.199746 0.733951 0.186854
v 0.301761 0.704953 -0.426373
v 0.301957 0.724357 -0.409294
v 0.169485 0.734679 -0.251229
v 0.177957 0.751844 -0.168870
v 0.162859 0.660456 0.474734
v -0.351243 0.650880 0.409433
v -0.181667 0.707353 0.404096
v 0.000522 0.719247 0.354971
v -0.225419 0.707078 0.406160
v -0.061795 0.729908 0.272297
v -0.122542 0.741092 0.246936
v -0.153817 0.740388 0.237908
v -0.279637 0.699156 0.416767
v -0.324278 0.689379 0.413428
v -0.172855 0.746965 0.183564
v -0.120286 0.757436 -0.175502
v -0.131374 0.756840 0.098181
v -0.183393 0.726158 -0.337302
v -0.006231 0.753487 -0.232136
v 0.112248 0.747965 -0.247163
v -0.183653 0.719356 -0.391804
v 0.279324 0.652563 -0.520223
v 0.300234 0.655539 -0.558953
v 0.267121 0.704241 -0.441850
v 0.182635 0.699571 -0.449024
v 0.107036 0.710980 -0.428964
v -0.008428 0.713726 -0.422931
v -0.313145 0.594910 -0.586218
v -0.291636 0.593356 -0.572936
v -0.291792 0.594910 -0.586464
v 0.282049 0.699156 0.410298
v 0.203279 0.714586 0.358612
v 0.191821 0.733196 0.211909
v 0.175286 0.725786 0.245191
v 0.149727 0.727117 0.257913
v 0.191930 0.747286 -0.117374
v 0.299573 0.707851 -0.616299
v 0.301863 0.722026 -0.417425
v 0.167106 0.744244 -0.238810
v 0.178526 0.744026 -0.228402
v 0.159532 0.755014 -0.206428
v 0.225135 0.686010 0.436090
v 0.116627 0.661951 0.461366
v 0.155431 0.660161 0.485832
v 0.144904 0.650880 0.504109
v -0.325579 0.670985 0.425216
v -0.129904 0.708686 0.405904
v -0.000406 0.730365 0.273566
v -0.303466 0.688708 0.425342
v -0.152885 0.748283 0.200309
v -0.005063 0.762878 -0.130681
v -0.003878 0.762172 -0.027485
v -0.007448 0.729081 -0.337103
v 0.054442 0.751023 -0.241722
v 0.280214 0.693361 -0.442914
v 0.300677 0.652563 -0.520469
v 0.278880 0.655539 -0.558707
v 0.300201 0.666216 -0.561813
v 0.162853 0.712615 -0.434875
v -0.158060 0.719420 -0.382604
v -0.312989 0.593356 -0.572690
v 0.227601 0.707078 0.400942
v 0.123544 0.716617 0.361965
v 0.115059 0.728858 0.265949
v 0.190898 0.739875 0.181607
v 0.184960 0.747071 0.094370
v 0.184133 0.739559 0.203778
v 0.299367 0.693093 -0.634169
v 0.299445 0.701528 -0.627431
v 0.299764 0.711362 -0.599682
v 0.159799 0.745239 -0.239671
v 0.280604 0.724357 -0.409048
v 0.162358 0.749756 -0.228211
v 0.164503 0.755203 -0.159886
v 0.202581 0.698200 0.420506
v 0.149285 0.676073 0.450636
v 0.142478 0.659096 0.491288
v 0.002274 0.650880 0.506313
v -0.324960 0.650880 0.435277
v -0.199955 0.698200 0.425141
v 0.132105 0.708686 0.402886
v -0.065265 0.741306 0.249938
v -0.123160 0.745014 0.235908
v -0.153781 0.744338 0.225068
v -0.281205 0.688338 0.433080
v -0.002395 0.758955 0.101225
v -0.123850 0.753644 0.163895
v 0.134037 0.754743 -0.217306
v 0.138968 0.751954 -0.231871
v 0.108400 0.733808 -0.269106
v 0.170317 0.732453 -0.277454
v 0.300654 0.637502 -0.522399
v 0.278847 0.644861 -0.561568
v 0.300201 0.644861 -0.561813
v 0.300111 0.674032 -0.569629
v 0.266778 0.711371 -0.431477
v 0.204140 0.712783 -0.428281
v 0.142088 0.719417 -0.386020
v 0.183813 0.707353 0.399886
v 0.173571 0.739012 0.223003
v 0.152142 0.740388 0.234385
v 0.121083 0.741091 0.244134
v 0.060937 0.729908 0.270884
v 0.181613 0.743446 0.183761
v 0.299988 0.676893 -0.580305
v 0.278092 0.701528 -0.627185
v 0.278220 0.707851 -0.616053
v 0.280262 0.719988 -0.438742
v 0.153569 0.746439 -0.239599
v 0.174036 0.750817 0.086495
v 0.110874 0.759998 -0.113383
v 0.121603 0.690288 0.439751
v 0.001773 0.662907 0.462771
v 0.117677 0.658642 0.493828
v -0.172044 0.650880 0.468232
v -0.303201 0.670638 0.437815
v -0.120547 0.700143 0.427184
v -0.000675 0.741178 0.250760
v 0.109100 0.757437 -0.178130
v 0.126487 0.756840 0.095213
v -0.119467 0.749114 0.216090
v 0.142765 0.745767 -0.244579
v 0.168464 0.726158 -0.341352
v 0.278847 0.666216 -0.561567
v 0.280290 0.704799 -0.436364
v 0.279302 0.637502 -0.522153
v 0.278757 0.674032 -0.569383
v 0.280431 0.712353 -0.424064
v 0.167469 0.719355 -0.395844
v 0.169925 0.746965 0.179617
v 0.299865 0.674032 -0.590982
v 0.278411 0.711362 -0.599436
v 0.280604 0.714390 -0.409048
v 0.123241 0.700143 0.424376
v 0.001561 0.688709 0.444427
v 0.002131 0.662010 0.493864
v -0.156486 0.650880 0.502236
v -0.298779 0.650880 0.449942
v -0.118557 0.690288 0.442516
v 0.001387 0.699248 0.429331
v 0.063889 0.741298 0.248477
v -0.222144 0.686009 0.441242
v -0.000903 0.746157 0.237510
v -0.277596 0.670408 0.446560
v -0.001008 0.750487 0.222052
v 0.120475 0.753644 0.161079
v 0.153601 0.734451 -0.257508
v 0.208253 0.726146 -0.322719
v 0.300601 0.625414 -0.527069
v 0.300111 0.637045 -0.569629
v 0.278757 0.637045 -0.569383
v 0.278634 0.676893 -0.580059
v 0.248888 0.718856 -0.371205
v 0.151810 0.744337 0.221548
v 0.121448 0.745013 0.233095
v 0.299313 0.672679 -0.638840
v 0.278511 0.674032 -0.590736
v 0.278014 0.693093 -0.633923
v 0.150345 0.748283 0.196816
v -0.145993 0.676073 0.454036
v -0.113083 0.661951 0.464012
v -0.113386 0.658642 0.496489
v -0.140369 0.650880 0.507394
v -0.158995 0.660456 0.478441
v -0.248978 0.650880 0.462154
v -0.249594 0.669609 0.450843
v 0.279166 0.614771 -0.533897
v 0.299382 0.626316 -0.632889
v 0.299988 0.634184 -0.580305
v 0.278634 0.634184 -0.580059
v 0.299775 0.666216 -0.598798
v 0.278421 0.666216 -0.598552
v -0.138238 0.659096 0.494521
v -0.165241 0.660405 0.465411
v -0.151314 0.660161 0.489365
v -0.273299 0.650880 0.458661
v 0.117295 0.749114 0.213364
v 0.278029 0.626316 -0.632643
v 0.300414 0.605907 -0.543284
v 0.299569 0.606279 -0.616688
v 0.299742 0.655539 -0.601658
v 0.277960 0.672679 -0.638594
v 0.278215 0.606279 -0.616442
v 0.278936 0.599159 -0.553911
v 0.299330 0.638704 -0.637405
v 0.278511 0.637045 -0.590736
v 0.277977 0.638704 -0.637159
v 0.299775 0.644861 -0.598798
v 0.278389 0.655539 -0.601413
v 0.278342 0.599335 -0.605462
v 0.300147 0.594863 -0.566424
v 0.299838 0.594910 -0.593277
v 0.299865 0.637045 -0.590982
v 0.278421 0.644861 -0.598552
v 0.278485 0.594910 -0.593031
v 0.278641 0.593356 -0.579504
v 0.299994 0.593356 -0.579750
vn -0.9369715140236734 0.17398993170148339 -0.30300476163700546
vn -0.8724843707401686 0.11559000246200897 -0.474773603041455
vn -0.9587043503520616 0.1076689654704604 -0.26323632441316364
vn -0.8459240314804835 0.1800120558654898 -0.502004175985505
vn 0 -1 0
vn -0.9787860797895607 0.16472401818083782 -0.12183516669887538
vn -0.853998337153567 0.43041987803516435 -0.29227652784843466
vn -0.9104779074957003 0.3898639655108806 -0.13797125917517017
vn -0.9886512957461878 0.11596904047662313 -0.09549762861095244
vn -0.7706261444052565 0.40752206168784133 -0.4899603196145377
vn 0.9838472911557029 0.1767349861302807 -0.02844736126804566
vn 0.9870307161720435 0.15904697029432308 -0.02178133542966638
vn 0.9883138973425836 0.14302803879857778 -0.05271262123007673
vn -0.8937492800289448 0.4476750944124488 -0.028270732048315733
vn -0.9832917395480981 0.17921898178409387 -0.03190472542975167
vn -0.6148279288760912 0.7526008008313739 -0.2357512512414533
vn -0.7277153392211927 0.12622702519510567 -0.67416401800495
vn -0.6553910059494944 0.7506641578553056 -0.08346227550153872
vn 0.9781080521062112 0.20807208699194077 0.0032626706563059576
vn 0.9822948815642015 0.17922703229232312 -0.054538395176772905
vn -0.989286078662035 0.14289001393977874 -0.02992488064777571
vn -0.5944623457749687 0.6960430288349749 -0.4026644030280745
vn -0.6847090865715938 0.4138000735794525 -0.5999524696773348
vn -0.5266939326947632 0.08870904319940687 -0.8454136306667702
vn -0.5414032625767741 0.05073899874672093 -0.8392306365221689
vn 0.9853139314637819 0.16974201658786975 0.018550047656788006
vn 0.9046348877100847 0.42575317330478035 -0.019234223630599956
vn 0.98618008272099 0.116067997999336 -0.11822463484759684
vn -0.9842489208420099 0.17669404503525374 -0.005768558781772526
vn -0.6297126619115905 0.7768272580022421 -0.0011724559423136741
vn -0.9049071243142878 0.4256061308072978 0.0015867528123497006
vn -0.31735839921540204 0.9320290035132832 -0.17494451422515006
vn -0.3084961757482165 0.9491940439282267 -0.06213514721882545
vn -0.41970192109257354 0.05792701550607891 -0.9058116571924661
vn 0.9723314394026416 0.22954102577504856 0.04338766455256322
vn 0.8712261975476969 0.49056875951810214 0.017527261379120373
vn 0.8928957385199336 0.4476068915354635 -0.048839234053186464
vn 0.9757040255136258 0.1647719481007167 -0.14440173030680897
vn -0.9872740861763808 0.1590250505182908 0.00095502473634818
vn -0.31752783115160493 0.9482483941580176 -0.0010292817390799127
vn -0.4875889235128214 0.6267510320391999 -0.6078159141593826
vn -0.2523834984917529 0.9063558867775764 -0.33885332548566854
vn -0.5365750513215733 0.28044911300685227 -0.7958866183778446
vn 0.010482629689727557 -0.9930134755195119 -0.11753447116249743
vn 0.9523247619600642 0.10806399253402105 -0.2853063638885644
vn -0.4340016660499554 0.08597000836084116 -0.8968008204324412
vn 0.9777268145878335 0.2018510892357623 0.0575014244194407
vn 0.6227593950883197 0.7823897238696786 0.006087348549089349
vn 0.6275569314123464 0.7784171598413636 -0.015460371949746095
vn -0.9737759959422551 0.22537096530572 0.0311165185044354
vn -0.9846383402021228 0.1696700160380589 0.04122407866348587
vn -0.35834090333244484 0.9333171084337211 0.022604692074983695
vn -0.6721922682508717 0.7400112159434443 0.023258434634619872
vn -0.10287927643322925 0.9936368229329404 -0.045844504494081645
vn -0.0757985948810257 0.9934549365589633 -0.08545093352730859
vn -0.12371368443779059 0.9923036377040543 -0.005330561145689821
vn -0.016193163109159896 -0.9926832689784878 0.11965662939721995
vn 0.9297709343805713 0.17398399424452252 -0.3244311626952643
vn -0.999933687371511 0 0.01151611304275539
vn 0.9568744983402532 0.2602560309203703 0.12906584674368327
vn 0.8518106771221071 0.5212038461521139 0.0525844187665999
vn 0.5973006461033337 0.8012227509183135 0.035693718991305204
vn 0.6532836117839385 0.7506739848705413 -0.09853471983577605
vn 0.9071008695141195 0.38974412416119514 -0.15895763652165784
vn -0.9682491763510191 0.24012213779412825 0.06953338361356307
vn -0.8784511880265222 0.4766248603198623 0.03394484909177963
vn -0.12341467182869278 0.9923194086779017 0.008426739497307208
vn -0.45152968252038245 0.3493478323700239 -0.8210219472227329
vn -0.3374698841814582 0.7118730285012607 -0.6159146601299538
vn -0.028977319697765576 0.9927770452299304 -0.11642187684306664
vn -0.3040915060715904 0.008329002449172224 -0.9526064159207168
vn 0.8613659542447114 0.11585797191718945 -0.4945964245840574
vn 0.9630712271350513 0.22144093340718546 0.15315914754379148
vn 0.3108254304208467 0.9502386985016619 0.02083189078223903
vn 0.3604521701213327 0.9327718485980824 0.0033032586543851176
vn 0.32758175421323055 0.9447851104557786 -0.008443303124079933
vn -0.8394023990464051 0.5398071432834581 0.06333924956369272
vn -0.9761561182419143 0.20178607071493185 0.08001008989063028
vn -0.105825030751023 0.9941286962733501 0.022565418506962365
vn -0.5812417567039772 0.8118562224238738 0.055204115564985466
vn -0.14107330054430556 0.9389170440403742 -0.3138998379802413
vn -0.10803890826580172 0.9941327036356643 -0.005268952721164814
vn -0.031101429256454968 0.9962088590215133 -0.0812441401287527
vn -0.09368877529990897 0.9955573661710445 0.009377848653938408
vn 0.000029706010027571424 -0.9999960906791496 0.0027960228845535437
vn -0.20275779907732286 -0.007901003133400654 -0.9791970430218864
vn -0.33872968821169674 0.013015004986192073 -0.940793711697318
vn -0.2455223620832466 0.19396796036459052 -0.9497869235091961
vn -0.08143588529639237 0.007429003317871174 -0.996650894995683
vn -0.127015808758838 0.038399997440370995 -0.9911571139440598
vn 0.8342631361462961 0.17989494288597307 -0.5211936580498646
vn 0.8471603792958876 0.43021508696304106 -0.3118241021804293
vn -0.01112365896424912 -0.25881796169106264 -0.9658620641257896
vn 0.7981630858780323 0.5882986212164069 0.12977064620526335
vn 0.9139361792993315 0.28466397743739186 0.28928719314422574
vn 0.5429743746237418 0.8353783782869828 0.08556747976052122
vn 0.3211554113231822 0.9448560239932018 0.0640803846867027
vn 0.30695377553253367 0.9492042722042974 -0.06921437217394288
vn -0.8325262559878404 0.5365887870478064 0.1377407227563176
vn -0.9519515176445797 0.2604929267449709 0.16103336042578514
vn -0.08754876287191155 0.9959691956945206 0.019508340452420145
vn -0.28182265873445617 0.9573258906561577 0.06405566409956828
vn -0.11509907700009221 0.9929454209027025 -0.028488481568553273
vn -0.08880176251161179 0.9939567177789514 -0.06453131144587945
vn -0.7514315633622297 0 0.659811037785058
vn -0.3594818970144126 0.32455596994449537 -0.8748921008286148
vn -0.05178589076881059 0.10039099387424166 -0.9935994514220622
vn 0.7120030599970091 0.12624296552014702 -0.6907346496387556
vn -0.011123853905641534 0.258821938313292 -0.9658609962732921
vn -0.008144703174404142 -0.7071090901811637 -0.7070575637056489
vn 0.7974293508512561 0.5354969896041293 0.27811760916176975
vn 0.9157801010085119 0.2651561605662899 0.30172672588052835
vn 0.1199405312235246 0.9926699515219715 0.014853831666799386
vn 0.10834704570865868 0.9930376927179396 0.04622833035744338
vn 0.6092329038662074 0.7526028228790858 -0.24984847376195787
vn 0.12358038315638784 0.9922935999028358 -0.009016678478857867
vn -0.5321523939817359 0.8413978819682927 0.09414581137139526
vn -0.9593347755466942 0.22132197867629227 0.17519523447167376
vn -0.07918632765612478 0.9955475616147099 0.05113294510726054
vn -0.07414377505216764 0.9946445249406954 0.07200673320260874
vn -0.09054515236788768 0.9957543190407308 0.016580455192989323
vn -0.6319643137788888 0.7743611355608337 -0.031399647178180855
vn -0.5516329230236878 0.8327906764467276 -0.04648448622652593
vn -0.5752216874443989 0.8034179062375203 -0.1537520023626919
vn -0.07746873112249714 0.9969126848535197 0.012794314222237951
vn -0.0029803323549304627 -0.9659241584840192 -0.25880810975700363
vn 0.011420760993944096 -0.12712294346672298 0.9918212154731695
vn 0.03294757350241242 -0.3187349798467061 0.9472710647024024
vn 0.999933687371511 0 -0.01151611304275539
vn -0.19012187688896884 0.6589649054171263 -0.7277492187263507
vn -0.08551855240476676 0.3268528504239981 -0.9411980617087462
vn -0.011503169942992017 0.047090991015957595 -0.9988243667664489
vn 0.7591539102953301 0.40750091634271907 -0.5075710232698024
vn 0.011162106410370017 -0.24555491593355178 0.9693184155071799
vn -0.008144703174404112 0.7071090901811632 -0.7070575637056492
vn 0.5450460340953791 0.8190072426595968 0.1793096684175817
vn 0.7356528618351423 0.5194441336111776 0.4347328592718729
vn 0.8137183525275675 0.3429989082819329 0.46926984952927
vn 0.2609659005541352 0.9535923128083681 0.1501948724183244
vn 0.3132442306502349 0.9320302776513951 -0.18220212266986902
vn 0.10217952257298414 0.9935429265841351 -0.049313265977713315
vn 0.8057530091475573 0.30337897353655696 0.5086484902814141
vn -0.7905707045791482 0.5360971339462982 0.29596929576527714
vn -0.5395598362003785 0.8201501013738393 0.19033915618154254
vn -0.9070052958679979 0.28473305502096674 0.3102716239778179
vn -0.06270251420075468 0.9969653714878105 0.0461350492258996
vn -0.2734391945769946 0.9474523571498129 0.16602722005848228
vn -0.010080477091077556 0.48376882492651246 -0.8751377651609131
vn -0.011306835319832368 0.1902000980013861 -0.9816802321506294
vn -0.007478282286556885 0.7605310590860401 -0.6492584873989007
vn -0.004082807875494441 0.9350617790332393 -0.3544612814836695
vn -0.001503107723734512 0.9914444352675017 -0.13052077399508394
vn -0.6475292649635064 0.7619550917771154 0.01141442643101613
vn -0.6067915159769462 0.7948532181200733 0.0035238874220119574
vn -0.4442309721951671 0.8791118899272862 -0.17268795074066917
vn -0.119285289215167 0.9918156156338346 -0.04552806125602086
vn -0.001148085561628328 0.9950187542796515 -0.09968129479151941
vn -0.0015893118471266125 0.9904388275502538 -0.13794347744178156
vn -0.001502288936382121 0.991470086245508 -0.1303257887306915
vn -0.0704189537238676 0.9972005544733288 0.025144087068760097
vn -0.2791904149382384 0.6645128316224372 -0.6931633348755145
vn -0.01140619311798039 0.13809597654460706 -0.9903531693394769
vn -0.047940503244922966 0.36573392840027547 -0.9294839437911371
vn 0.010586384664230663 -0.4906099383931324 0.8713149928754974
vn 0.45133188358718296 0.8228729608567571 0.3452240158918258
vn 0.07516528899171768 0.995971104595397 0.048905399924920885
vn 0.07406984744935498 0.9938577713208071 0.0822215791873864
vn 0.09269122632411239 0.9956704012363348 0.0069848882888873375
vn 0.585039490419311 0.6960331574030441 -0.41625309421728274
vn 0.1078964463574942 0.9941318796339988 -0.0077564656124414905
vn 0.7068014564424684 0.38189521237561486 0.5954727096478811
vn 0.7091720279016841 0.33029194204301765 0.6228822263183182
vn -0.9086139844640159 0.26487393072157034 0.3228969310175148
vn -0.058295419403594215 0.9929334876102106 0.10336698340758006
vn -0.06026589515267265 0.9931893613710217 0.09971416319093862
vn -0.1407150288763447 0.9632608261805627 0.22875283909553742
vn -0.011507750007839549 -0.03764199261454811 -0.9992250257483364
vn -0.5135445450267703 0.8568947321574563 0.04475956069990899
vn -0.6444486678463298 0.7632923500516766 0.04550497625183005
vn -0.458100742492923 0.8888965667576968 0.0025696952761345496
vn -0.33794400153963555 0.9409108101228063 -0.021924853874612817
vn -0.4704079112770661 0.7943624584094208 -0.3843236678604234
vn -0.09137017266818154 0.994113623037653 -0.058220237353839195
vn -0.150954632861783 0.8885796641800395 -0.43317303612211683
vn -0.0739535380991732 0.8784375163044371 -0.47209999380587364
vn -0.11744073066943779 0.8621819506448266 -0.49279809127279545
vn -0.6326847512262743 0.7473098485987767 0.20307140555238418
vn -0.5654653164848931 0.8149439582043778 0.126946133611155
vn 0.0029795457225179536 -0.9659245218592697 0.2588067626207414
vn 0.9999199595581097 0.0016050001266964128 -0.01254983872014719
vn -0.15600622401252368 0.8975202073801453 -0.4124554950702621
vn -0.04901401780287676 0.7003398758087405 -0.7121247674467004
vn 0.026373070116378867 0.09952102730205453 -0.9946858932835934
vn 0.05847391974975576 0.007459001336671369 -0.9982610700654208
vn -0.025648700723358227 0.4142009876762778 -0.9098239862518461
vn -0.0029813128098456084 0.9659241066761812 -0.25880829182186404
vn 0.031075126783148152 -0.6386421503207328 0.7688761540905803
vn 0.5893375911608741 0.6101677526938738 0.5295059180190589
vn 0.08508188542783958 0.9961839749235593 0.019456640962446342
vn 0.14581221379777937 0.9633644438413689 0.22509497251071786
vn 0.670713544636242 0.41379094214106465 -0.6155651039845403
vn 0.23698878738259407 0.918366434752018 -0.31692176664879795
vn 0.07202177491921684 0.9932475289420419 -0.0909516915071574
vn 0.09849618025688177 0.9947283134185491 -0.028532174089837818
vn 0.5660952846093436 0.4260940125738216 0.7056769949430164
vn 0.5419892219815905 0.3692957723174094 0.7548962285004995
vn -0.7253244827387961 0.5196018311450203 0.45157317436982386
vn -0.4431549225934537 0.8231021732099356 0.3551288879241889
vn 0.3931598838922557 0.46120817896264465 0.7954321601216467
vn 0.3609066279887894 0.43656186898081795 0.8241117281204875
vn -0.8026636766922047 0.3429589178567192 0.487965370473664
vn -0.029224525092355135 0.9926847990602671 0.11714442730153096
vn -0.03694882703397159 0.9983801617470839 0.04326472940722263
vn -0.1536960256819025 0.9832775900829657 -0.09768680837361314
vn -0.3991119763737376 0.8624177889883843 -0.31136022153036125
vn -0.11425257251355309 0.990463039059406 -0.07700206446090263
vn -0.022555991033182565 0.9963809643166093 -0.08195243264244831
vn -0.2919667210891895 0.8357949868704965 -0.4649754549420584
vn -0.20511052093440865 0.7993302169506398 -0.5648016275398459
vn 0.7514311624743979 0.0000019999996527365006 -0.6598114943363558
vn -0.08624309575835097 0.9568458386997263 -0.27750345835148305
vn -0.12497738889719695 0.8166581293766242 -0.5634271487845716
vn -0.5294523870282255 0.7873097932823933 0.3159485073105258
vn 0.008141563330874593 -0.7071089118737286 0.7070577781873847
vn -0.06045367885289141 0.9175241329377875 -0.39305828853989716
vn 0.5219773106619756 0.05077398242311625 -0.8514468215120591
vn 0.516129841605544 0.08997303441887566 -0.8517715889143614
vn 0.09810812282877426 0.04901098345239951 -0.9939681683716249
vn 0.006048012440074808 0.42029982599233506 -0.9073651292706467
vn -0.009828637012259517 0.5229190921399206 -0.852325654295377
vn -0.014187337622362111 0.7316023340347038 -0.6815839965009174
vn -0.015184451747196284 -0.7887699485891594 0.6145009362301997
vn 0.2687306228341253 0.8731180791931231 0.4067538225232732
vn 0.06275003196886894 0.993195731872447 0.09810541105494747
vn 0.06375919585823914 0.9969646476184212 0.04467948458283592
vn 0.09090996206744571 0.9957536885775847 0.014490358209168346
vn 0.07774941860394391 0.9969121687642847 0.011007073927218239
vn 0.44119799448394376 0.6550561009267937 -0.6133888116863007
vn 0.025251291653377576 0.995654458680193 -0.0896357695347564
vn 0.05488984440665482 0.9947094947497264 -0.08683389911640259
vn 0.5502959659470816 0.8328707405732977 -0.059166539186054135
vn 0.6310684978797534 0.7743652766230725 -0.04594528642052671
vn 0.5715204427855985 0.8034241170022611 -0.16695529850019972
vn 0.502756022050505 0.6223250982169107 0.5999565437773511
vn 0.2326212194254294 0.5115979924178623 0.8271365440040956
vn 0.19569508577175063 0.49259324334555593 0.8479713025893584
vn -0.7938927351774293 0.303240952412098 0.5270476731878282
vn -0.026806031999438956 0.9869286199486655 0.15891298176885196
vn -0.055114753065981785 0.9965625357519491 0.0618504351651703
vn -0.07356740799472906 0.9714421170777253 0.22558379739796053
vn -0.04283179035465067 0.9988004840063469 0.023728271822924384
vn -0.583478662148359 0.71617064978476 0.3829520220659967
vn -0.2593194410114838 0.8730759034264605 0.4129066412272409
vn -0.03374337932370963 -0.3054909911215159 -0.9515968887587907
vn -0.33037733833605004 0.9430479076147877 0.03887747750765024
vn -0.44110487939093845 0.8910390183491667 0.10712587529098218
vn -0.15509221610275198 0.9878993140502782 0.001161810366271838
vn -0.24139377440626222 0.9294148554992364 -0.2791362965564168
vn -0.31768464126648216 0.7823883187505425 -0.535672462784943
vn -0.012162814298009113 0.933208682454336 -0.3591289753559221
vn -0.080606529055155 0.8328283795682828 -0.5476307858944276
vn -0.4059586648788388 0.8940771842527864 0.18927110452575688
vn 0.011122482755696978 -0.258814969884162 0.9658628793680859
vn -0.02219390724221475 0.9910843287759277 -0.1313745931909699
vn -0.038466496120897226 0.9541592117670731 -0.2968173298111463
vn 0.3959816626934616 0.06124697180575887 -0.9162135838630346
vn 0.4000914081200325 0.05573101294439272 -0.9147791642493402
vn 0.17917072123293515 -0.00770699660253356 -0.9837878098737747
vn 0.035828852671525524 0.3718449174383522 -0.9276031752271588
vn -0.0006018321726463692 0.8177627767536543 -0.575555104880661
vn -0.02099725259716833 0.9098090943117252 -0.4144955093738035
vn 0.0029805261768322644 0.9659244700524464 0.2588069446858214
vn 0.02771847454758412 -0.9029882204727278 0.4287702879820982
vn 0.0606840443424272 0.9929339320947402 0.10197869021086886
vn 0.07098440528654294 0.9972002108300851 0.023514968138386244
vn 0.0787585922121135 0.9714555093976054 0.2237661221315794
vn 0.6476177366026765 0.761957351185462 -0.003501744145512113
vn 0.6067064175809811 0.7948572709593387 -0.01045187395277167
vn 0.5447212388586953 0.3348919755887199 -0.768847277827354
vn 0.20820035720308655 0.8793182236088939 -0.42831305477396586
vn 0.018890754925040942 0.9920939428911059 -0.12406751330280279
vn 0.14066082170563385 0.9895336393937221 -0.03221350253094356
vn 0.4400746169104984 0.8791572396033489 -0.182802843533951
vn 0.31117274444070514 0.6978062581098602 0.6451650558267666
vn -0.5769522790497097 0.6102541565332625 0.5428774559080731
vn 0.1386668699406041 0.7174416147691111 0.6826778365952465
vn 0.11848759375396277 0.5524662130760392 0.8250707688046016
vn 0.11685321315262476 0.4536168811571559 0.8835027174294157
vn 0.07673350186551497 0.5334820769225197 0.8423234790114127
vn 0.0959365795626794 0.3316449298348849 0.9385136190895835
vn -0.6928999496415381 0.3818888837436853 0.6115967137417891
vn -0.02419729425724593 0.9847010747260133 0.17256385596080828
vn -0.048142806190510944 0.9937659580670525 0.10055590882278423
vn -0.3898275708295019 0.7969117123734967 0.46148259740006525
vn -0.01119517046199641 -0.23369394790296494 -0.9722457543604154
vn 0.01112170218755069 0.25881806530317114 0.9658620588951483
vn -0.31587487147097465 0.9428718374017656 0.1059045032461491
vn -0.2043191072536718 0.9782907477824927 0.03465422361320719
vn -0.04743024037131012 0.9988260790406068 -0.009840534878122037
vn -0.02640686672155955 0.9950052449379837 -0.09626650474517454
vn -0.03935110630590226 0.9912970558764427 -0.12562498733611244
vn -0.023864174077503648 0.9925055986953298 -0.11984630888777274
vn -0.01118444345840632 0.8830551214315672 -0.46913597254741185
vn -0.009737486007279689 0.8499560767391376 -0.526763560794092
vn -0.00986330842914968 0.9956168248381605 -0.0930045872310124
vn -0.29156025565079213 0.9186939586675004 0.26644704470622627
vn 0.2736503882329173 0.06918403186388893 -0.9593378105521694
vn 0.29794533106487425 0.41214603429755764 -0.8610251019043746
vn 0.42506798956037595 0.3047130488360592 -0.8523304301267985
vn 0.2230117529088945 0.1965710411185377 -0.9547908587005199
vn 0.06681938755622542 0.3482498496525623 -0.9350172253298753
vn -0.01558944023267785 0.7890257781338725 -0.6141622674777969
vn -0.002413780821265534 0.7333801186444115 -0.6798145153196243
vn 0.02707427928929472 0.9504855329096626 -0.30958720117343325
vn -0.010749380502591412 -0.47603801642712035 -0.8793590038971245
vn -0.031929137356422416 -0.6280861584875129 -0.7774884614604087
vn 0.004053563674280756 -0.9663962877136129 0.25702486983731115
vn -0.007510926266083064 -0.7591291431998578 -0.6508967121834885
vn 0.037935627746788825 0.9983801101288201 0.04240334711578985
vn 0.03108782505743571 0.9926523574214208 0.11693949050211502
vn 0.514438156913272 0.8568953468366024 0.032920317153010165
vn 0.6453249125146844 0.7632930413880397 0.030651105306519336
vn 0.6371926502200618 0.7473108007217547 0.1884465272435225
vn 0.568238410555491 0.8149442893456138 0.11388992067931993
vn 0.36722602279510014 0.6562957325017893 -0.6591061824031332
vn 0.7664280052510971 0.0000019999992408777744 0.6423302209633486
vn 0.3071546839905112 0.9475282454055836 0.08857891544439664
vn 0.0968923020987925 0.9937940559525945 -0.05463749763017881
vn 0.46135345039774284 0.7941712820952485 -0.3955312484511009
vn 0.33728557510483337 0.9409349577619011 -0.0296621996455272
vn 0.7223150412983859 0.6111630598521182 0.32363667188115003
vn 0.7189264245695817 0.622573929061129 0.30910596711966876
vn -0.6946486028063701 0.3301110634034479 0.6391322276632613
vn -0.017740676716146056 0.9629307878110023 0.2691645709883371
vn 0.0011461352383337054 0.9862330940654377 0.1653571000717206
vn -0.024403231604196617 0.9495034066942347 0.3128062706585571
vn -0.018075355040630074 0.9934965426047289 0.11241842096651893
vn -0.10056318699460713 0.8531541822985926 0.5118739948931842
vn -0.08911924995643723 0.8910912528645553 0.44498779573768016
vn -0.19713181922648493 0.8387097544635619 0.5076465242825251
vn -0.19817052734543592 0.8936951677510673 0.4025386804147194
vn -0.11155150037579807 0.8837878847218091 0.4543954638669476
vn -0.48882164469710826 0.6224528400212379 0.6112330665344518
vn 0.008141563330874622 0.7071089118737292 0.7070577781873842
vn -0.22014087218467066 0.9705232557940546 0.09809488445724673
vn -0.01706681971814104 0.9980496272160584 -0.06004719209584807
vn -0.07539646783532553 0.9966085084234485 0.03296746238256917
vn -0.01501839862793945 0.9925212931536137 -0.12114425425636441
vn -0.001586090548116129 0.9905061176760958 -0.13745950372019203
vn 0.03426115630582605 0.8837035772747508 -0.4667913459784751
vn -0.0009645869800378718 0.9959523747425887 -0.08987734317699879
vn 0.004801381777920098 0.9890022054864931 -0.14782281378689557
vn 0.31567705555111275 0.02092599969807929 -0.9486359149511552
vn 0.00003480502992128523 -0.9999960905171501 0.0027960220001631737
vn 0.15176305095248735 0.6503537282117053 -0.7443171397776137
vn 0.036173364569072115 0.720316974641241 -0.6927011936899219
vn -0.030193189524085427 0.9423403165222709 -0.33329131276267776
vn -0.0033479369592388742 0.9577541671659482 -0.28756868152561105
vn -0.027948424601244595 -0.8645037409445768 -0.5018487495801304
vn 0.024087350891902694 -0.9970097256962415 0.07342619691987173
vn -0.005040734215480406 -0.8991631581803472 -0.437584512945457
vn 0.1219893604245815 0.883791783295607 0.4516975533721345
vn 0.0295757353620873 0.986142699180174 0.163241700344712
vn 0.5365878740495359 0.7873101649474017 0.3036711339483794
vn 0.5921427325959909 0.7161709442038402 0.36941326845679606
vn 0.043366613209005096 0.9988004798413448 0.022736277784192155
vn 0.056524717668170764 0.9965623312688344 0.0605679468742293
vn 0.45793706535919354 0.8889486444299473 -0.00799698295414306
vn 0.29549150391315776 0.8409243680033 -0.45335524526952453
vn 0.28690771103566637 0.7847208263055953 -0.5494517177246223
vn 0.3917987484332577 0.8624478603658217 -0.32043318941169174
vn 0.15146313038828582 0.9832639260541307 -0.10124708318562982
vn 0.07224129039637123 0.6977746061499571 0.7126652755495664
vn 0.02957773542733101 0.9995173294979385 0.009500821032944752
vn 0.5028157211127184 0.7870520698630736 0.35738689109443894
vn -0.5752380816339502 0.4072811677850101 0.7093822663457069
vn -0.017435324237243637 0.9580317777433597 0.2861313025564317
vn 0.0014810112029639898 0.9916914450022977 0.1286308070217676
vn -0.03141772516300425 0.8809398491985272 0.4721841893156293
vn -0.2697987572835897 0.7308891338674736 0.626904860854249
vn -0.13415446331108002 0.9856002880372912 0.10293032689409348
vn -0.00048341850071172723 0.999125367097211 -0.04181228443192595
vn 0.00017028825541398832 0.999886726106066 0.015050114909956292
vn -0.0014719791050091904 0.9916988436988534 -0.12857385692228246
vn 0.0062421529971663095 0.9461350211432795 -0.3237121519068539
vn 0.3385940921795285 0.33021493918200845 -0.8810857703323459
vn 0.011445986813412417 0.9098181547964738 -0.41484926731116034
vn 0.010033087238400858 0.9867553932985762 -0.16190469714198838
vn -0.0026046016788742517 -0.9740846780933156 -0.2261686449398683
vn -0.000010350072114332646 -0.999999615356222 -0.0008770292379410542
vn 0.03160372118985463 0.9495063889008055 0.31215192173604567
vn 0.4003459158999895 0.7969162855028812 0.4523799083983383
vn 0.02177140983220667 0.9854736711494617 0.1684269847296465
vn 0.05044652696922727 0.9937657628100035 0.09942211315092199
vn 0.4434536940822408 0.8910397313248305 0.09693821952866993
vn 0.3311651568712183 0.943054968160107 0.03125645378158982
vn 0.4102087412189815 0.894077721886439 0.17987166495558501
vn 0.6249449989847358 0.6415783115845075 0.44477074808078515
vn -0.2213034568286004 0.9035432311394894 -0.3669256184265731
vn 0.003598148902586325 0.9870126529239708 -0.1606022300357632
vn 0.17397609371970818 0.8545540422269343 -0.4893564219744523
vn 0.21652456092744524 0.9298768541678892 -0.29739897544881866
vn 0.1551610177533812 0.9878862300723085 -0.0024197113994981144
vn 0.04377057934954196 0.8668048564038192 0.49672273684436846
vn 0.031215687186408412 0.6136068997185395 0.7889943938275369
vn 0.014514125400321518 0.5834201139927172 0.8120408307176362
vn 0.020650163496115183 0.9989734928832226 0.04031787772536445
vn 0.15764325673503157 0.8292711096292334 0.5361511264002651
vn 0.1753936006658477 0.8436218069553095 0.5074833314257009
vn -0.5245583108835611 0.3691581600005646 0.7671771838291224
vn -0.03293960921458038 0.8747522429322904 0.4834495792010974
vn 0.017744866041188207 0.9595298802386842 0.2810472000542193
vn 0.005079199176730449 0.8968721610567297 0.44226070191365024
vn -0.013970386493981569 0.9207314935379702 0.3899465926361547
vn -0.06289625012602842 0.9587695194561932 0.27713727696184165
vn -0.1476118830040001 0.9657224855124487 0.21352005285610015
vn -0.12288122973490125 0.7174668478471806 0.6856686704371645
vn 0.000557520130900751 0.9988265197518394 0.04842801474076709
vn -0.04333269450643241 0.9964464326372059 0.07222731111842792
vn 0.02127006729253569 0.9924784722943166 -0.12055731528907879
vn 0.07841324840250574 0.9568261855257447 -0.2798839280259227
vn 0.08714912637587727 0.8232089756223129 -0.5610098147330258
vn 0.01738179788897144 0.995339644742442 -0.09485180391608905
vn 0.011422721882866032 -0.127119939689611 0.9918215778849017
vn 0.01116406863647994 -0.24555293787339524 0.9693188940040447
vn -0.01112542943617188 -0.2588110824041681 -0.9658638871210806
vn 0.041133181416719636 0.9367782569817305 -0.34749756636962226
vn 0.03582164129494725 0.9460347064743302 -0.3220794066080044
vn -0.013836737569427406 0.9867646985779672 -0.1615672440000386
vn 0.024379837771203818 0.9510700253379324 0.3080120621241225
vn 0.2976139159680939 0.9186947667089773 0.2596649430394371
vn 0.20877713920210098 0.8387090760595941 0.5029703687910934
vn 0.20739065985304106 0.8936922624698596 0.3978734148032808
vn 0.11232847438204958 0.853142642895893 0.5094408157142613
vn 0.0993686373327315 0.8910672687165238 0.4428600191219691
vn 0.0206598598603841 0.993496471646666 0.11197290304432946
vn 0.3182294832134066 0.9428720947110352 0.09860126281621724
vn -0.007476908096456233 0.7605339778026752 -0.6492550842719349
vn -0.004082023782600492 0.9350641133293099 -0.3544551326268389
vn -0.013342963583349842 0.994238229292241 -0.10635933779712246
vn 0.004440267134096198 0.9962879633321203 -0.08596847182143898
vn 0.09467878075026884 0.9944162895730713 -0.04660656077601318
vn 0.20508542410991537 0.9782860939369918 0.02993805650270879
vn 0.047191499121322096 0.9988261166768808 -0.010924790838471319
vn 0.03428279545315177 0.7778427733479277 0.6275231548606967
vn 0.009369890501503865 0.5812562903625837 0.8136665963808011
vn -0.018433511173897438 0.994614818573322 0.10198807940224842
vn 0.0021362222049260073 0.9805140019056291 0.19643759472590624
vn 0.039195546784737766 0.8446336344219486 0.5339079815056292
vn 0.009073116361983408 0.8094493494061722 0.5871196039184917
vn -0.37468270563380207 0.4610678604172594 0.8043813139234303
vn -0.02353051708387255 0.8705571664618635 0.49150435876770915
vn 0.0025944770364937503 0.9346532942859173 0.355550964236338
vn 0.007225627597548217 0.9309932413479264 0.3649648953944798
vn 0.015697657928189383 0.9980532186131019 -0.06036022159996891
vn 0.0761314033913886 0.9966087554516752 0.031224957561549204
vn -0.05096057555925847 0.9849174707325534 0.16534991861037895
vn 0.1199473898927937 0.8788304089339457 -0.46181136407726064
vn 0.008662861376214522 0.9952281814330997 -0.09718961731657197
vn 0.01742579385900276 0.9925625552874096 -0.12048201338669458
vn 0.25932562393056413 0.6744657099986919 -0.6912642235852975
vn -0.011123353301394995 -0.31873384449170716 0.9477789865716947
vn -0.008142934394401502 -0.70711078654556 -0.7070558875862418
vn 0.14353330761324662 0.9010528700384506 -0.4092699781331047
vn 0.0037315851219612995 0.9898516525774735 -0.14205555660417535
vn 0.04231670260738665 0.8808748090571927 0.47145399292920637
vn 0.22234035230855556 0.9705234899019414 0.09299958754673933
vn -0.010370837473219867 0.43450215092760675 -0.9006110850802289
vn 0.1369120646312719 0.9176699956075726 -0.373010543711569
vn -0.521337003372613 0.6730957078640736 -0.5245473257671092
vn 0.03177537544783564 0.8950008096490105 0.4449313163205806
vn 0.008386239583551232 0.6854038493174074 0.7281148496813725
vn 0.00867409471520668 0.9995496428779687 0.028727539111395757
vn 0.029026333034864956 0.9945193444766975 0.10044274713581255
vn 0.021938521138031145 0.7454162201840574 0.6662382156382122
vn -0.3417827885800463 0.43638694942231937 0.8323166199255723
vn -0.019822978708635666 0.777835031381755 0.6281558034997855
vn 0.005850253264631482 0.8701550256721842 0.4927433468187878
vn 0.022928854073772532 0.9210308840155091 0.38881406654141687
vn -0.0661615539436767 0.7249931101953363 0.6855710312936587
vn -0.0019849057822702533 0.9564782940095168 0.29179673273989853
vn -0.21345479588031888 0.5115719334700747 0.8323047560848016
vn 0.0033776020133486546 0.9885311029762788 0.15097963522654598
vn 0.0449744988493593 0.9964465398699912 0.07121508010506804
vn 0.1384784753672207 0.799830644754498 -0.584033091161429
vn 0.009395693468068544 0.9957299851208069 -0.09183418576745644
vn 0.048779589007545726 0.9923968313436614 -0.11300035767782042
vn 0.00948245209242329 -0.4906090826318226 0.8713281879644871
vn -0.008142744962135007 0.707099198677225 -0.7070674783459552
vn -0.0029805261768322644 -0.9659244700524464 -0.2588069446858214
vn -0.004769809784593531 0.9914383842141742 -0.13048823403436038
vn 0.023902747137794573 0.9917349898074437 -0.1260570056398939
vn 0.15248199911173846 0.9657229885262453 0.2100674876767592
vn 0.1166338865415392 0.9557505662494294 0.27006923487156037
vn 0.0029813128098456084 -0.9659241066761812 0.25880829182186404
vn -0.7664280052522469 9.999996198848735e-7 -0.6423302209643121
vn 0.13647607238308118 0.9856018792411083 0.09981591708381812
vn -0.013038416429655558 0.6136041167145707 0.7895061669473761
vn -0.00800985837435116 0.9995496626380521 0.028919095576782326
vn -0.006588876044865219 0.7454162237546033 0.6665667559036322
vn -0.7116149899957531 0.622577078463083 0.3255793104386646
vn -0.05061181441193459 0.6838101207670325 0.7279025779446782
vn -0.09946704296581242 0.5524519152052673 0.8275887799805346
vn 0.02051544525912858 0.9587278477070522 0.28358425650381747
vn -0.01336157378814841 -0.6386421402518963 0.7693878638504646
vn -0.011466756512369159 0.09125603743063297 -0.9957614418762885
vn 0.00814430545736927 -0.707112661210384 0.7070539969794285
vn 0.004191567282329185 0.5834338150267143 0.8121498717891246
vn -0.026705665368022484 0.994519426663346 0.101083714941926
vn 0.00445144991172233 0.8094471058554522 0.5871759254396554
vn -0.16365800294977817 0.8436193809912529 0.5113926066012549
vn -0.7146690000042867 0.6111619712741658 0.34019004291887905
vn -0.49444982221991984 0.7870540974620956 0.36887019529207826
vn -0.17613739568205106 0.49254819805637945 0.8522745393555754
vn -0.07429656478405053 0.3316449547135532 0.9404741593868141
vn -0.05260094223449403 0.5798327832837692 0.8130357214203083
vn 0.06133881498639976 0.9879027230528712 0.14242808557579534
vn 0.02933030052676375 -0.7887712473153193 0.6139866878684304
vn -0.002981113740849907 0.9659279540595017 -0.2587939344870537
vn 0.020778059524086092 0.994614786816776 0.10153668345889967
vn -0.026888179126927113 0.8446317824228811 0.5346720283915977
vn -0.14525564083997428 0.82927238186841 0.5396370219642666
vn 0.13618688946470797 0.9882685719780093 -0.06912568826763006
vn -0.10690456444198652 0.5114141395204449 0.8526587781756733
vn -0.017839807020300566 -0.9029898944851853 0.4292912667911055
vn -0.007655923571838535 -0.7469342720073688 -0.6648538035802187
vn -0.010022771917633755 -0.4923608884768251 -0.8703334415851194
vn 0.01615495963331956 -0.8047557035131656 -0.5933862780198712
vn 0.0029811137408499483 0.9659279540595017 0.2587939344870534
vn 0.01112170218755068 -0.2588180653031703 0.9658620588951485
vn -0.011295694642746962 -0.19465598293061798 -0.9808065332122603
vn -0.028892249521354763 0.9992188298515332 0.026962343884170945
vn 0.0023882294347459636 0.9805145853478234 0.1964317802198843
vn 0.0018647141851885415 -0.966397014193473 0.2570473376616609
vn 0.017646989246606418 -0.8990564319333357 -0.43747698907465876
vn -0.022390101354445188 -0.9970094939215989 0.07396453468747718
vn 0.019380626424955496 -0.9542367923747959 -0.29842341630246993
vn 0.008144899311115051 0.7071050299830218 0.7070616219170162
vn -0.0026036207690519394 -0.9740858982479665 -0.2261634010916515
vn -0.000010349188223485614 -0.9999996198152168 -0.0008719302243533186
vn 0.9587043503520616 -0.1076689654704604 0.26323632441316364
vn 0.8724843707401686 -0.11559000246200897 0.474773603041455
vn 0.9369715140236734 -0.17398993170148339 0.30300476163700546
vn 0.8459240314804835 -0.1800120558654898 0.502004175985505
vn 0 1 0
vn 0.9787860797895607 -0.16472401818083782 0.12183516669887538
vn 0.853998337153567 -0.43041987803516435 0.29227652784843466
vn 0.9104779074957003 -0.3898639655108806 0.13797125917517017
vn 0.9886512957461878 -0.11596904047662313 0.09549762861095244
vn 0.7706261444052565 -0.40752206168784133 0.4899603196145377
vn -0.9883138973425836 -0.14302803879857778 0.05271262123007673
vn -0.9870307161720435 -0.15904697029432308 0.02178133542966638
vn -0.9838472911557029 -0.1767349861302807 0.02844736126804566
vn 0.8937492800289448 -0.4476750944124488 0.028270732048315733
vn 0.9832917395480981 -0.17921898178409387 0.03190472542975167
vn 0.6148279288760912 -0.7526008008313739 0.2357512512414533
vn 0.7277153392211927 -0.12622702519510567 0.67416401800495
vn 0.6553910059494944 -0.7506641578553056 0.08346227550153872
vn -0.9781080521062112 -0.20807208699194077 -0.0032626706563059576
vn -0.9822948815642015 -0.17922703229232312 0.054538395176772905
vn 0.989286078662035 -0.14289001393977874 0.02992488064777571
vn 0.5944623457749687 -0.6960430288349749 0.4026644030280745
vn 0.6847090865715938 -0.4138000735794525 0.5999524696773348
vn 0.5414032625767741 -0.05073899874672093 0.8392306365221689
vn 0.5266939326947632 -0.08870904319940687 0.8454136306667702
vn -0.9853139314637819 -0.16974201658786975 -0.018550047656788006
vn -0.9046348877100847 -0.42575317330478035 0.019234223630599956
vn -0.98618008272099 -0.116067997999336 0.11822463484759684
vn 0.9842489208420099 -0.17669404503525374 0.005768558781772526
vn 0.6297126619115905 -0.7768272580022421 0.0011724559423136741
vn 0.9049071243142878 -0.4256061308072978 -0.0015867528123497006
vn 0.31735839921540204 -0.9320290035132832 0.17494451422515006
vn 0.3084961757482165 -0.9491940439282267 0.06213514721882545
vn 0.41970192109257354 -0.05792701550607891 0.9058116571924661
vn -0.9723314394026416 -0.22954102577504856 -0.04338766455256322
vn -0.8712261975476969 -0.49056875951810214 -0.017527261379120373
vn -0.8928957385199336 -0.4476068915354635 0.048839234053186464
vn -0.9757040255136258 -0.1647719481007167 0.14440173030680897
vn 0.9872740861763808 -0.1590250505182908 -0.00095502473634818
vn 0.31752783115160493 -0.9482483941580176 0.0010292817390799127
vn 0.4875889235128214 -0.6267510320391999 0.6078159141593826
vn 0.2523834984917529 -0.9063558867775764 0.33885332548566854
vn 0.5365750513215733 -0.28044911300685227 0.7958866183778446
vn -0.010482629689727557 0.9930134755195119 0.11753447116249743
vn -0.9523247619600642 -0.10806399253402105 0.2853063638885644
vn 0.4340016660499554 -0.08597000836084116 0.8968008204324412
vn -0.9777268145878335 -0.2018510892357623 -0.0575014244194407
vn -0.6227593950883197 -0.7823897238696786 -0.006087348549089349
vn -0.6275569314123464 -0.7784171598413636 0.015460371949746095
vn 0.9846383402021228 -0.1696700160380589 -0.04122407866348587
vn 0.9737759959422551 -0.22537096530572 -0.0311165185044354
vn 0.35834090333244484 -0.9333171084337211 -0.022604692074983695
vn 0.6721922682508717 -0.7400112159434443 -0.023258434634619872
vn 0.10287927643322925 -0.9936368229329404 0.045844504494081645
vn 0.0757985948810257 -0.9934549365589633 0.08545093352730859
vn 0.12371368443779059 -0.9923036377040543 0.005330561145689821
vn 0.016193163109159896 0.9926832689784878 -0.11965662939721995
vn -0.9297709343805713 -0.17398399424452252 0.3244311626952643
vn -0.9568744983402532 -0.2602560309203703 -0.12906584674368327
vn -0.8518106771221071 -0.5212038461521139 -0.0525844187665999
vn -0.5973006461033337 -0.8012227509183135 -0.035693718991305204
vn -0.6532836117839385 -0.7506739848705413 0.09853471983577605
vn -0.9071008695141195 -0.38974412416119514 0.15895763652165784
vn 0.9682491763510191 -0.24012213779412825 -0.06953338361356307
vn 0.8784511880265222 -0.4766248603198623 -0.03394484909177963
vn 0.12341467182869278 -0.9923194086779017 -0.008426739497307208
vn 0.45152968252038245 -0.3493478323700239 0.8210219472227329
vn 0.3374698841814582 -0.7118730285012607 0.6159146601299538
vn 0.028977319697765576 -0.9927770452299304 0.11642187684306664
vn 0.3040915060715904 -0.008329002449172224 0.9526064159207168
vn -0.8613659542447114 -0.11585797191718945 0.4945964245840574
vn -0.9630712271350513 -0.22144093340718546 -0.15315914754379148
vn -0.3108254304208467 -0.9502386985016619 -0.02083189078223903
vn -0.3604521701213327 -0.9327718485980824 -0.0033032586543851176
vn -0.32758175421323055 -0.9447851104557786 0.008443303124079933
vn 0.8394023990464051 -0.5398071432834581 -0.06333924956369272
vn 0.9761561182419143 -0.20178607071493185 -0.08001008989063028
vn 0.105825030751023 -0.9941286962733501 -0.022565418506962365
vn 0.5812417567039772 -0.8118562224238738 -0.055204115564985466
vn 0.14107330054430556 -0.9389170440403742 0.3138998379802413
vn 0.10803890826580172 -0.9941327036356643 0.005268952721164814
vn 0.031101429256454968 -0.9962088590215133 0.0812441401287527
vn 0.09368877529990897 -0.9955573661710445 -0.009377848653938408
vn -0.000029706010027571424 0.9999960906791496 -0.0027960228845535437
vn 0.2455223620832466 -0.19396796036459052 0.9497869235091961
vn 0.33872968821169674 -0.013015004986192073 0.940793711697318
vn 0.20275779907732286 0.007901003133400654 0.9791970430218864
vn 0.127015808758838 -0.038399997440370995 0.9911571139440598
vn 0.08143588529639237 -0.007429003317871174 0.996650894995683
vn -0.8342631361462961 -0.17989494288597307 0.5211936580498646
vn -0.8471603792958876 -0.43021508696304106 0.3118241021804293
vn 0.01112365896424912 0.25881796169106264 0.9658620641257896
vn -0.7981630858780323 -0.5882986212164069 -0.12977064620526335
vn -0.9139361792993315 -0.28466397743739186 -0.28928719314422574
vn -0.5429743746237418 -0.8353783782869828 -0.08556747976052122
vn -0.3211554113231822 -0.9448560239932018 -0.0640803846867027
vn -0.30695377553253367 -0.9492042722042974 0.06921437217394288
vn 0.8325262559878404 -0.5365887870478064 -0.1377407227563176
vn 0.9519515176445797 -0.2604929267449709 -0.16103336042578514
vn 0.08754876287191155 -0.9959691956945206 -0.019508340452420145
vn 0.28182265873445617 -0.9573258906561577 -0.06405566409956828
vn 0.11509907700009221 -0.9929454209027025 0.028488481568553273
vn 0.08880176251161179 -0.9939567177789514 0.06453131144587945
vn 0.7514315633622297 0 -0.659811037785058
vn 0.3594818970144126 -0.32455596994449537 0.8748921008286148
vn 0.05178589076881059 -0.10039099387424166 0.9935994514220622
vn -0.7120030599970091 -0.12624296552014702 0.6907346496387556
vn 0.011123853905641534 -0.258821938313292 0.9658609962732921
vn 0.008144703174404142 0.7071090901811637 0.7070575637056489
vn -0.7974293508512561 -0.5354969896041293 -0.27811760916176975
vn -0.9157801010085119 -0.2651561605662899 -0.30172672588052835
vn -0.1199405312235246 -0.9926699515219715 -0.014853831666799386
vn -0.10834704570865868 -0.9930376927179396 -0.04622833035744338
vn -0.6092329038662074 -0.7526028228790858 0.24984847376195787
vn -0.12358038315638784 -0.9922935999028358 0.009016678478857867
vn 0.5321523939817359 -0.8413978819682927 -0.09414581137139526
vn 0.9593347755466942 -0.22132197867629227 -0.17519523447167376
vn 0.07918632765612478 -0.9955475616147099 -0.05113294510726054
vn 0.07414377505216764 -0.9946445249406954 -0.07200673320260874
vn 0.09054515236788768 -0.9957543190407308 -0.016580455192989323
vn 0.5752216874443989 -0.8034179062375203 0.1537520023626919
vn 0.5516329230236878 -0.8327906764467276 0.04648448622652593
vn 0.6319643137788888 -0.7743611355608337 0.031399647178180855
vn 0.07746873112249714 -0.9969126848535197 -0.012794314222237951
vn 0.0029803323549304627 0.9659241584840192 0.25880810975700363
vn -0.011420760993944096 0.12712294346672298 -0.9918212154731695
vn -0.03294757350241242 0.3187349798467061 -0.9472710647024024
vn 0.19012187688896884 -0.6589649054171263 0.7277492187263507
vn 0.08551855240476676 -0.3268528504239981 0.9411980617087462
vn 0.011503169942992017 -0.047090991015957595 0.9988243667664489
vn -0.7591539102953301 -0.40750091634271907 0.5075710232698024
vn -0.011162106410370017 0.24555491593355178 -0.9693184155071799
vn 0.008144703174404112 -0.7071090901811632 0.7070575637056492
vn -0.5450460340953791 -0.8190072426595968 -0.1793096684175817
vn -0.7356528618351423 -0.5194441336111776 -0.4347328592718729
vn -0.8137183525275675 -0.3429989082819329 -0.46926984952927
vn -0.2609659005541352 -0.9535923128083681 -0.1501948724183244
vn -0.3132442306502349 -0.9320302776513951 0.18220212266986902
vn -0.10217952257298414 -0.9935429265841351 0.049313265977713315
vn -0.8057530091475573 -0.30337897353655696 -0.5086484902814141
vn 0.7905707045791482 -0.5360971339462982 -0.29596929576527714
vn 0.5395598362003785 -0.8201501013738393 -0.19033915618154254
vn 0.9070052958679979 -0.28473305502096674 -0.3102716239778179
vn 0.06270251420075468 -0.9969653714878105 -0.0461350492258996
vn 0.2734391945769946 -0.9474523571498129 -0.16602722005848228
vn 0.011306835319832368 -0.1902000980013861 0.9816802321506294
vn 0.010080477091077556 -0.48376882492651246 0.8751377651609131
vn 0.007478282286556885 -0.7605310590860401 0.6492584873989007
vn 0.004082807875494441 -0.9350617790332393 0.3544612814836695
vn 0.001503107723734512 -0.9914444352675017 0.13052077399508394
vn 0.6067915159769462 -0.7948532181200733 -0.0035238874220119574
vn 0.6475292649635064 -0.7619550917771154 -0.01141442643101613
vn 0.4442309721951671 -0.8791118899272862 0.17268795074066917
vn 0.119285289215167 -0.9918156156338346 0.04552806125602086
vn 0.001148085561628328 -0.9950187542796515 0.09968129479151941
vn 0.0015893118471266125 -0.9904388275502538 0.13794347744178156
vn 0.001502288936382121 -0.991470086245508 0.1303257887306915
vn 0.0704189537238676 -0.9972005544733288 -0.025144087068760097
vn 0.2791904149382384 -0.6645128316224372 0.6931633348755145
vn 0.01140619311798039 -0.13809597654460706 0.9903531693394769
vn 0.047940503244922966 -0.36573392840027547 0.9294839437911371
vn -0.010586384664230663 0.4906099383931324 -0.8713149928754974
vn -0.45133188358718296 -0.8228729608567571 -0.3452240158918258
vn -0.07516528899171768 -0.995971104595397 -0.048905399924920885
vn -0.07406984744935498 -0.9938577713208071 -0.0822215791873864
vn -0.09269122632411239 -0.9956704012363348 -0.0069848882888873375
vn -0.585039490419311 -0.6960331574030441 0.41625309421728274
vn -0.1078964463574942 -0.9941318796339988 0.0077564656124414905
vn -0.7068014564424684 -0.38189521237561486 -0.5954727096478811
vn -0.7091720279016841 -0.33029194204301765 -0.6228822263183182
vn 0.9086139844640159 -0.26487393072157034 -0.3228969310175148
vn 0.058295419403594215 -0.9929334876102106 -0.10336698340758006
vn 0.06026589515267265 -0.9931893613710217 -0.09971416319093862
vn 0.1407150288763447 -0.9632608261805627 -0.22875283909553742
vn 0.011507750007839549 0.03764199261454811 0.9992250257483364
vn 0.5135445450267703 -0.8568947321574563 -0.04475956069990899
vn 0.6444486678463298 -0.7632923500516766 -0.04550497625183005
vn 0.458100742492923 -0.8888965667576968 -0.0025696952761345496
vn 0.33794400153963555 -0.9409108101228063 0.021924853874612817
vn 0.4704079112770661 -0.7943624584094208 0.3843236678604234
vn 0.09137017266818154 -0.994113623037653 0.058220237353839195
vn 0.11744073066943779 -0.8621819506448266 0.49279809127279545
vn 0.0739535380991732 -0.8784375163044371 0.47209999380587364
vn 0.150954632861783 -0.8885796641800395 0.43317303612211683
vn 0.5654653164848931 -0.8149439582043778 -0.126946133611155
vn 0.6326847512262743 -0.7473098485987767 -0.20307140555238418
vn -0.0029795457225179536 0.9659245218592697 -0.2588067626207414
vn -0.9999199595581097 -0.0016050001266964128 0.01254983872014719
vn 0.15600622401252368 -0.8975202073801453 0.4124554950702621
vn 0.04901401780287676 -0.7003398758087405 0.7121247674467004
vn -0.05847391974975576 -0.007459001336671369 0.9982610700654208
vn -0.026373070116378867 -0.09952102730205453 0.9946858932835934
vn 0.025648700723358227 -0.4142009876762778 0.9098239862518461
vn -0.031075126783148152 0.6386421503207328 -0.7688761540905803
vn -0.5893375911608741 -0.6101677526938738 -0.5295059180190589
vn -0.08508188542783958 -0.9961839749235593 -0.019456640962446342
vn -0.14581221379777937 -0.9633644438413689 -0.22509497251071786
vn -0.670713544636242 -0.41379094214106465 0.6155651039845403
vn -0.23698878738259407 -0.918366434752018 0.31692176664879795
vn -0.07202177491921684 -0.9932475289420419 0.0909516915071574
vn -0.09849618025688177 -0.9947283134185491 0.028532174089837818
vn -0.5660952846093436 -0.4260940125738216 -0.7056769949430164
vn -0.5419892219815905 -0.3692957723174094 -0.7548962285004995
vn 0.7253244827387961 -0.5196018311450203 -0.45157317436982386
vn 0.4431549225934537 -0.8231021732099356 -0.3551288879241889
vn -0.3609066279887894 -0.43656186898081795 -0.8241117281204875
vn -0.3931598838922557 -0.46120817896264465 -0.7954321601216467
vn 0.8026636766922047 -0.3429589178567192 -0.487965370473664
vn 0.029224525092355135 -0.9926847990602671 -0.11714442730153096
vn 0.03694882703397159 -0.9983801617470839 -0.04326472940722263
vn 0.1536960256819025 -0.9832775900829657 0.09768680837361314
vn 0.3991119763737376 -0.8624177889883843 0.31136022153036125
vn 0.11425257251355309 -0.990463039059406 0.07700206446090263
vn 0.022555991033182565 -0.9963809643166093 0.08195243264244831
vn 0.20511052093440865 -0.7993302169506398 0.5648016275398459
vn 0.2919667210891895 -0.8357949868704965 0.4649754549420584
vn -0.7514311624743979 -0.0000019999996527365006 0.6598114943363558
vn 0.08624309575835097 -0.9568458386997263 0.27750345835148305
vn 0.12497738889719695 -0.8166581293766242 0.5634271487845716
vn 0.5294523870282255 -0.7873097932823933 -0.3159485073105258
vn -0.008141563330874593 0.7071089118737286 -0.7070577781873847
vn 0.06045367885289141 -0.9175241329377875 0.39305828853989716
vn -0.516129841605544 -0.08997303441887566 0.8517715889143614
vn -0.5219773106619756 -0.05077398242311625 0.8514468215120591
vn -0.09810812282877426 -0.04901098345239951 0.9939681683716249
vn -0.006048012440074808 -0.42029982599233506 0.9073651292706467
vn 0.009828637012259517 -0.5229190921399206 0.852325654295377
vn 0.014187337622362111 -0.7316023340347038 0.6815839965009174
vn 0.015184451747196284 0.7887699485891594 -0.6145009362301997
vn -0.2687306228341253 -0.8731180791931231 -0.4067538225232732
vn -0.06275003196886894 -0.993195731872447 -0.09810541105494747
vn -0.06375919585823914 -0.9969646476184212 -0.04467948458283592
vn -0.09090996206744571 -0.9957536885775847 -0.014490358209168346
vn -0.07774941860394391 -0.9969121687642847 -0.011007073927218239
vn -0.44119799448394376 -0.6550561009267937 0.6133888116863007
vn -0.025251291653377576 -0.995654458680193 0.0896357695347564
vn -0.05488984440665482 -0.9947094947497264 0.08683389911640259
vn -0.5715204427855985 -0.8034241170022611 0.16695529850019972
vn -0.6310684978797534 -0.7743652766230725 0.04594528642052671
vn -0.5502959659470816 -0.8328707405732977 0.059166539186054135
vn -0.502756022050505 -0.6223250982169107 -0.5999565437773511
vn -0.2326212194254294 -0.5115979924178623 -0.8271365440040956
vn -0.19569508577175063 -0.49259324334555593 -0.8479713025893584
vn 0.7938927351774293 -0.303240952412098 -0.5270476731878282
vn 0.026806031999438956 -0.9869286199486655 -0.15891298176885196
vn 0.055114753065981785 -0.9965625357519491 -0.0618504351651703
vn 0.07356740799472906 -0.9714421170777253 -0.22558379739796053
vn 0.04283179035465067 -0.9988004840063469 -0.023728271822924384
vn 0.583478662148359 -0.71617064978476 -0.3829520220659967
vn 0.2593194410114838 -0.8730759034264605 -0.4129066412272409
vn 0.03374337932370963 0.3054909911215159 0.9515968887587907
vn 0.33037733833605004 -0.9430479076147877 -0.03887747750765024
vn 0.44110487939093845 -0.8910390183491667 -0.10712587529098218
vn 0.15509221610275198 -0.9878993140502782 -0.001161810366271838
vn 0.24139377440626222 -0.9294148554992364 0.2791362965564168
vn 0.31768464126648216 -0.7823883187505425 0.535672462784943
vn 0.012162814298009113 -0.933208682454336 0.3591289753559221
vn 0.080606529055155 -0.8328283795682828 0.5476307858944276
vn 0.4059586648788388 -0.8940771842527864 -0.18927110452575688
vn -0.011122482755696978 0.258814969884162 -0.9658628793680859
vn 0.02219390724221475 -0.9910843287759277 0.1313745931909699
vn 0.038466496120897226 -0.9541592117670731 0.2968173298111463
vn -0.4000914081200325 -0.05573101294439272 0.9147791642493402
vn -0.3959816626934616 -0.06124697180575887 0.9162135838630346
vn -0.17917072123293515 0.00770699660253356 0.9837878098737747
vn -0.035828852671525524 -0.3718449174383522 0.9276031752271588
vn 0.0006018321726463692 -0.8177627767536543 0.575555104880661
vn 0.02099725259716833 -0.9098090943117252 0.4144955093738035
vn -0.02771847454758412 0.9029882204727278 -0.4287702879820982
vn -0.0606840443424272 -0.9929339320947402 -0.10197869021086886
vn -0.07098440528654294 -0.9972002108300851 -0.023514968138386244
vn -0.0787585922121135 -0.9714555093976054 -0.2237661221315794
vn -0.6067064175809811 -0.7948572709593387 0.01045187395277167
vn -0.6476177366026765 -0.761957351185462 0.003501744145512113
vn -0.5447212388586953 -0.3348919755887199 0.768847277827354
vn -0.20820035720308655 -0.8793182236088939 0.42831305477396586
vn -0.018890754925040942 -0.9920939428911059 0.12406751330280279
vn -0.14066082170563385 -0.9895336393937221 0.03221350253094356
vn -0.4400746169104984 -0.8791572396033489 0.182802843533951
vn -0.31117274444070514 -0.6978062581098602 -0.6451650558267666
vn 0.5769522790497097 -0.6102541565332625 -0.5428774559080731
vn -0.1386668699406041 -0.7174416147691111 -0.6826778365952465
vn -0.11848759375396277 -0.5524662130760392 -0.8250707688046016
vn -0.11685321315262476 -0.4536168811571559 -0.8835027174294157
vn -0.0959365795626794 -0.3316449298348849 -0.9385136190895835
vn -0.07673350186551497 -0.5334820769225197 -0.8423234790114127
vn 0.6928999496415381 -0.3818888837436853 -0.6115967137417891
vn 0.02419729425724593 -0.9847010747260133 -0.17256385596080828
vn 0.048142806190510944 -0.9937659580670525 -0.10055590882278423
vn 0.3898275708295019 -0.7969117123734967 -0.46148259740006525
vn 0.01119517046199641 0.23369394790296494 0.9722457543604154
vn -0.01112170218755069 -0.25881806530317114 -0.9658620588951483
vn 0.31587487147097465 -0.9428718374017656 -0.1059045032461491
vn 0.2043191072536718 -0.9782907477824927 -0.03465422361320719
vn 0.04743024037131012 -0.9988260790406068 0.009840534878122037
vn 0.03935110630590226 -0.9912970558764427 0.12562498733611244
vn 0.02640686672155955 -0.9950052449379837 0.09626650474517454
vn 0.023864174077503648 -0.9925055986953298 0.11984630888777274
vn 0.01118444345840632 -0.8830551214315672 0.46913597254741185
vn 0.009737486007279689 -0.8499560767391376 0.526763560794092
vn 0.00986330842914968 -0.9956168248381605 0.0930045872310124
vn 0.29156025565079213 -0.9186939586675004 -0.26644704470622627
vn -0.2736503882329173 -0.06918403186388893 0.9593378105521694
vn -0.29794533106487425 -0.41214603429755764 0.8610251019043746
vn -0.42506798956037595 -0.3047130488360592 0.8523304301267985
vn -0.2230117529088945 -0.1965710411185377 0.9547908587005199
vn -0.06681938755622542 -0.3482498496525623 0.9350172253298753
vn 0.01558944023267785 -0.7890257781338725 0.6141622674777969
vn 0.002413780821265534 -0.7333801186444115 0.6798145153196243
vn -0.02707427928929472 -0.9504855329096626 0.30958720117343325
vn 0.031929137356422416 0.6280861584875129 0.7774884614604087
vn 0.010749380502591412 0.47603801642712035 0.8793590038971245
vn -0.004053563674280756 0.9663962877136129 -0.25702486983731115
vn 0.007510926266083064 0.7591291431998578 0.6508967121834885
vn -0.037935627746788825 -0.9983801101288201 -0.04240334711578985
vn -0.03108782505743571 -0.9926523574214208 -0.11693949050211502
vn -0.6453249125146844 -0.7632930413880397 -0.030651105306519336
vn -0.514438156913272 -0.8568953468366024 -0.032920317153010165
vn -0.568238410555491 -0.8149442893456138 -0.11388992067931993
vn -0.6371926502200618 -0.7473108007217547 -0.1884465272435225
vn -0.36722602279510014 -0.6562957325017893 0.6591061824031332
vn -0.7664280052510971 -0.0000019999992408777744 -0.6423302209633486
vn -0.3071546839905112 -0.9475282454055836 -0.08857891544439664
vn -0.0968923020987925 -0.9937940559525945 0.05463749763017881
vn -0.46135345039774284 -0.7941712820952485 0.3955312484511009
vn -0.33728557510483337 -0.9409349577619011 0.0296621996455272
vn -0.7223150412983859 -0.6111630598521182 -0.32363667188115003
vn -0.7189264245695817 -0.622573929061129 -0.30910596711966876
vn 0.6946486028063701 -0.3301110634034479 -0.6391322276632613
vn 0.017740676716146056 -0.9629307878110023 -0.2691645709883371
vn -0.0011461352383337054 -0.9862330940654377 -0.1653571000717206
vn 0.024403231604196617 -0.9495034066942347 -0.3128062706585571
vn 0.018075355040630074 -0.9934965426047289 -0.11241842096651893
vn 0.19713181922648493 -0.8387097544635619 -0.5076465242825251
vn 0.08911924995643723 -0.8910912528645553 -0.44498779573768016
vn 0.10056318699460713 -0.8531541822985926 -0.5118739948931842
vn 0.19817052734543592 -0.8936951677510673 -0.4025386804147194
vn 0.11155150037579807 -0.8837878847218091 -0.4543954638669476
vn 0.48882164469710826 -0.6224528400212379 -0.6112330665344518
vn -0.008141563330874622 -0.7071089118737292 -0.7070577781873842
vn 0.22014087218467066 -0.9705232557940546 -0.09809488445724673
vn 0.01706681971814104 -0.9980496272160584 0.06004719209584807
vn 0.07539646783532553 -0.9966085084234485 -0.03296746238256917
vn 0.01501839862793945 -0.9925212931536137 0.12114425425636441
vn 0.001586090548116129 -0.9905061176760958 0.13745950372019203
vn -0.03426115630582605 -0.8837035772747508 0.4667913459784751
vn 0.0009645869800378718 -0.9959523747425887 0.08987734317699879
vn -0.004801381777920098 -0.9890022054864931 0.14782281378689557
vn -0.31567705555111275 -0.02092599969807929 0.9486359149511552
vn -0.00003480502992128523 0.9999960905171501 -0.0027960220001631737
vn -0.15176305095248735 -0.6503537282117053 0.7443171397776137
vn -0.036173364569072115 -0.720316974641241 0.6927011936899219
vn 0.030193189524085427 -0.9423403165222709 0.33329131276267776
vn 0.0033479369592388742 -0.9577541671659482 0.28756868152561105
vn 0.027948424601244595 0.8645037409445768 0.5018487495801304
vn -0.024087350891902694 0.9970097256962415 -0.07342619691987173
vn 0.005040734215480406 0.8991631581803472 0.437584512945457
vn -0.1219893604245815 -0.883791783295607 -0.4516975533721345
vn -0.0295757353620873 -0.986142699180174 -0.163241700344712
vn -0.5921427325959909 -0.7161709442038402 -0.36941326845679606
vn -0.5365878740495359 -0.7873101649474017 -0.3036711339483794
vn -0.043366613209005096 -0.9988004798413448 -0.022736277784192155
vn -0.056524717668170764 -0.9965623312688344 -0.0605679468742293
vn -0.45793706535919354 -0.8889486444299473 0.00799698295414306
vn -0.28690771103566637 -0.7847208263055953 0.5494517177246223
vn -0.29549150391315776 -0.8409243680033 0.45335524526952453
vn -0.3917987484332577 -0.8624478603658217 0.32043318941169174
vn -0.15146313038828582 -0.9832639260541307 0.10124708318562982
vn -0.07224129039637123 -0.6977746061499571 -0.7126652755495664
vn -0.02957773542733101 -0.9995173294979385 -0.009500821032944752
vn -0.5028157211127184 -0.7870520698630736 -0.35738689109443894
vn 0.5752380816339502 -0.4072811677850101 -0.7093822663457069
vn 0.017435324237243637 -0.9580317777433597 -0.2861313025564317
vn -0.0014810112029639898 -0.9916914450022977 -0.1286308070217676
vn 0.03141772516300425 -0.8809398491985272 -0.4721841893156293
vn 0.2697987572835897 -0.7308891338674736 -0.626904860854249
vn 0.13415446331108002 -0.9856002880372912 -0.10293032689409348
vn 0.00048341850071172723 -0.999125367097211 0.04181228443192595
vn -0.00017028825541398832 -0.999886726106066 -0.015050114909956292
vn 0.0014719791050091904 -0.9916988436988534 0.12857385692228246
vn -0.0062421529971663095 -0.9461350211432795 0.3237121519068539
vn -0.3385940921795285 -0.33021493918200845 0.8810857703323459
vn -0.011445986813412417 -0.9098181547964738 0.41484926731116034
vn -0.010033087238400858 -0.9867553932985762 0.16190469714198838
vn 0.0026046016788742517 0.9740846780933156 0.2261686449398683
vn 0.000010350072114332646 0.999999615356222 0.0008770292379410542
vn -0.03160372118985463 -0.9495063889008055 -0.31215192173604567
vn -0.4003459158999895 -0.7969162855028812 -0.4523799083983383
vn -0.02177140983220667 -0.9854736711494617 -0.1684269847296465
vn -0.05044652696922727 -0.9937657628100035 -0.09942211315092199
vn -0.4434536940822408 -0.8910397313248305 -0.09693821952866993
vn -0.3311651568712183 -0.943054968160107 -0.03125645378158982
vn -0.4102087412189815 -0.894077721886439 -0.17987166495558501
vn -0.6249449989847358 -0.6415783115845075 -0.44477074808078515
vn -0.003598148902586325 -0.9870126529239708 0.1606022300357632
vn 0.2213034568286004 -0.9035432311394894 0.3669256184265731
vn -0.17397609371970818 -0.8545540422269343 0.4893564219744523
vn -0.21652456092744524 -0.9298768541678892 0.29739897544881866
vn -0.1551610177533812 -0.9878862300723085 0.0024197113994981144
vn -0.04377057934954196 -0.8668048564038192 -0.49672273684436846
vn -0.031215687186408412 -0.6136068997185395 -0.7889943938275369
vn -0.014514125400321518 -0.5834201139927172 -0.8120408307176362
vn -0.020650163496115183 -0.9989734928832226 -0.04031787772536445
vn -0.15764325673503157 -0.8292711096292334 -0.5361511264002651
vn -0.1753936006658477 -0.8436218069553095 -0.5074833314257009
vn 0.5245583108835611 -0.3691581600005646 -0.7671771838291224
vn 0.03293960921458038 -0.8747522429322904 -0.4834495792010974
vn -0.017744866041188207 -0.9595298802386842 -0.2810472000542193
vn 0.013970386493981569 -0.9207314935379702 -0.3899465926361547
vn -0.005079199176730449 -0.8968721610567297 -0.44226070191365024
vn 0.06289625012602842 -0.9587695194561932 -0.27713727696184165
vn 0.1476118830040001 -0.9657224855124487 -0.21352005285610015
vn 0.12288122973490125 -0.7174668478471806 -0.6856686704371645
vn -0.000557520130900751 -0.9988265197518394 -0.04842801474076709
vn 0.04333269450643241 -0.9964464326372059 -0.07222731111842792
vn -0.02127006729253569 -0.9924784722943166 0.12055731528907879
vn -0.07841324840250574 -0.9568261855257447 0.2798839280259227
vn -0.08714912637587727 -0.8232089756223129 0.5610098147330258
vn -0.01738179788897144 -0.995339644742442 0.09485180391608905
vn -0.011422721882866032 0.127119939689611 -0.9918215778849017
vn -0.01116406863647994 0.24555293787339524 -0.9693188940040447
vn 0.01112542943617188 0.2588110824041681 0.9658638871210806
vn -0.041133181416719636 -0.9367782569817305 0.34749756636962226
vn -0.03582164129494725 -0.9460347064743302 0.3220794066080044
vn 0.013836737569427406 -0.9867646985779672 0.1615672440000386
vn -0.024379837771203818 -0.9510700253379324 -0.3080120621241225
vn -0.2976139159680939 -0.9186947667089773 -0.2596649430394371
vn -0.20739065985304106 -0.8936922624698596 -0.3978734148032808
vn -0.20877713920210098 -0.8387090760595941 -0.5029703687910934
vn -0.0993686373327315 -0.8910672687165238 -0.4428600191219691
vn -0.11232847438204958 -0.853142642895893 -0.5094408157142613
vn -0.0206598598603841 -0.993496471646666 -0.11197290304432946
vn -0.3182294832134066 -0.9428720947110352 -0.09860126281621724
vn 0.007476908096456233 -0.7605339778026752 0.6492550842719349
vn 0.004082023782600492 -0.9350641133293099 0.3544551326268389
vn 0.013342963583349842 -0.994238229292241 0.10635933779712246
vn -0.004440267134096198 -0.9962879633321203 0.08596847182143898
vn -0.09467878075026884 -0.9944162895730713 0.04660656077601318
vn -0.20508542410991537 -0.9782860939369918 -0.02993805650270879
vn -0.047191499121322096 -0.9988261166768808 0.010924790838471319
vn -0.03428279545315177 -0.7778427733479277 -0.6275231548606967
vn -0.009369890501503865 -0.5812562903625837 -0.8136665963808011
vn 0.018433511173897438 -0.994614818573322 -0.10198807940224842
vn -0.0021362222049260073 -0.9805140019056291 -0.19643759472590624
vn -0.039195546784737766 -0.8446336344219486 -0.5339079815056292
vn -0.009073116361983408 -0.8094493494061722 -0.5871196039184917
vn 0.37468270563380207 -0.4610678604172594 -0.8043813139234303
vn 0.02353051708387255 -0.8705571664618635 -0.49150435876770915
vn -0.0025944770364937503 -0.9346532942859173 -0.355550964236338
vn -0.007225627597548217 -0.9309932413479264 -0.3649648953944798
vn -0.015697657928189383 -0.9980532186131019 0.06036022159996891
vn -0.0761314033913886 -0.9966087554516752 -0.031224957561549204
vn 0.05096057555925847 -0.9849174707325534 -0.16534991861037895
vn -0.1199473898927937 -0.8788304089339457 0.46181136407726064
vn -0.008662861376214522 -0.9952281814330997 0.09718961731657197
vn -0.01742579385900276 -0.9925625552874096 0.12048201338669458
vn -0.25932562393056413 -0.6744657099986919 0.6912642235852975
vn 0.011123353301394995 0.31873384449170716 -0.9477789865716947
vn 0.008142934394401502 0.70711078654556 0.7070558875862418
vn -0.14353330761324662 -0.9010528700384506 0.4092699781331047
vn -0.0037315851219612995 -0.9898516525774735 0.14205555660417535
vn -0.04231670260738665 -0.8808748090571927 -0.47145399292920637
vn -0.22234035230855556 -0.9705234899019414 -0.09299958754673933
vn 0.010370837473219867 -0.43450215092760675 0.9006110850802289
vn -0.1369120646312719 -0.9176699956075726 0.373010543711569
vn 0.521337003372613 -0.6730957078640736 0.5245473257671092
vn -0.03177537544783564 -0.8950008096490105 -0.4449313163205806
vn -0.008386239583551232 -0.6854038493174074 -0.7281148496813725
vn -0.00867409471520668 -0.9995496428779687 -0.028727539111395757
vn -0.029026333034864956 -0.9945193444766975 -0.10044274713581255
vn -0.021938521138031145 -0.7454162201840574 -0.6662382156382122
vn 0.3417827885800463 -0.43638694942231937 -0.8323166199255723
vn 0.019822978708635666 -0.777835031381755 -0.6281558034997855
vn -0.005850253264631482 -0.8701550256721842 -0.4927433468187878
vn -0.022928854073772532 -0.9210308840155091 -0.38881406654141687
vn 0.0661615539436767 -0.7249931101953363 -0.6855710312936587
vn 0.0019849057822702533 -0.9564782940095168 -0.29179673273989853
vn 0.21345479588031888 -0.5115719334700747 -0.8323047560848016
vn -0.0033776020133486546 -0.9885311029762788 -0.15097963522654598
vn -0.0449744988493593 -0.9964465398699912 -0.07121508010506804
vn -0.1384784753672207 -0.799830644754498 0.584033091161429
vn -0.009395693468068544 -0.9957299851208069 0.09183418576745644
vn -0.048779589007545726 -0.9923968313436614 0.11300035767782042
vn -0.00948245209242329 0.4906090826318226 -0.8713281879644871
vn 0.008142744962135007 -0.707099198677225 0.7070674783459552
vn 0.004769809784593531 -0.9914383842141742 0.13048823403436038
vn -0.023902747137794573 -0.9917349898074437 0.1260570056398939
vn -0.15248199911173846 -0.9657229885262453 -0.2100674876767592
vn -0.1166338865415392 -0.9557505662494294 -0.27006923487156037
vn 0.7664280052522469 -9.999996198848735e-7 0.6423302209643121
vn -0.13647607238308118 -0.9856018792411083 -0.09981591708381812
vn 0.013038416429655558 -0.6136041167145707 -0.7895061669473761
vn 0.00800985837435116 -0.9995496626380521 -0.028919095576782326
vn 0.006588876044865219 -0.7454162237546033 -0.6665667559036322
vn 0.7116149899957531 -0.622577078463083 -0.3255793104386646
vn 0.05061181441193459 -0.6838101207670325 -0.7279025779446782
vn 0.09946704296581242 -0.5524519152052673 -0.8275887799805346
vn -0.02051544525912858 -0.9587278477070522 -0.28358425650381747
vn 0.01336157378814841 0.6386421402518963 -0.7693878638504646
vn 0.011466756512369159 -0.09125603743063297 0.9957614418762885
vn -0.00814430545736927 0.707112661210384 -0.7070539969794285
vn -0.004191567282329185 -0.5834338150267143 -0.8121498717891246
vn 0.026705665368022484 -0.994519426663346 -0.101083714941926
vn -0.00445144991172233 -0.8094471058554522 -0.5871759254396554
vn 0.16365800294977817 -0.8436193809912529 -0.5113926066012549
vn 0.7146690000042867 -0.6111619712741658 -0.34019004291887905
vn 0.49444982221991984 -0.7870540974620956 -0.36887019529207826
vn 0.17613739568205106 -0.49254819805637945 -0.8522745393555754
vn 0.07429656478405053 -0.3316449547135532 -0.9404741593868141
vn 0.05260094223449403 -0.5798327832837692 -0.8130357214203083
vn -0.06133881498639976 -0.9879027230528712 -0.14242808557579534
vn -0.02933030052676375 0.7887712473153193 -0.6139866878684304
vn 0.002981113740849907 -0.9659279540595017 0.2587939344870537
vn -0.020778059524086092 -0.994614786816776 -0.10153668345889967
vn 0.026888179126927113 -0.8446317824228811 -0.5346720283915977
vn 0.14525564083997428 -0.82927238186841 -0.5396370219642666
vn -0.13618688946470797 -0.9882685719780093 0.06912568826763006
vn 0.10690456444198652 -0.5114141395204449 -0.8526587781756733
vn 0.017839807020300566 0.9029898944851853 -0.4292912667911055
vn -0.01615495963331956 0.8047557035131656 0.5933862780198712
vn 0.010022771917633755 0.4923608884768251 0.8703334415851194
vn 0.007655923571838535 0.7469342720073688 0.6648538035802187
vn -0.0029811137408499483 -0.9659279540595017 -0.2587939344870534
vn -0.01112170218755068 0.2588180653031703 -0.9658620588951485
vn 0.011295694642746962 0.19465598293061798 0.9808065332122603
vn 0.028892249521354763 -0.9992188298515332 -0.026962343884170945
vn -0.0023882294347459636 -0.9805145853478234 -0.1964317802198843
vn -0.0018647141851885415 0.966397014193473 -0.2570473376616609
vn -0.017646989246606418 0.8990564319333357 0.43747698907465876
vn 0.022390101354445188 0.9970094939215989 -0.07396453468747718
vn -0.019380626424955496 0.9542367923747959 0.29842341630246993
vn -0.008144899311115051 -0.7071050299830218 -0.7070616219170162
vn 0.0026036207690519394 0.9740858982479665 0.2261634010916515
vn 0.000010349188223485614 0.9999996198152168 0.0008719302243533186
usemtl material_0_0
f 1//1 2//2 3//3
f 1//1 4//4 2//2
f 2//5 5//5 3//5
f 6//6 1//1 3//3
f 7//7 4//4 1//1
f 2//5 8//5 5//5
f 3//5 5//5 9//5
f 10//8 1//1 6//6
f 6//6 3//3 9//9
f 7//7 11//10 4//4
f 10//8 7//7 1//1
f 12//5 8//5 2//5
f 13//11 5//12 8//13
f 9//5 5//5 14//5
f 15//14 10//8 6//6
f 6//6 9//9 16//15
f 17//16 11//10 7//7
f 11//10 12//17 4//4
f 18//18 7//7 10//8
f 19//5 8//5 12//5
f 4//4 12//17 2//2
f 20//19 5//12 13//11
f 21//20 13//11 8//13
f 14//5 5//5 22//5
f 16//15 9//9 14//21
f 18//18 10//8 15//14
f 15//14 6//6 16//15
f 23//22 11//10 17//16
f 18//18 17//16 7//7
f 24//23 12//17 11//10
f 19//5 25//5 8//5
f 26//24 19//25 12//17
f 20//19 22//26 5//12
f 27//27 20//19 13//11
f 27//27 13//11 21//20
f 21//20 8//13 25//28
f 14//5 22//5 28//5
f 16//15 14//21 29//29
f 30//30 18//18 15//14
f 15//14 16//15 31//31
f 23//22 24//23 11//10
f 17//16 32//32 23//22
f 18//18 33//33 17//16
f 24//23 26//24 12//17
f 25//5 19//5 34//5
f 35//34 19//25 26//24
f 36//35 22//26 20//19
f 37//36 20//19 27//27
f 38//37 27//27 21//20
f 39//38 21//20 25//28
f 28//5 22//5 40//5
f 29//29 14//21 28//39
f 31//31 16//15 29//29
f 30//30 41//40 18//18
f 30//30 15//14 31//31
f 42//41 24//23 23//22
f 33//33 32//32 17//16
f 43//42 23//22 32//32
f 41//40 33//33 18//18
f 26//24 24//23 44//43
f 19//44 35//44 34//44
f 39//38 25//28 34//45
f 45//46 35//34 26//24
f 36//35 46//47 22//26
f 37//36 36//35 20//19
f 47//48 37//36 27//27
f 48//49 27//27 38//37
f 38//37 21//20 39//38
f 40//5 22//5 46//5
f 49//50 28//39 40//51
f 49//50 29//29 28//39
f 31//31 29//29 49//50
f 50//52 41//40 30//30
f 30//30 31//31 51//53
f 42//41 44//43 24//23
f 23//22 43//42 42//41
f 33//33 52//54 32//32
f 32//32 53//55 43//42
f 41//40 54//56 33//33
f 45//46 26//24 44//43
f 35//57 55//57 34//57
f 39//38 34//45 56//58
f 57//59 35//59 45//59
f 36//35 58//60 46//47
f 59//61 36//35 37//36
f 60//62 37//36 47//48
f 48//49 47//48 27//27
f 48//49 38//37 61//63
f 38//37 39//38 62//64
f 40//5 46//5 63//5
f 64//65 49//50 40//51
f 65//66 31//31 49//50
f 50//52 66//67 41//40
f 50//52 30//30 51//53
f 51//53 31//31 65//66
f 67//68 44//43 42//41
f 43//42 68//69 42//41
f 54//56 52//54 33//33
f 52//54 53//55 32//32
f 69//70 43//42 53//55
f 66//67 54//56 41//40
f 67//68 45//46 44//43
f 55//71 35//71 70//71
f 71//5 34//5 55//5
f 56//58 34//45 72//72
f 62//64 39//38 56//58
f 57//59 73//59 35//59
f 57//59 45//59 74//59
f 59//61 58//60 36//35
f 58//60 63//73 46//47
f 59//61 37//36 60//62
f 60//62 47//48 75//74
f 76//75 47//48 48//49
f 61//63 38//37 62//64
f 77//76 48//49 61//63
f 40//5 63//5 78//5
f 79//77 49//50 64//65
f 64//65 40//51 78//78
f 79//77 65//66 49//50
f 80//79 66//67 50//52
f 81//80 50//52 51//53
f 51//53 65//66 79//77
f 68//69 67//68 42//41
f 43//42 82//81 68//69
f 54//56 83//82 52//54
f 52//54 84//83 53//55
f 43//42 69//70 82//81
f 84//83 69//70 53//55
f 66//67 85//84 54//56
f 86//59 45//59 67//59
f 73//85 70//85 35//85
f 55//86 70//87 87//88
f 71//5 72//5 34//5
f 71//89 55//86 88//90
f 56//58 72//72 89//91
f 62//64 56//58 90//92
f 91//59 73//59 57//59
f 74//59 45//59 86//59
f 92//93 57//93 74//93
f 59//61 93//94 58//60
f 58//60 94//95 63//73
f 95//96 59//61 60//62
f 75//74 47//48 76//75
f 96//97 60//62 75//74
f 76//75 48//49 77//76
f 61//63 62//64 90//92
f 77//76 61//63 97//98
f 78//5 63//5 98//5
f 79//77 64//65 99//99
f 64//65 78//78 100//100
f 80//79 101//101 66//67
f 102//102 80//79 50//52
f 102//102 50//52 81//80
f 79//77 81//80 51//53
f 103//59 67//59 68//59
f 104//59 68//59 82//59
f 54//56 85//84 83//82
f 83//82 105//103 52//54
f 106//104 84//83 52//54
f 107//59 82//59 69//59
f 84//105 108//105 69//105
f 101//101 85//84 66//67
f 86//59 67//59 109//59
f 70//85 73//85 110//85
f 87//88 70//87 111//106
f 88//90 55//86 87//88
f 112//5 72//5 71//5
f 71//89 88//90 113//107
f 72//72 114//108 89//91
f 90//92 56//58 89//91
f 91//59 115//59 73//59
f 57//109 116//109 91//109
f 86//110 92//110 74//110
f 57//93 92//93 117//93
f 93//94 59//61 95//96
f 93//94 118//111 58//60
f 118//111 94//95 58//60
f 94//95 98//112 63//73
f 95//96 60//62 96//97
f 119//113 75//74 76//75
f 120//114 96//97 75//74
f 119//113 76//75 77//76
f 61//63 90//92 121//115
f 97//98 61//63 121//115
f 122//116 77//76 97//98
f 78//5 98//5 123//5
f 99//99 64//65 100//100
f 99//99 124//117 79//77
f 100//100 78//78 125//118
f 126//119 101//101 80//79
f 127//120 80//79 102//102
f 124//117 102//102 81//80
f 124//117 81//80 79//77
f 128//59 67//59 103//59
f 103//59 68//59 129//59
f 129//59 68//59 104//59
f 104//59 82//59 130//59
f 131//121 83//82 85//84
f 83//122 132//123 105//124
f 105//103 106//104 52//54
f 133//105 84//105 106//105
f 130//59 82//59 107//59
f 107//59 69//59 108//59
f 108//105 84//105 133//105
f 101//101 134//125 85//84
f 109//59 67//59 128//59
f 109//126 135//126 86//126
f 73//127 136//128 110//127
f 110//129 111//129 70//129
f 87//88 111//106 137//130
f 88//90 87//88 138//131
f 112//5 114//5 72//5
f 112//132 71//89 113//107
f 113//107 88//90 138//131
f 89//91 114//108 139//133
f 90//92 89//91 139//133
f 140//59 115//59 91//59
f 136//128 73//127 115//134
f 116//109 57//109 117//109
f 116//135 140//135 91//135
f 92//110 86//110 135//110
f 141//129 117//129 92//129
f 142//136 93//94 95//96
f 118//111 93//94 142//136
f 118//111 143//137 94//95
f 94//95 144//138 98//112
f 145//139 95//96 96//97
f 120//114 75//74 119//113
f 145//139 96//97 120//114
f 119//113 77//76 122//116
f 121//115 90//92 139//133
f 97//98 121//115 146//140
f 122//116 97//98 147//141
f 144//138 123//142 98//112
f 78//5 123//5 148//5
f 99//99 100//100 149//143
f 150//144 124//117 99//99
f 78//5 151//5 125//5
f 100//100 125//118 152//145
f 126//119 153//146 101//101
f 127//120 126//119 80//79
f 154//147 127//120 102//102
f 154//147 102//102 124//117
f 103//148 155//149 128//149
f 129//150 156//148 103//148
f 157//151 129//150 104//151
f 158//152 104//151 130//152
f 131//153 159//154 83//122
f 134//125 131//121 85//84
f 159//154 132//123 83//122
f 132//123 160//155 105//124
f 105//103 161//156 106//104
f 133//105 106//105 162//105
f 163//157 130//152 107//157
f 164//158 107//157 108//158
f 165//159 108//158 133//159
f 166//160 134//125 101//101
f 128//59 167//59 109//59
f 135//126 109//126 168//126
f 136//129 116//129 110//129
f 111//129 110//129 169//129
f 137//130 111//106 169//161
f 138//131 87//88 137//130
f 170//5 114//5 112//5
f 171//162 112//132 113//107
f 113//107 138//131 172//163
f 173//59 115//59 140//59
f 136//128 115//134 174//164
f 110//129 116//129 117//129
f 140//135 116//135 175//135
f 141//129 92//129 135//129
f 110//129 117//129 141//129
f 145//139 142//136 95//96
f 176//165 118//111 142//136
f 143//137 118//111 176//165
f 143//137 144//138 94//95
f 177//166 120//114 119//113
f 145//139 120//114 178//167
f 119//113 122//116 179//168
f 121//115 139//133 180//169
f 121//115 180//169 146//140
f 97//98 146//140 147//141
f 122//116 147//141 181//170
f 144//138 182//171 123//142
f 182//171 148//172 123//142
f 78//5 148//5 151//5
f 149//143 100//100 152//145
f 149//143 150//144 99//99
f 154//147 124//117 150//144
f 125//5 151//5 183//5
f 152//145 125//118 184//173
f 185//174 153//146 126//119
f 153//146 166//160 101//101
f 186//175 126//119 127//120
f 187//176 127//120 154//147
f 155//149 103//148 156//148
f 188//177 128//149 155//149
f 156//148 129//150 189//150
f 129//150 157//151 189//150
f 104//151 158//152 157//151
f 130//152 163//157 158//152
f 131//153 190//178 159//154
f 190//178 131//153 134//179
f 159//154 191//180 132//123
f 192//181 160//155 132//123
f 105//124 160//155 161//182
f 161//156 162//183 106//104
f 133//105 162//105 193//105
f 107//157 164//158 163//157
f 108//158 165//159 164//158
f 133//184 194//185 165//186
f 166//187 195//188 134//179
f 128//59 196//59 167//59
f 167//189 168//189 109//189
f 141//129 135//129 168//129
f 136//129 175//129 116//129
f 141//190 169//190 110//190
f 141//191 137//130 169//161
f 197//192 138//131 137//130
f 170//5 198//5 114//5
f 199//193 170//194 112//132
f 199//193 112//132 171//162
f 171//162 113//107 200//195
f 172//163 138//131 197//192
f 200//195 113//107 172//163
f 115//59 173//59 174//59
f 175//196 173//196 140//196
f 136//128 174//164 201//197
f 176//165 142//136 145//139
f 202//198 143//137 176//165
f 143//137 202//198 144//138
f 178//167 120//114 177//166
f 177//166 119//113 203//199
f 204//200 145//139 178//167
f 179//168 122//116 181//170
f 119//113 179//168 203//199
f 139//133 205//201 180//169
f 180//169 206//202 146//140
f 147//141 146//140 207//203
f 181//170 147//141 208//204
f 202//198 182//171 144//138
f 182//171 209//205 148//172
f 209//205 151//206 148//172
f 149//143 152//145 210//207
f 211//208 150//144 149//143
f 211//208 154//147 150//144
f 151//206 212//209 183//210
f 125//5 183//5 213//5
f 125//5 214//5 184//5
f 152//145 184//173 215//211
f 185//174 216//212 153//146
f 186//175 185//174 126//119
f 153//146 217//213 166//160
f 187//176 186//175 127//120
f 187//176 154//147 211//208
f 141//129 155//129 156//129
f 128//149 188//177 218//177
f 219//129 188//129 155//129
f 141//129 156//129 189//129
f 141//129 189//129 157//129
f 141//129 157//129 158//129
f 141//129 158//129 163//129
f 190//178 191//180 159//154
f 195//188 190//178 134//179
f 191//180 192//181 132//123
f 192//181 220//214 160//155
f 160//155 221//215 161//182
f 161//216 222//216 162//216
f 222//217 193//217 162//217
f 223//218 133//184 193//219
f 224//129 163//129 164//129
f 165//220 224//220 164//220
f 225//221 194//185 133//184
f 165//186 194//185 226//222
f 227//223 195//188 166//187
f 128//59 228//59 196//59
f 196//224 229//224 167//224
f 168//189 167//189 229//189
f 141//129 168//129 155//129
f 136//129 230//129 175//129
f 141//191 231//225 137//130
f 231//225 197//192 137//130
f 170//5 232//5 198//5
f 114//108 198//226 233//227
f 234//228 170//194 199//193
f 199//193 171//162 235//229
f 236//230 171//162 200//195
f 237//231 172//163 197//192
f 200//195 172//163 237//231
f 238//59 174//59 173//59
f 173//196 175//196 230//196
f 201//197 174//164 239//232
f 201//129 240//129 136//129
f 204//200 176//165 145//139
f 241//233 202//198 176//165
f 242//234 178//167 177//166
f 177//166 203//199 243//235
f 204//200 178//167 242//234
f 244//236 179//168 181//170
f 245//237 203//199 179//168
f 139//133 114//108 205//201
f 180//169 205//201 246//238
f 206//202 180//169 246//238
f 207//203 146//140 206//202
f 247//239 147//141 207//203
f 208//204 147//141 248//240
f 249//241 181//242 208//243
f 202//198 250//244 182//171
f 250//244 209//205 182//171
f 151//206 209//205 212//209
f 210//207 152//145 215//211
f 210//207 211//208 149//143
f 212//209 251//245 183//210
f 183//210 251//245 213//246
f 125//5 213//5 214//5
f 184//5 214//5 252//5
f 215//211 184//173 253//247
f 254//248 216//212 185//174
f 216//212 255//249 153//146
f 256//250 185//174 186//175
f 153//146 257//251 217//213
f 217//252 227//223 166//187
f 256//250 186//175 187//176
f 258//253 187//176 211//208
f 188//177 238//254 218//177
f 218//59 228//59 128//59
f 259//129 188//129 219//129
f 219//129 155//129 260//129
f 141//129 163//129 224//129
f 190//178 261//255 191//180
f 195//188 262//256 190//178
f 261//255 192//181 191//180
f 263//257 220//214 192//181
f 220//214 264//258 160//155
f 160//155 264//258 221//215
f 221//215 223//218 161//182
f 161//182 223//218 222//259
f 223//218 193//219 222//259
f 264//258 133//184 223//218
f 224//220 165//220 265//220
f 225//221 266//260 194//185
f 264//258 225//221 133//184
f 194//185 267//261 226//222
f 265//220 165//220 226//220
f 227//223 268//262 195//188
f 219//263 196//263 228//263
f 229//224 196//224 260//224
f 229//129 155//129 168//129
f 136//129 240//129 230//129
f 224//264 231//225 141//191
f 231//225 269//265 197//192
f 232//5 170//5 270//5
f 271//266 198//226 232//267
f 198//226 271//266 233//227
f 270//268 170//194 234//228
f 234//228 199//193 272//269
f 235//229 171//162 236//230
f 272//269 199//193 235//229
f 200//195 273//270 236//230
f 274//271 237//231 197//192
f 273//270 200//195 237//231
f 275//59 174//59 238//59
f 238//59 173//59 276//59
f 230//272 276//272 173//272
f 275//59 239//59 174//59
f 201//197 239//232 277//273
f 201//129 278//129 240//129
f 241//233 176//165 204//200
f 250//244 202//198 241//233
f 242//234 177//166 279//274
f 243//235 203//199 280//275
f 279//274 177//166 243//235
f 281//276 204//200 242//234
f 245//237 179//168 244//236
f 244//277 181//242 282//278
f 280//275 203//199 245//237
f 233//227 205//201 114//108
f 205//201 283//279 246//238
f 206//202 246//238 284//280
f 206//202 285//281 207//203
f 248//240 147//141 247//239
f 247//239 207//203 285//281
f 208//282 248//282 286//282
f 249//241 208//243 287//283
f 209//205 250//244 288//284
f 209//205 288//284 212//209
f 289//285 210//207 215//211
f 289//285 211//208 210//207
f 212//209 290//286 251//245
f 251//245 291//287 213//246
f 213//246 291//287 214//288
f 214//288 292//289 252//290
f 184//5 252//5 293//5
f 184//5 293//5 253//5
f 294//291 215//211 253//247
f 254//248 295//292 216//212
f 256//250 254//248 185//174
f 216//212 296//293 255//249
f 153//146 255//249 257//251
f 257//294 227//223 217//252
f 258//253 256//250 187//176
f 258//253 211//208 289//285
f 238//254 188//177 297//295
f 238//59 298//59 218//59
f 218//59 298//59 228//59
f 259//129 297//129 188//129
f 219//296 298//296 259//296
f 260//129 155//129 229//129
f 196//263 219//263 260//263
f 299//297 261//255 190//178
f 268//262 262//256 195//188
f 299//297 190//178 262//256
f 261//255 300//298 192//181
f 301//299 220//214 263//257
f 300//298 263//257 192//181
f 220//214 225//221 264//258
f 221//215 264//258 223//218
f 265//300 302//301 224//264
f 303//302 266//260 225//221
f 194//185 266//260 304//303
f 194//185 305//304 267//261
f 267//305 265//300 226//305
f 306//306 268//262 227//223
f 298//296 219//296 228//296
f 297//129 230//129 240//129
f 224//264 269//265 231//225
f 269//265 274//271 197//192
f 232//307 270//307 307//307
f 271//308 232//308 307//308
f 233//227 271//266 308//309
f 309//310 270//268 234//228
f 310//311 234//228 272//269
f 236//230 311//312 235//229
f 272//269 235//229 312//313
f 273//270 311//312 236//230
f 274//271 313//314 237//231
f 313//314 273//270 237//231
f 240//315 275//316 238//254
f 238//59 276//59 298//59
f 276//272 230//272 314//272
f 315//59 239//59 275//59
f 239//232 316//317 277//273
f 277//129 317//129 201//129
f 201//129 317//129 278//129
f 278//318 275//316 240//315
f 281//276 241//233 204//200
f 288//284 250//244 241//233
f 281//276 242//234 279//274
f 243//235 280//275 318//319
f 319//320 279//274 243//235
f 244//277 320//321 245//322
f 282//278 181//242 249//241
f 320//321 244//277 282//278
f 280//323 245//322 321//324
f 205//201 233//227 283//279
f 283//279 308//309 246//238
f 284//280 246//238 322//325
f 285//281 206//202 284//280
f 247//326 323//327 248//326
f 323//327 247//326 285//326
f 286//328 248//328 324//328
f 287//283 208//243 286//329
f 325//330 249//241 287//283
f 290//286 212//209 288//284
f 289//285 215//211 294//291
f 290//286 291//287 251//245
f 214//288 291//287 292//289
f 326//331 252//331 292//331
f 326//332 293//332 252//332
f 253//5 293//5 327//5
f 327//333 294//291 253//247
f 328//334 295//292 254//248
f 295//292 329//335 216//212
f 330//336 254//248 256//250
f 216//212 331//337 296//293
f 296//338 332//339 255//340
f 255//340 333//341 257//294
f 257//294 306//306 227//223
f 334//342 256//250 258//253
f 335//343 258//253 289//285
f 240//315 238//254 297//295
f 314//129 297//129 259//129
f 298//344 314//344 259//344
f 299//297 336//345 261//255
f 268//262 299//297 262//256
f 336//345 300//298 261//255
f 301//299 337//346 220//214
f 338//347 301//299 263//257
f 300//298 338//347 263//257
f 220//214 303//302 225//221
f 265//300 339//348 302//301
f 302//301 269//265 224//264
f 266//260 303//302 340//349
f 266//260 341//350 304//303
f 194//185 304//303 305//304
f 265//300 267//305 305//351
f 306//306 299//297 268//262
f 230//129 297//129 314//129
f 342//352 274//271 269//265
f 307//353 270//268 309//310
f 343//354 271//354 307//354
f 271//129 344//129 308//129
f 233//227 308//309 283//279
f 309//310 234//228 310//311
f 345//355 310//311 272//269
f 312//313 235//229 311//312
f 346//356 272//269 312//313
f 273//270 347//357 311//312
f 342//352 313//314 274//271
f 313//314 348//358 273//270
f 314//344 298//344 276//344
f 349//59 239//59 315//59
f 315//359 275//316 278//318
f 349//59 316//59 239//59
f 277//273 316//317 350//360
f 277//129 351//129 317//129
f 315//359 278//318 317//361
f 352//362 241//233 281//276
f 288//284 241//233 352//362
f 281//276 279//274 353//363
f 354//364 318//365 280//323
f 243//235 318//319 355//366
f 353//363 279//274 319//320
f 319//320 243//235 356//367
f 321//324 245//322 320//321
f 282//278 249//241 357//368
f 320//321 282//278 357//368
f 354//364 280//323 321//324
f 246//238 308//309 322//325
f 322//129 358//129 284//129
f 284//129 359//129 285//129
f 248//326 323//327 324//326
f 285//129 359//129 323//129
f 360//369 286//329 324//370
f 287//283 286//329 361//371
f 357//368 249//241 325//330
f 325//330 287//283 362//372
f 290//286 288//284 352//362
f 335//343 289//285 294//291
f 290//286 363//373 291//287
f 291//287 363//373 292//289
f 326//374 292//374 364//374
f 293//375 326//375 365//375
f 327//5 293//5 366//5
f 367//376 294//291 327//333
f 328//334 368//377 295//292
f 330//336 328//334 254//248
f 368//377 329//335 295//292
f 329//335 369//378 216//212
f 334//342 330//336 256//250
f 216//212 369//378 331//337
f 296//338 331//379 332//339
f 255//340 332//339 333//341
f 257//294 333//341 306//306
f 370//380 334//342 258//253
f 370//380 258//253 335//343
f 306//306 336//345 299//297
f 371//381 300//298 336//345
f 301//299 372//382 337//346
f 337//346 303//302 220//214
f 338//347 373//383 301//299
f 371//381 338//347 300//298
f 265//300 374//384 339//348
f 339//348 342//352 302//301
f 302//301 342//352 269//265
f 337//346 340//349 303//302
f 266//260 340//349 375//385
f 266//260 375//385 341//350
f 304//303 341//350 305//304
f 265//300 305//351 374//384
f 376//386 307//353 309//310
f 271//354 343//354 377//354
f 378//59 343//59 307//59
f 377//129 344//129 271//129
f 308//129 344//129 379//129
f 345//355 309//310 310//311
f 345//355 272//269 346//356
f 347//357 312//313 311//312
f 380//387 346//356 312//313
f 348//358 347//357 273//270
f 381//388 313//314 342//352
f 381//388 348//358 313//314
f 315//359 351//389 349//389
f 316//59 349//59 382//59
f 316//317 382//390 350//360
f 351//129 277//129 350//129
f 351//389 315//359 317//361
f 383//391 352//362 281//276
f 383//391 281//276 353//363
f 355//392 318//365 354//364
f 356//367 243//235 355//366
f 384//393 353//363 319//320
f 319//320 356//367 385//394
f 321//324 320//321 386//395
f 387//396 320//321 357//368
f 354//364 321//324 388//397
f 308//129 389//129 322//129
f 322//129 390//129 358//129
f 284//129 358//129 391//129
f 284//129 391//129 359//129
f 324//326 323//327 392//398
f 393//399 323//327 359//400
f 361//371 286//329 360//369
f 392//401 360//369 324//370
f 287//283 361//371 394//402
f 387//396 357//368 325//330
f 362//372 287//283 394//402
f 395//403 325//330 362//372
f 396//404 290//286 352//362
f 367//376 335//343 294//291
f 363//373 290//286 396//404
f 363//373 397//405 292//289
f 292//289 397//405 364//406
f 365//407 326//407 364//407
f 293//408 365//408 398//408
f 366//409 293//409 398//409
f 327//5 366//5 399//5
f 400//410 367//376 327//333
f 401//411 368//377 328//334
f 401//411 328//334 330//336
f 368//377 402//412 329//335
f 329//335 319//320 369//378
f 334//342 401//411 330//336
f 331//379 369//413 403//414
f 331//379 403//414 332//339
f 332//339 404//415 333//341
f 333//341 405//416 306//306
f 406//417 334//342 370//380
f 367//376 370//380 335//343
f 306//306 371//381 336//345
f 373//383 372//382 301//299
f 372//382 340//349 337//346
f 338//347 407//418 373//383
f 371//381 408//419 338//347
f 339//348 374//384 381//388
f 339//348 381//388 342//352
f 409//420 375//385 340//349
f 375//385 410//421 341//350
f 341//350 411//422 305//304
f 305//351 412//423 374//384
f 378//59 307//59 376//59
f 376//386 309//310 345//355
f 343//424 413//425 377//424
f 414//59 343//59 378//59
f 377//129 415//129 344//129
f 378//426 379//426 344//426
f 308//129 379//129 416//129
f 417//427 345//355 346//356
f 347//357 380//387 312//313
f 380//387 418//428 346//356
f 419//429 347//357 348//358
f 374//384 348//358 381//388
f 350//360 349//389 351//389
f 349//389 350//360 382//390
f 396//404 352//362 383//391
f 420//430 383//391 353//363
f 355//392 354//364 421//431
f 356//432 355//392 422//433
f 402//412 353//363 384//393
f 329//335 384//393 319//320
f 385//434 356//432 423//435
f 319//320 385//394 424//436
f 425//437 386//395 320//321
f 388//397 321//324 386//395
f 425//437 320//321 387//396
f 421//431 354//364 388//397
f 426//129 389//129 308//129
f 322//129 389//129 390//129
f 427//438 358//439 390//438
f 428//439 391//440 358//439
f 359//400 391//440 429//441
f 430//442 392//398 323//327
f 393//399 430//442 323//327
f 393//399 359//400 429//441
f 394//402 361//371 360//369
f 392//401 394//402 360//369
f 387//396 325//330 431//443
f 362//372 394//402 410//421
f 431//443 325//330 395//403
f 432//444 395//403 362//372
f 433//445 363//373 396//404
f 363//373 433//445 397//405
f 397//405 434//446 364//406
f 435//447 365//447 364//447
f 435//448 398//448 365//448
f 366//449 398//449 435//449
f 399//450 366//450 435//450
f 327//5 399//5 436//5
f 437//451 367//376 400//410
f 327//5 436//5 400//5
f 401//411 438//452 368//377
f 438//453 402//412 368//377
f 402//412 384//393 329//335
f 319//320 424//436 369//378
f 406//417 401//411 334//342
f 369//413 439//454 403//414
f 332//339 403//414 404//415
f 333//341 404//415 405//416
f 306//306 405//416 371//381
f 437//451 406//417 370//380
f 370//380 367//376 437//451
f 373//383 432//444 372//382
f 372//382 440//455 340//349
f 408//419 407//418 338//347
f 407//418 441//456 373//383
f 442//457 408//419 371//381
f 375//385 409//420 410//421
f 440//455 409//420 340//349
f 410//421 443//458 341//350
f 341//350 443//458 411//422
f 305//351 411//459 412//423
f 412//423 444//460 374//384
f 378//59 376//59 445//59
f 446//461 376//386 345//355
f 413//425 343//424 447//462
f 413//129 415//129 377//129
f 414//59 447//59 343//59
f 378//109 415//109 414//109
f 415//109 378//109 344//109
f 379//426 378//426 445//426
f 379//463 448//463 416//463
f 308//129 416//129 426//129
f 449//464 345//355 417//427
f 418//428 417//427 346//356
f 450//465 380//387 347//357
f 450//465 418//428 380//387
f 419//429 450//465 347//357
f 374//384 419//429 348//358
f 396//404 383//391 420//430
f 402//412 420//430 353//363
f 355//392 421//431 422//433
f 356//432 422//433 423//435
f 424//466 385//434 423//435
f 388//397 386//395 425//437
f 425//437 387//396 451//467
f 421//431 388//397 425//437
f 452//129 389//129 426//129
f 389//468 427//438 390//438
f 358//439 427//438 428//439
f 391//440 428//439 453//152
f 429//441 391//440 453//152
f 394//402 392//401 430//469
f 430//442 393//399 443//470
f 429//59 454//59 393//59
f 451//467 387//396 431//443
f 410//421 394//402 443//458
f 362//372 410//421 409//420
f 441//456 431//443 395//403
f 441//456 395//403 432//444
f 432//444 362//372 440//455
f 433//445 396//404 455//471
f 397//405 433//445 456//472
f 397//405 456//472 434//446
f 457//473 364//473 434//473
f 457//474 435//474 364//474
f 399//475 435//475 457//475
f 436//5 399//5 458//5
f 459//476 437//451 400//410
f 436//5 459//5 400//5
f 460//477 438//452 401//411
f 438//453 461//478 402//412
f 369//413 424//466 462//479
f 406//417 463//480 401//411
f 369//413 462//479 439//454
f 403//414 439//454 464//481
f 403//414 464//481 404//415
f 404//415 442//457 405//416
f 405//416 442//457 371//381
f 406//417 437//451 465//482
f 441//456 432//444 373//383
f 372//382 432//444 440//455
f 466//483 407//418 408//419
f 467//484 441//456 407//418
f 442//457 466//483 408//419
f 440//455 362//372 409//420
f 443//458 468//485 411//422
f 468//486 412//423 411//459
f 412//423 469//487 444//460
f 374//384 444//460 419//429
f 445//59 376//59 448//59
f 427//59 376//59 446//59
f 449//464 446//461 345//355
f 413//425 447//462 470//488
f 413//129 471//129 415//129
f 472//59 447//59 414//59
f 415//489 472//489 414//489
f 448//463 379//463 445//463
f 473//490 416//490 448//490
f 416//490 473//490 426//490
f 454//491 449//464 417//427
f 474//492 417//427 418//428
f 474//492 418//428 450//465
f 444//460 450//465 419//429
f 455//471 396//404 420//430
f 455//471 420//430 402//412
f 422//433 421//431 475//493
f 423//435 422//433 476//494
f 424//466 423//435 462//479
f 421//431 425//437 451//467
f 452//129 477//129 389//129
f 426//495 478//495 452//495
f 427//438 389//468 479//468
f 427//59 446//59 428//59
f 428//59 449//59 453//59
f 453//59 449//59 429//59
f 394//402 430//469 443//458
f 393//399 469//496 443//470
f 429//59 449//59 454//59
f 474//496 393//399 454//496
f 480//497 451//467 431//443
f 480//497 431//443 441//456
f 461//478 433//445 455//471
f 456//472 433//445 461//478
f 434//446 456//472 481//498
f 457//499 434//499 482//499
f 483//500 399//500 457//500
f 458//5 399//5 484//5
f 485//501 436//501 458//501
f 465//482 437//451 459//476
f 459//5 436//5 486//5
f 460//477 461//478 438//452
f 463//502 460//477 401//411
f 461//478 455//471 402//412
f 463//480 406//417 487//503
f 439//454 462//479 476//504
f 439//454 476//504 464//481
f 404//415 464//481 442//457
f 487//503 406//417 465//482
f 466//483 467//484 407//418
f 480//497 441//456 467//484
f 442//457 464//481 466//483
f 443//470 412//496 468//496
f 443//470 469//496 412//496
f 469//487 450//465 444//460
f 448//59 376//59 473//59
f 479//59 376//59 427//59
f 428//59 446//59 449//59
f 470//488 447//462 488//505
f 470//129 489//129 413//129
f 413//129 490//129 471//129
f 472//489 415//489 471//489
f 491//59 447//59 472//59
f 478//495 426//495 473//495
f 474//492 454//491 417//427
f 469//487 474//492 450//465
f 475//493 421//431 480//497
f 476//494 422//433 475//493
f 462//479 423//435 476//504
f 421//431 451//467 480//497
f 492//129 477//129 452//129
f 477//506 479//468 389//468
f 493//507 452//507 478//507
f 393//399 474//496 469//496
f 460//477 456//472 461//478
f 456//472 460//477 481//498
f 434//446 481//498 482//508
f 483//509 457//509 482//509
f 484//510 399//510 483//510
f 484//511 494//511 458//511
f 485//512 495//512 436//512
f 458//513 496//513 485//513
f 497//514 465//482 459//476
f 495//515 486//515 436//515
f 459//5 486//5 497//5
f 460//477 463//502 481//498
f 495//516 463//502 487//503
f 464//481 476//504 466//483
f 487//503 465//482 497//514
f 466//483 498//517 467//484
f 498//517 480//497 467//484
f 473//59 376//59 479//59
f 499//59 488//59 447//59
f 470//488 488//505 500//518
f 470//129 501//129 489//129
f 413//129 489//129 490//129
f 491//519 471//519 490//519
f 471//519 491//519 472//519
f 499//59 447//59 491//59
f 479//59 478//59 473//59
f 475//493 480//497 498//517
f 476//494 475//493 498//517
f 502//129 477//129 492//129
f 452//507 493//507 492//507
f 479//468 477//506 503//506
f 503//59 493//59 478//59
f 482//508 481//498 495//516
f 496//520 483//520 482//520
f 484//521 483//521 494//521
f 458//522 494//522 496//522
f 496//523 495//523 485//523
f 495//516 487//503 486//524
f 486//524 487//503 497//514
f 481//498 463//502 495//516
f 466//483 476//504 498//517
f 504//59 488//59 499//59
f 488//505 505//525 500//518
f 500//129 501//129 470//129
f 504//526 489//527 501//528
f 506//129 490//129 489//129
f 490//529 507//529 491//529
f 491//59 508//59 499//59
f 503//59 478//59 479//59
f 509//129 477//129 502//129
f 493//530 502//530 492//530
f 477//506 508//531 503//506
f 503//59 510//59 493//59
f 496//532 482//532 495//532
f 494//533 483//533 496//533
f 511//59 488//59 504//59
f 489//527 504//526 499//527
f 511//59 505//59 488//59
f 500//518 505//525 512//534
f 500//129 513//129 501//129
f 511//535 504//526 501//528
f 490//129 506//129 514//129
f 499//527 506//531 489//527
f 507//529 490//529 514//529
f 508//59 491//59 507//59
f 506//531 499//527 508//531
f 509//129 506//129 477//129
f 502//296 515//296 509//296
f 502//530 493//530 510//530
f 508//531 477//506 506//531
f 508//59 515//59 503//59
f 503//59 515//59 510//59
f 516//59 505//59 511//59
f 505//525 517//536 512//534
f 512//129 513//129 500//129
f 513//537 511//535 501//528
f 514//129 506//129 509//129
f 514//538 515//538 507//538
f 508//59 507//59 515//59
f 515//296 502//296 510//296
f 515//538 514//538 509//538
f 505//59 516//59 517//59
f 516//539 511//535 513//537
f 512//534 517//536 518//540
f 513//129 512//129 518//129
f 516//539 518//540 517//536
f 518//540 516//539 513//537
usemtl material_1_0
f 3//541 2//542 1//543
f 2//542 4//544 1//543
f 3//545 5//545 2//545
f 3//541 1//543 6//546
f 1//543 4//544 7//547
f 5//545 8//545 2//545
f 9//545 5//545 3//545
f 6//546 1//543 10//548
f 9//549 3//541 6//546
f 4//544 11//550 7//547
f 1//543 7//547 10//548
f 2//545 8//545 12//545
f 8//551 5//552 13//553
f 14//545 5//545 9//545
f 6//546 10//548 15//554
f 16//555 9//549 6//546
f 7//547 11//550 17//556
f 4//544 12//557 11//550
f 10//548 7//547 18//558
f 12//545 8//545 19//545
f 2//542 12//557 4//544
f 13//553 5//552 20//559
f 8//551 13//553 21//560
f 22//545 5//545 14//545
f 14//561 9//549 16//555
f 15//554 10//548 18//558
f 16//555 6//546 15//554
f 17//556 11//550 23//562
f 7//547 17//556 18//558
f 11//550 12//557 24//563
f 8//545 25//545 19//545
f 12//557 19//564 26//565
f 5//552 22//566 20//559
f 13//553 20//559 27//567
f 21//560 13//553 27//567
f 25//568 8//551 21//560
f 28//545 22//545 14//545
f 29//569 14//561 16//555
f 15//554 18//558 30//570
f 31//571 16//555 15//554
f 11//550 24//563 23//562
f 23//562 32//572 17//556
f 17//556 33//573 18//558
f 12//557 26//565 24//563
f 34//545 19//545 25//545
f 26//565 19//564 35//574
f 20//559 22//566 36//575
f 27//567 20//559 37//576
f 21//560 27//567 38//577
f 25//568 21//560 39//578
f 40//545 22//545 28//545
f 28//579 14//561 29//569
f 29//569 16//555 31//571
f 18//558 41//580 30//570
f 31//571 15//554 30//570
f 23//562 24//563 42//581
f 17//556 32//572 33//573
f 32//572 23//562 43//582
f 18//558 33//573 41//580
f 44//583 24//563 26//565
f 34//584 35//584 19//584
f 34//585 25//568 39//578
f 26//565 35//574 45//586
f 22//566 46//587 36//575
f 20//559 36//575 37//576
f 27//567 37//576 47//588
f 38//577 27//567 48//589
f 39//578 21//560 38//577
f 46//545 22//545 40//545
f 40//590 28//579 49//591
f 28//579 29//569 49//591
f 49//591 29//569 31//571
f 30//570 41//580 50//592
f 51//593 31//571 30//570
f 24//563 44//583 42//581
f 42//581 43//582 23//562
f 32//572 52//594 33//573
f 43//582 53//595 32//572
f 33//573 54//596 41//580
f 44//583 26//565 45//586
f 34//597 55//597 35//597
f 56//598 34//585 39//578
f 45//129 35//129 57//129
f 46//587 58//599 36//575
f 37//576 36//575 59//600
f 47//588 37//576 60//601
f 27//567 47//588 48//589
f 61//602 38//577 48//589
f 62//603 39//578 38//577
f 63//545 46//545 40//545
f 40//590 49//591 64//604
f 49//591 31//571 65//605
f 41//580 66//606 50//592
f 51//593 30//570 50//592
f 65//605 31//571 51//593
f 42//581 44//583 67//607
f 42//581 68//608 43//582
f 33//573 52//594 54//596
f 32//572 53//595 52//594
f 53//595 43//582 69//609
f 41//580 54//596 66//606
f 44//583 45//586 67//607
f 70//610 35//610 55//610
f 55//545 34//545 71//545
f 72//611 34//585 56//598
f 56//598 39//578 62//603
f 35//129 73//129 57//129
f 74//129 45//129 57//129
f 36//575 58//599 59//600
f 46//587 63//612 58//599
f 60//601 37//576 59//600
f 75//613 47//588 60//601
f 48//589 47//588 76//614
f 62//603 38//577 61//602
f 61//602 48//589 77//615
f 78//545 63//545 40//545
f 64//604 49//591 79//616
f 78//617 40//590 64//604
f 49//591 65//605 79//616
f 50//592 66//606 80//618
f 51//593 50//592 81//619
f 79//616 65//605 51//593
f 42//581 67//607 68//608
f 68//608 82//620 43//582
f 52//594 83//621 54//596
f 53//595 84//622 52//594
f 82//620 69//609 43//582
f 53//595 69//609 84//622
f 54//596 85//623 66//606
f 67//129 45//129 86//129
f 35//624 70//624 73//624
f 87//625 70//626 55//627
f 34//545 72//545 71//545
f 88//628 55//627 71//629
f 89//630 72//611 56//598
f 90//631 56//598 62//603
f 57//129 73//129 91//129
f 86//129 45//129 74//129
f 74//632 57//632 92//632
f 58//599 93//633 59//600
f 63//612 94//634 58//599
f 60//601 59//600 95//635
f 76//614 47//588 75//613
f 75//613 60//601 96//636
f 77//615 48//589 76//614
f 90//631 62//603 61//602
f 97//637 61//602 77//615
f 98//545 63//545 78//545
f 99//638 64//604 79//616
f 100//639 78//617 64//604
f 66//606 101//640 80//618
f 50//592 80//618 102//641
f 81//619 50//592 102//641
f 51//593 81//619 79//616
f 68//129 67//129 103//129
f 82//129 68//129 104//129
f 83//621 85//623 54//596
f 52//594 105//642 83//621
f 52//594 84//622 106//643
f 69//129 82//129 107//129
f 69//644 108//644 84//644
f 66//606 85//623 101//640
f 109//129 67//129 86//129
f 110//624 73//624 70//624
f 111//645 70//626 87//625
f 87//625 55//627 88//628
f 71//545 72//545 112//545
f 113//646 88//628 71//629
f 89//630 114//647 72//611
f 89//630 56//598 90//631
f 73//129 115//129 91//129
f 91//648 116//648 57//648
f 74//649 92//649 86//649
f 117//632 92//632 57//632
f 95//635 59//600 93//633
f 58//599 118//650 93//633
f 58//599 94//634 118//650
f 63//612 98//651 94//634
f 96//636 60//601 95//635
f 76//614 75//613 119//652
f 75//613 96//636 120//653
f 77//615 76//614 119//652
f 121//654 90//631 61//602
f 121//654 61//602 97//637
f 97//637 77//615 122//655
f 123//545 98//545 78//545
f 100//639 64//604 99//638
f 79//616 124//656 99//638
f 125//657 78//617 100//639
f 80//618 101//640 126//658
f 102//641 80//618 127//659
f 81//619 102//641 124//656
f 79//616 81//619 124//656
f 103//129 67//129 128//129
f 129//129 68//129 103//129
f 104//129 68//129 129//129
f 130//129 82//129 104//129
f 85//623 83//621 131//660
f 105//661 132//662 83//663
f 52//594 106//643 105//642
f 106//644 84//644 133//644
f 107//129 82//129 130//129
f 108//129 69//129 107//129
f 133//644 84//644 108//644
f 85//623 134//664 101//640
f 128//129 67//129 109//129
f 86//665 135//665 109//665
f 110//666 136//667 73//666
f 70//59 111//59 110//59
f 137//668 111//645 87//625
f 138//669 87//625 88//628
f 72//545 114//545 112//545
f 113//646 71//629 112//670
f 138//669 88//628 113//646
f 139//671 114//647 89//630
f 139//671 89//630 90//631
f 91//129 115//129 140//129
f 115//672 73//666 136//667
f 117//648 57//648 116//648
f 91//673 140//673 116//673
f 135//649 86//649 92//649
f 92//59 117//59 141//59
f 95//635 93//633 142//674
f 142//674 93//633 118//650
f 94//634 143//675 118//650
f 98//651 144//676 94//634
f 96//636 95//635 145//677
f 119//652 75//613 120//653
f 120//653 96//636 145//677
f 122//655 77//615 119//652
f 139//671 90//631 121//654
f 146//678 121//654 97//637
f 147//679 97//637 122//655
f 98//651 123//680 144//676
f 148//545 123//545 78//545
f 149//681 100//639 99//638
f 99//638 124//656 150//682
f 125//545 151//545 78//545
f 152//683 125//657 100//639
f 101//640 153//684 126//658
f 80//618 126//658 127//659
f 102//641 127//659 154//685
f 124//656 102//641 154//685
f 128//686 155//686 103//687
f 103//687 156//687 129//688
f 104//689 129//688 157//689
f 130//690 104//689 158//690
f 83//663 159//691 131//692
f 85//623 131//660 134//664
f 83//663 132//662 159//691
f 105//661 160//693 132//662
f 106//643 161//694 105//642
f 162//644 106//644 133//644
f 107//695 130//690 163//695
f 108//696 107//695 164//696
f 133//697 108//696 165//697
f 101//640 134//664 166//698
f 109//129 167//129 128//129
f 168//665 109//665 135//665
f 110//59 116//59 136//59
f 169//59 110//59 111//59
f 169//699 111//645 137//668
f 137//668 87//625 138//669
f 112//545 114//545 170//545
f 113//646 112//670 171//700
f 172//701 138//669 113//646
f 140//129 115//129 173//129
f 174//702 115//672 136//667
f 117//59 116//59 110//59
f 175//673 116//673 140//673
f 135//59 92//59 141//59
f 141//59 117//59 110//59
f 95//635 142//674 145//677
f 142//674 118//650 176//703
f 176//703 118//650 143//675
f 94//634 144//676 143//675
f 119//652 120//653 177//704
f 178//705 120//653 145//677
f 179//706 122//655 119//652
f 180//707 139//671 121//654
f 146//678 180//707 121//654
f 147//679 146//678 97//637
f 181//708 147//679 122//655
f 123//680 182//709 144//676
f 123//680 148//710 182//709
f 151//545 148//545 78//545
f 152//683 100//639 149//681
f 99//638 150//682 149//681
f 150//682 124//656 154//685
f 183//545 151//545 125//545
f 184//711 125//657 152//683
f 126//658 153//684 185//712
f 101//640 166//698 153//684
f 127//659 126//658 186//713
f 154//685 127//659 187//714
f 156//687 103//687 155//686
f 155//686 128//686 188//715
f 189//688 129//688 156//687
f 189//688 157//689 129//688
f 157//689 158//690 104//689
f 158//690 163//695 130//690
f 159//691 190//716 131//692
f 134//717 131//692 190//716
f 132//662 191//718 159//691
f 132//662 160//693 192//719
f 161//720 160//693 105//661
f 106//643 162//721 161//694
f 193//644 162//644 133//644
f 163//695 164//696 107//695
f 164//696 165//697 108//696
f 165//722 194//723 133//724
f 134//717 195//725 166//726
f 167//129 196//129 128//129
f 109//727 168//727 167//727
f 168//59 135//59 141//59
f 116//59 175//59 136//59
f 110//728 169//728 141//728
f 169//699 137//668 141//729
f 137//668 138//669 197//730
f 114//545 198//545 170//545
f 112//670 170//731 199//732
f 171//700 112//670 199//732
f 200//733 113//646 171//700
f 197//730 138//669 172//701
f 172//701 113//646 200//733
f 174//129 173//129 115//129
f 140//495 173//495 175//495
f 201//734 174//702 136//667
f 145//677 142//674 176//703
f 176//703 143//675 202//735
f 144//676 202//735 143//675
f 177//704 120//653 178//705
f 203//736 119//652 177//704
f 178//705 145//677 204//737
f 181//708 122//655 179//706
f 203//736 179//706 119//652
f 180//707 205//738 139//671
f 146//678 206//739 180//707
f 207//740 146//678 147//679
f 208//741 147//679 181//708
f 144//676 182//709 202//735
f 148//710 209//742 182//709
f 148//710 151//743 209//742
f 210//744 152//683 149//681
f 149//681 150//682 211//745
f 150//682 154//685 211//745
f 183//746 212//747 151//743
f 213//545 183//545 125//545
f 184//545 214//545 125//545
f 215//748 184//711 152//683
f 153//684 216//749 185//712
f 126//658 185//712 186//713
f 166//698 217//750 153//684
f 127//659 186//713 187//714
f 211//745 154//685 187//714
f 156//59 155//59 141//59
f 218//715 188//715 128//686
f 155//59 188//59 219//59
f 189//59 156//59 141//59
f 157//59 189//59 141//59
f 158//59 157//59 141//59
f 163//59 158//59 141//59
f 159//691 191//718 190//716
f 134//717 190//716 195//725
f 132//662 192//719 191//718
f 160//693 220//751 192//719
f 161//720 221//752 160//693
f 162//753 222//753 161//753
f 162//754 193//754 222//754
f 193//755 133//724 223//756
f 164//59 163//59 224//59
f 164//757 224//757 165//757
f 133//724 194//723 225//758
f 226//759 194//723 165//722
f 166//726 195//725 227//760
f 196//129 228//129 128//129
f 167//761 229//761 196//761
f 229//727 167//727 168//727
f 155//59 168//59 141//59
f 175//59 230//59 136//59
f 137//668 231//762 141//729
f 137//668 197//730 231//762
f 198//545 232//545 170//545
f 233//763 198//764 114//647
f 199//732 170//731 234//765
f 235//766 171//700 199//732
f 200//733 171//700 236//767
f 197//730 172//701 237//768
f 237//768 172//701 200//733
f 173//129 174//129 238//129
f 230//495 175//495 173//495
f 239//769 174//702 201//734
f 136//59 240//59 201//59
f 145//677 176//703 204//737
f 176//703 202//735 241//770
f 177//704 178//705 242//771
f 243//772 203//736 177//704
f 242//771 178//705 204//737
f 181//708 179//706 244//773
f 179//706 203//736 245//774
f 205//738 114//647 139//671
f 246//775 205//738 180//707
f 246//775 180//707 206//739
f 206//739 146//678 207//740
f 207//740 147//679 247//776
f 248//777 147//679 208//741
f 208//778 181//779 249//780
f 182//709 250//781 202//735
f 182//709 209//742 250//781
f 212//747 209//742 151//743
f 215//748 152//683 210//744
f 149//681 211//745 210//744
f 183//746 251//782 212//747
f 213//783 251//782 183//746
f 214//545 213//545 125//545
f 252//545 214//545 184//545
f 253//784 184//711 215//748
f 185//712 216//749 254//785
f 153//684 255//786 216//749
f 186//713 185//712 256//787
f 217//750 257//788 153//684
f 166//726 227//760 217//789
f 187//714 186//713 256//787
f 211//745 187//714 258//790
f 218//715 238//791 188//715
f 128//129 228//129 218//129
f 219//59 188//59 259//59
f 260//59 155//59 219//59
f 224//59 163//59 141//59
f 191//718 261//792 190//716
f 190//716 262//793 195//725
f 191//718 192//719 261//792
f 192//719 220//751 263//794
f 160//693 264//795 220//751
f 221//752 264//795 160//693
f 161//720 223//756 221//752
f 222//796 223//756 161//720
f 222//796 193//755 223//756
f 223//756 133//724 264//795
f 265//757 165//757 224//757
f 194//723 266//797 225//758
f 133//724 225//758 264//795
f 226//759 267//798 194//723
f 226//757 165//757 265//757
f 195//725 268//799 227//760
f 228//800 196//800 219//800
f 260//761 196//761 229//761
f 168//59 155//59 229//59
f 230//59 240//59 136//59
f 141//729 231//762 224//801
f 197//730 269//802 231//762
f 270//545 170//545 232//545
f 232//803 198//764 271//804
f 233//763 271//804 198//764
f 234//765 170//731 270//805
f 272//806 199//732 234//765
f 236//767 171//700 235//766
f 235//766 199//732 272//806
f 236//767 273//807 200//733
f 197//730 237//768 274//808
f 237//768 200//733 273//807
f 238//129 174//129 275//129
f 276//129 173//129 238//129
f 173//490 276//490 230//490
f 174//129 239//129 275//129
f 277//809 239//769 201//734
f 240//59 278//59 201//59
f 204//737 176//703 241//770
f 241//770 202//735 250//781
f 279//810 177//704 242//771
f 280//811 203//736 243//772
f 243//772 177//704 279//810
f 242//771 204//737 281//812
f 244//773 179//706 245//774
f 282//813 181//779 244//814
f 245//774 203//736 280//811
f 246//775 283//815 205//738
f 284//816 246//775 206//739
f 207//740 285//817 206//739
f 247//776 147//679 248//777
f 285//817 207//740 247//776
f 286//818 248//818 208//818
f 287//819 208//778 249//780
f 288//820 250//781 209//742
f 212//747 288//820 209//742
f 215//748 210//744 289//821
f 210//744 211//745 289//821
f 251//782 290//822 212//747
f 213//783 291//823 251//782
f 214//824 291//823 213//783
f 252//825 292//826 214//824
f 293//545 252//545 184//545
f 253//545 293//545 184//545
f 253//784 215//748 294//827
f 216//749 295//828 254//785
f 185//712 254//785 256//787
f 255//786 296//829 216//749
f 257//788 255//786 153//684
f 217//789 227//760 257//830
f 187//714 256//787 258//790
f 289//821 211//745 258//790
f 297//831 188//715 238//791
f 218//129 298//129 238//129
f 228//129 298//129 218//129
f 188//59 297//59 259//59
f 259//832 298//832 219//832
f 229//59 155//59 260//59
f 260//800 219//800 196//800
f 190//716 261//792 299//833
f 195//725 262//793 268//799
f 262//793 190//716 299//833
f 192//719 300//834 261//792
f 263//794 220//751 301//835
f 192//719 263//794 300//834
f 264//795 225//758 220//751
f 223//756 264//795 221//752
f 224//801 302//836 265//837
f 225//758 266//797 303//838
f 304//839 266//797 194//723
f 267//798 305//840 194//723
f 226//841 265//837 267//841
f 227//760 268//799 306//842
f 228//832 219//832 298//832
f 240//59 230//59 297//59
f 231//762 269//802 224//801
f 197//730 274//808 269//802
f 307//843 270//843 232//843
f 307//844 232//844 271//844
f 308//845 271//804 233//763
f 234//765 270//805 309//846
f 272//806 234//765 310//847
f 235//766 311//848 236//767
f 312//849 235//766 272//806
f 236//767 311//848 273//807
f 237//768 313//850 274//808
f 237//768 273//807 313//850
f 238//791 275//851 240//852
f 298//129 276//129 238//129
f 314//490 230//490 276//490
f 275//129 239//129 315//129
f 277//809 316//853 239//769
f 201//59 317//59 277//59
f 278//59 317//59 201//59
f 240//852 275//851 278//854
f 204//737 241//770 281//812
f 241//770 250//781 288//820
f 279//810 242//771 281//812
f 318//855 280//811 243//772
f 243//772 279//810 319//856
f 245//857 320//858 244//814
f 249//780 181//779 282//813
f 282//813 244//814 320//858
f 321//859 245//857 280//860
f 283//815 233//763 205//738
f 114//647 205//738 233//763
f 246//775 308//845 283//815
f 322//861 246//775 284//816
f 284//816 206//739 285//817
f 248//862 323//863 247//862
f 285//862 247//862 323//863
f 324//864 248//864 286//864
f 286//865 208//778 287//819
f 287//819 249//780 325//866
f 288//820 212//747 290//822
f 294//827 215//748 289//821
f 251//782 291//823 290//822
f 292//826 291//823 214//824
f 292//867 252//867 326//867
f 252//868 293//868 326//868
f 327//545 293//545 253//545
f 253//784 294//827 327//869
f 254//785 295//828 328//870
f 216//749 329//871 295//828
f 256//787 254//785 330//872
f 296//829 331//873 216//749
f 255//874 332//875 296//876
f 257//830 333//877 255//874
f 227//760 306//842 257//830
f 258//790 256//787 334//878
f 289//821 258//790 335//879
f 297//831 238//791 240//852
f 259//59 297//59 314//59
f 259//880 314//880 298//880
f 261//792 336//881 299//833
f 262//793 299//833 268//799
f 261//792 300//834 336//881
f 220//751 337//882 301//835
f 263//794 301//835 338//883
f 263//794 338//883 300//834
f 225//758 303//838 220//751
f 302//836 339//884 265//837
f 224//801 269//802 302//836
f 340//885 303//838 266//797
f 304//839 341//886 266//797
f 305//840 304//839 194//723
f 305//887 267//841 265//837
f 268//799 299//833 306//842
f 314//59 297//59 230//59
f 269//802 274//808 342//888
f 309//846 270//805 307//889
f 307//890 271//890 343//890
f 308//59 344//59 271//59
f 283//815 308//845 233//763
f 310//847 234//765 309//846
f 272//806 310//847 345//891
f 311//848 235//766 312//849
f 312//849 272//806 346//892
f 311//848 347//893 273//807
f 274//808 313//850 342//888
f 273//807 348//894 313//850
f 276//880 298//880 314//880
f 315//129 239//129 349//129
f 278//854 275//851 315//895
f 239//129 316//129 349//129
f 350//896 316//853 277//809
f 317//59 351//59 277//59
f 317//897 278//854 315//895
f 281//812 241//770 352//898
f 352//898 241//770 288//820
f 353//899 279//810 281//812
f 280//860 318//900 354//901
f 355//902 318//855 243//772
f 319//856 279//810 353//899
f 356//903 243//772 319//856
f 320//858 245//857 321//859
f 357//904 249//780 282//813
f 357//904 282//813 320//858
f 321//859 280//860 354//901
f 322//861 308//845 246//775
f 284//59 358//59 322//59
f 285//59 359//59 284//59
f 324//862 323//863 248//862
f 323//59 359//59 285//59
f 324//905 286//865 360//906
f 361//907 286//865 287//819
f 325//866 249//780 357//904
f 362//908 287//819 325//866
f 352//898 288//820 290//822
f 294//827 289//821 335//879
f 291//823 363//909 290//822
f 292//826 363//909 291//823
f 364//910 292//910 326//910
f 365//911 326//911 293//911
f 366//545 293//545 327//545
f 327//869 294//827 367//912
f 295//828 368//913 328//870
f 254//785 328//870 330//872
f 295//828 329//871 368//913
f 216//749 369//914 329//871
f 256//787 330//872 334//878
f 331//873 369//914 216//749
f 332//875 331//915 296//876
f 333//877 332//875 255//874
f 306//842 333//877 257//830
f 258//790 334//878 370//916
f 335//879 258//790 370//916
f 299//833 336//881 306//842
f 336//881 300//834 371//917
f 337//882 372//918 301//835
f 220//751 303//838 337//882
f 301//835 373//919 338//883
f 300//834 338//883 371//917
f 339//884 374//920 265//837
f 302//836 342//888 339//884
f 269//802 342//888 302//836
f 303//838 340//885 337//882
f 375//921 340//885 266//797
f 341//886 375//921 266//797
f 305//840 341//886 304//839
f 374//920 305//887 265//837
f 309//846 307//889 376//922
f 377//890 343//890 271//890
f 307//129 343//129 378//129
f 271//59 344//59 377//59
f 379//59 344//59 308//59
f 310//847 309//846 345//891
f 346//892 272//806 345//891
f 311//848 312//849 347//893
f 312//849 346//892 380//923
f 273//807 347//893 348//894
f 342//888 313//850 381//924
f 313//850 348//894 381//924
f 349//925 351//925 315//895
f 382//129 349//129 316//129
f 350//896 382//926 316//853
f 350//59 277//59 351//59
f 317//897 315//895 351//925
f 281//812 352//898 383//927
f 353//899 281//812 383//927
f 354//901 318//900 355//928
f 355//902 243//772 356//903
f 319//856 353//899 384//929
f 385//930 356//903 319//856
f 386//931 320//858 321//859
f 357//904 320//858 387//932
f 388//933 321//859 354//901
f 322//59 389//59 308//59
f 358//59 390//59 322//59
f 391//59 358//59 284//59
f 359//59 391//59 284//59
f 392//934 323//863 324//862
f 359//935 323//863 393//936
f 360//906 286//865 361//907
f 324//905 360//906 392//937
f 394//938 361//907 287//819
f 325//866 357//904 387//932
f 394//938 287//819 362//908
f 362//908 325//866 395//939
f 352//898 290//822 396//940
f 294//827 335//879 367//912
f 396//940 290//822 363//909
f 292//826 397//941 363//909
f 364//942 397//941 292//826
f 364//943 326//943 365//943
f 398//944 365//944 293//944
f 398//945 293//945 366//945
f 399//545 366//545 327//545
f 327//869 367//912 400//946
f 328//870 368//913 401//947
f 330//872 328//870 401//947
f 329//871 402//948 368//913
f 369//914 319//856 329//871
f 330//872 401//947 334//878
f 403//949 369//950 331//915
f 332//875 403//949 331//915
f 333//877 404//951 332//875
f 306//842 405//952 333//877
f 370//916 334//878 406//953
f 335//879 370//916 367//912
f 336//881 371//917 306//842
f 301//835 372//918 373//919
f 337//882 340//885 372//918
f 373//919 407//954 338//883
f 338//883 408//955 371//917
f 381//924 374//920 339//884
f 342//888 381//924 339//884
f 340//885 375//921 409//956
f 341//886 410//957 375//921
f 305//840 411//958 341//886
f 374//920 412//959 305//887
f 376//129 307//129 378//129
f 345//891 309//846 376//922
f 377//960 413//961 343//960
f 378//129 343//129 414//129
f 344//59 415//59 377//59
f 344//962 379//962 378//962
f 416//59 379//59 308//59
f 346//892 345//891 417//963
f 312//849 380//923 347//893
f 346//892 418//964 380//923
f 348//894 347//893 419//965
f 381//924 348//894 374//920
f 351//925 349//925 350//896
f 382//926 350//896 349//925
f 383//927 352//898 396//940
f 353//899 383//927 420//966
f 421//967 354//901 355//928
f 422//968 355//928 356//969
f 384//929 353//899 402//948
f 319//856 384//929 329//871
f 423//970 356//969 385//971
f 424//972 385//930 319//856
f 320//858 386//931 425//973
f 386//931 321//859 388//933
f 387//932 320//858 425//973
f 388//933 354//901 421//967
f 308//59 389//59 426//59
f 390//59 389//59 322//59
f 390//974 358//975 427//974
f 358//975 391//976 428//975
f 429//977 391//976 359//935
f 323//863 392//934 430//978
f 323//863 430//978 393//936
f 429//977 359//935 393//936
f 360//906 361//907 394//938
f 360//906 394//938 392//937
f 431//979 325//866 387//932
f 410//957 394//938 362//908
f 395//939 325//866 431//979
f 362//908 395//939 432//980
f 396//940 363//909 433//981
f 397//941 433//981 363//909
f 364//942 434//982 397//941
f 364//983 365//983 435//983
f 365//984 398//984 435//984
f 435//985 398//985 366//985
f 435//986 366//986 399//986
f 436//545 399//545 327//545
f 400//946 367//912 437//987
f 400//545 436//545 327//545
f 368//913 438//988 401//947
f 368//913 402//948 438//989
f 329//871 384//929 402//948
f 369//914 424//972 319//856
f 334//878 401//947 406//953
f 403//949 439//990 369//950
f 404//951 403//949 332//875
f 405//952 404//951 333//877
f 371//917 405//952 306//842
f 370//916 406//953 437//987
f 437//987 367//912 370//916
f 372//918 432//980 373//919
f 340//885 440//991 372//918
f 338//883 407//954 408//955
f 373//919 441//992 407//954
f 371//917 408//955 442//993
f 410//957 409//956 375//921
f 340//885 409//956 440//991
f 341//886 443//994 410//957
f 411//958 443//994 341//886
f 412//959 411//995 305//887
f 374//920 444//996 412//959
f 445//129 376//129 378//129
f 345//891 376//922 446//997
f 447//998 343//960 413//961
f 377//59 415//59 413//59
f 343//129 447//129 414//129
f 414//648 415//648 378//648
f 344//648 378//648 415//648
f 445//962 378//962 379//962
f 416//999 448//999 379//999
f 426//59 416//59 308//59
f 417//963 345//891 449//1000
f 346//892 417//963 418//964
f 347//893 380//923 450//1001
f 380//923 418//964 450//1001
f 347//893 450//1001 419//965
f 348//894 419//965 374//920
f 420//966 383//927 396//940
f 353//899 420//966 402//948
f 422//968 421//967 355//928
f 423//970 422//968 356//969
f 423//970 385//971 424//1002
f 425//973 386//931 388//933
f 451//1003 387//932 425//973
f 425//973 388//933 421//967
f 426//59 389//59 452//59
f 390//974 427//974 389//1004
f 428//975 427//974 358//975
f 453//690 428//975 391//976
f 453//690 391//976 429//977
f 430//1005 392//937 394//938
f 443//1006 393//936 430//978
f 393//129 454//129 429//129
f 431//979 387//932 451//1003
f 443//994 394//938 410//957
f 409//956 410//957 362//908
f 395//939 431//979 441//992
f 432//980 395//939 441//992
f 440//991 362//908 432//980
f 455//1007 396//940 433//981
f 456//1008 433//981 397//941
f 434//982 456//1008 397//941
f 434//1009 364//1009 457//1009
f 364//1010 435//1010 457//1010
f 457//1011 435//1011 399//1011
f 458//545 399//545 436//545
f 400//946 437//987 459//1012
f 400//545 459//545 436//545
f 401//947 438//988 460//1013
f 402//948 461//1014 438//989
f 462//1015 424//1002 369//950
f 401//947 463//1016 406//953
f 439//990 462//1015 369//950
f 464//1017 439//990 403//949
f 404//951 464//1017 403//949
f 405//952 442//993 404//951
f 371//917 442//993 405//952
f 465//1018 437//987 406//953
f 373//919 432//980 441//992
f 440//991 432//980 372//918
f 408//955 407//954 466//1019
f 407//954 441//992 467//1020
f 408//955 466//1019 442//993
f 409//956 362//908 440//991
f 411//958 468//1021 443//994
f 411//995 412//959 468//1022
f 444//996 469//1023 412//959
f 419//965 444//996 374//920
f 448//129 376//129 445//129
f 446//129 376//129 427//129
f 345//891 446//997 449//1000
f 470//1024 447//998 413//961
f 415//59 471//59 413//59
f 414//129 447//129 472//129
f 414//1025 472//1025 415//1025
f 445//999 379//999 448//999
f 448//272 416//272 473//272
f 426//272 473//272 416//272
f 417//963 449//1000 454//1026
f 418//964 417//963 474//1027
f 450//1001 418//964 474//1027
f 419//965 450//1001 444//996
f 420//966 396//940 455//1007
f 402//948 420//966 455//1007
f 475//1028 421//967 422//968
f 476//1029 422//968 423//970
f 462//1015 423//970 424//1002
f 451//1003 425//973 421//967
f 389//59 477//59 452//59
f 452//196 478//196 426//196
f 479//1004 389//1004 427//974
f 428//129 446//129 427//129
f 453//129 449//129 428//129
f 429//129 449//129 453//129
f 443//994 430//1005 394//938
f 443//1006 469//1030 393//936
f 454//129 449//129 429//129
f 454//1030 393//936 474//1030
f 431//979 451//1003 480//1031
f 441//992 431//979 480//1031
f 455//1007 433//981 461//1014
f 461//1014 433//981 456//1008
f 481//1032 456//1008 434//982
f 482//1033 434//1033 457//1033
f 457//1034 399//1034 483//1034
f 484//545 399//545 458//545
f 458//1035 436//1035 485//1035
f 459//1012 437//987 465//1018
f 486//545 436//545 459//545
f 438//988 461//1014 460//1013
f 401//947 460//1013 463//1036
f 402//948 455//1007 461//1014
f 487//1037 406//953 463//1016
f 476//1038 462//1015 439//990
f 464//1017 476//1038 439//990
f 442//993 464//1017 404//951
f 465//1018 406//953 487//1037
f 407//954 467//1020 466//1019
f 467//1020 441//992 480//1031
f 466//1019 464//1017 442//993
f 468//1030 412//1030 443//1006
f 412//1030 469//1030 443//1006
f 444//996 450//1001 469//1023
f 473//129 376//129 448//129
f 427//129 376//129 479//129
f 449//129 446//129 428//129
f 488//1039 447//998 470//1024
f 413//59 489//59 470//59
f 471//59 490//59 413//59
f 471//1025 415//1025 472//1025
f 472//129 447//129 491//129
f 473//196 426//196 478//196
f 417//963 454//1026 474//1027
f 450//1001 474//1027 469//1023
f 480//1031 421//967 475//1028
f 475//1028 422//968 476//1029
f 476//1038 423//970 462//1015
f 480//1031 451//1003 421//967
f 452//59 477//59 492//59
f 389//1004 479//1004 477//1040
f 478//1041 452//1041 493//1041
f 469//1030 474//1030 393//936
f 461//1014 456//1008 460//1013
f 481//1032 460//1013 456//1008
f 482//1042 481//1032 434//982
f 482//1043 457//1043 483//1043
f 483//1044 399//1044 484//1044
f 458//1045 494//1045 484//1045
f 436//1046 495//1046 485//1046
f 485//1047 496//1047 458//1047
f 459//1012 465//1018 497//1048
f 436//1049 486//1049 495//1049
f 497//545 486//545 459//545
f 481//1032 463//1036 460//1013
f 487//1037 463//1036 495//1050
f 466//1019 476//1038 464//1017
f 497//1048 465//1018 487//1037
f 467//1020 498//1051 466//1019
f 467//1020 480//1031 498//1051
f 479//129 376//129 473//129
f 447//129 488//129 499//129
f 500//1052 488//1039 470//1024
f 489//59 501//59 470//59
f 490//59 489//59 413//59
f 490//1053 471//1053 491//1053
f 472//1053 491//1053 471//1053
f 491//129 447//129 499//129
f 473//129 478//129 479//129
f 498//1051 480//1031 475//1028
f 498//1051 475//1028 476//1029
f 492//59 477//59 502//59
f 492//1041 493//1041 452//1041
f 503//1040 477//1040 479//1004
f 478//129 493//129 503//129
f 495//1050 481//1032 482//1042
f 482//1054 483//1054 496//1054
f 494//1055 483//1055 484//1055
f 496//1056 494//1056 458//1056
f 485//1057 495//1057 496//1057
f 486//1058 487//1037 495//1050
f 497//1048 487//1037 486//1058
f 495//1050 463//1036 481//1032
f 498//1051 476//1038 466//1019
f 499//129 488//129 504//129
f 500//1052 505//1059 488//1039
f 470//59 501//59 500//59
f 501//1060 489//1061 504//1062
f 489//59 490//59 506//59
f 491//1063 507//1063 490//1063
f 499//129 508//129 491//129
f 479//129 478//129 503//129
f 502//59 477//59 509//59
f 492//1064 502//1064 493//1064
f 503//1040 508//1065 477//1040
f 493//129 510//129 503//129
f 495//1066 482//1066 496//1066
f 496//1067 483//1067 494//1067
f 504//129 488//129 511//129
f 499//1061 504//1062 489//1061
f 488//129 505//129 511//129
f 512//1068 505//1059 500//1052
f 501//59 513//59 500//59
f 501//1060 504//1062 511//1069
f 514//59 506//59 490//59
f 489//1061 506//1065 499//1061
f 514//1063 490//1063 507//1063
f 507//129 491//129 508//129
f 508//1065 499//1061 506//1065
f 477//59 506//59 509//59
f 509//832 515//832 502//832
f 510//1064 493//1064 502//1064
f 506//1065 477//1040 508//1065
f 503//129 515//129 508//129
f 510//129 515//129 503//129
f 511//129 505//129 516//129
f 512//1068 517//1070 505//1059
f 500//59 513//59 512//59
f 501//1060 511//1069 513//1071
f 509//59 506//59 514//59
f 507//1072 515//1072 514//1072
f 515//129 507//129 508//129
f 510//832 502//832 515//832
f 509//1072 514//1072 515//1072
f 517//129 516//129 505//129
f 513//1071 511//1069 516//1073
f 518//1074 517//1070 512//1068
f 518//59 512//59 513//59
f 517//1070 518//1074 516//1073
f 513//1071 516//1073 518//1074
